{"n": 324, "no_trees": 20, "depth": 4, "C": 0.06, "ratio": 1.6, "sampling_factor": 2.4444444444444446, "n_cores": 10, "wait_time": 10000, "k": 410, "time_uncached": 5937.9865481853485, "time_cached": 5997.624522924423, "equality": false, "mse": 53.51794745975608, "true_fourier_norm_squared": 1388.8115866601522, "computed_fourier_norm_squared": 1339.2939224301272, "measurements": 9280}