{"n": 324, "no_trees": 20, "depth": 4, "C": 0.04, "ratio": 1.6, "sampling_factor": 5.555555555555555, "n_cores": 10, "wait_time": 10000, "k": 410, "time_uncached": 24.99224066734314, "time_cached": 24.87184190750122, "equality": false, "mse": 82.38627698537012, "true_fourier_norm_squared": 1388.8115866601522, "computed_fourier_norm_squared": 1296.2121976513906, "measurements": 13120}