{"n": 324, "no_trees": 20, "depth": 4, "C": 0.06, "ratio": 1.1, "sampling_factor": 3.333333333333333, "n_cores": 10, "wait_time": 10000, "k": 410, "time_uncached": 8798.733879089355, "time_cached": 8583.930264234543, "equality": false, "mse": 51.33408980755859, "true_fourier_norm_squared": 1388.8115866601522, "computed_fourier_norm_squared": 1438.360173938418, "measurements": 18912}