{"n": 324, "no_trees": 20, "depth": 3, "C": 0.2, "ratio": 3.0, "sampling_factor": 1.6, "n_cores": 10, "wait_time": 1000, "k": 50, "time_uncached": 19.006687879562378, "time_cached": 18.95176935195923, "equality": false, "mse": 30.906601839435385, "true_fourier_norm_squared": 1213.3515525643463, "computed_fourier_norm_squared": 1227.615821447746, "measurements": 1216}