{"n": 324, "no_trees": 20, "depth": 4, "C": 0.4, "ratio": 3.0, "sampling_factor": 1.6, "n_cores": 10, "wait_time": 10000, "k": 410, "time_uncached": 16239.35646891594, "time_cached": 16218.72367143631, "equality": false, "mse": 5.116350798081992, "true_fourier_norm_squared": 1388.8115866601522, "computed_fourier_norm_squared": 1390.9859035335323, "measurements": 33440}