{"n": 324, "no_trees": 20, "depth": 3, "C": 0.9, "ratio": 3.0, "sampling_factor": 1.4000000000000001, "n_cores": 10, "wait_time": 1000, "k": 50, "time_uncached": 48.68703079223633, "time_cached": 48.606122732162476, "equality": false, "mse": 0.5500589987250768, "true_fourier_norm_squared": 1213.3515525643463, "computed_fourier_norm_squared": 1211.744731485522, "measurements": 5280}