{"n": 324, "no_trees": 20, "depth": 4, "C": 0.4, "ratio": 1.1, "sampling_factor": 1.8, "n_cores": 10, "wait_time": 10000, "k": 410, "time_uncached": 22531.111794948578, "time_cached": 24825.06867790222, "equality": false, "mse": 0.22717663097007768, "true_fourier_norm_squared": 1388.8115866601522, "computed_fourier_norm_squared": 1389.0059319959414, "measurements": 82176}