{"n": 324, "no_trees": 20, "depth": 3, "C": 0.4, "ratio": 1.1, "sampling_factor": 1.8, "n_cores": 10, "wait_time": 1000, "k": 50, "time_uncached": 82.25773334503174, "time_cached": 82.24643731117249, "equality": false, "mse": 0.14413294220803616, "true_fourier_norm_squared": 1213.3515525643463, "computed_fourier_norm_squared": 1204.3507745172683, "measurements": 8160}