{"n": 324, "no_trees": 20, "depth": 3, "C": 0.6, "ratio": 1.6, "sampling_factor": 0.6000000000000001, "n_cores": 10, "wait_time": 1000, "k": 50, "time_uncached": 96.04882979393005, "time_cached": 96.0580997467041, "equality": false, "mse": 1.8289851883158403, "true_fourier_norm_squared": 1213.3515525643463, "computed_fourier_norm_squared": 1202.6139601371335, "measurements": 2320}