{"n": 324, "no_trees": 20, "depth": 4, "C": 0.6, "ratio": 3.0, "sampling_factor": 2.888888888888889, "n_cores": 10, "wait_time": 10000, "k": 410, "time_uncached": 15045.804350614548, "time_cached": 14027.689405441284, "equality": false, "mse": 3.2660703357071657, "true_fourier_norm_squared": 1388.8115866601522, "computed_fourier_norm_squared": 1393.9427658433424, "measurements": 71136}