{"n": 324, "no_trees": 20, "depth": 3, "C": 0.3, "ratio": 1.6, "sampling_factor": 0.8, "n_cores": 10, "wait_time": 1000, "k": 50, "time_uncached": 50.67262315750122, "time_cached": 50.61432242393494, "equality": false, "mse": 12.145540314827434, "true_fourier_norm_squared": 1213.3515525643463, "computed_fourier_norm_squared": 1194.7725479411413, "measurements": 1520}