{"n": 324, "no_trees": 20, "depth": 3, "C": 1.0, "ratio": 3.0, "sampling_factor": 6.0, "n_cores": 10, "wait_time": 1000, "k": 50, "time_uncached": 129.2135465145111, "time_cached": 128.23671174049377, "equality": false, "mse": 0.5887770523198036, "true_fourier_norm_squared": 1213.3515525643463, "computed_fourier_norm_squared": 1213.7188296544477, "measurements": 27168}