{"n": 324, "no_trees": 20, "depth": 4, "C": 0.06, "ratio": 3.0, "sampling_factor": 0.2, "n_cores": 10, "wait_time": 10000, "k": 410, "time_uncached": 3.747281551361084, "time_cached": 3.772427558898926, "equality": false, "mse": 833.6071700952795, "true_fourier_norm_squared": 1388.8115866601522, "computed_fourier_norm_squared": 1390.4822293206262, "measurements": 384}