{"n": 324, "no_trees": 20, "depth": 4, "C": 0.06, "ratio": 1.6, "sampling_factor": 1.0, "n_cores": 10, "wait_time": 10000, "k": 410, "time_uncached": 5829.471003293991, "time_cached": 5868.933454036713, "equality": false, "mse": 54.624716605466794, "true_fourier_norm_squared": 1388.8115866601522, "computed_fourier_norm_squared": 1451.8826776679741, "measurements": 3840}