{"n": 324, "no_trees": 20, "depth": 4, "C": 0.4, "ratio": 1.6, "sampling_factor": 2.0, "n_cores": 10, "wait_time": 10000, "k": 410, "time_uncached": 25063.256850242615, "time_cached": 22804.630048036575, "equality": false, "mse": 1.165175408406855, "true_fourier_norm_squared": 1388.8115866601522, "computed_fourier_norm_squared": 1388.3678995618195, "measurements": 60928}