{"n": 324, "no_trees": 20, "depth": 3, "C": 0.8, "ratio": 1.6, "sampling_factor": 2.888888888888889, "n_cores": 10, "wait_time": 1000, "k": 50, "time_uncached": 107.64623022079468, "time_cached": 107.79332947731018, "equality": false, "mse": 0.046451811942984964, "true_fourier_norm_squared": 1213.3515525643463, "computed_fourier_norm_squared": 1212.8624299697478, "measurements": 15232}