{"n": 324, "no_trees": 20, "depth": 3, "C": 0.2, "ratio": 1.1, "sampling_factor": 1.2, "n_cores": 10, "wait_time": 1000, "k": 50, "time_uncached": 62.569319009780884, "time_cached": 62.547816038131714, "equality": false, "mse": 6.441869105375227, "true_fourier_norm_squared": 1213.3515525643463, "computed_fourier_norm_squared": 1225.0567323439982, "measurements": 2736}