{"n": 324, "no_trees": 20, "depth": 4, "C": 0.04, "ratio": 1.6, "sampling_factor": 0.4, "n_cores": 10, "wait_time": 10000, "k": 410, "time_uncached": 100.91862463951111, "time_cached": 105.96066641807556, "equality": false, "mse": 830.6311291866355, "true_fourier_norm_squared": 1388.8115866601522, "computed_fourier_norm_squared": 1809.6986633200274, "measurements": 960}