{"n": 324, "no_trees": 20, "depth": 3, "C": 0.2, "ratio": 1.6, "sampling_factor": 1.4000000000000001, "n_cores": 10, "wait_time": 1000, "k": 50, "time_uncached": 54.70773434638977, "time_cached": 53.57802486419678, "equality": false, "mse": 22.35957728790682, "true_fourier_norm_squared": 1213.3515525643463, "computed_fourier_norm_squared": 1230.8231038950041, "measurements": 2112}