{"n": 324, "no_trees": 20, "depth": 3, "C": 0.5, "ratio": 1.6, "sampling_factor": 4.222222222222222, "n_cores": 10, "wait_time": 1000, "k": 50, "time_uncached": 214.71312260627747, "time_cached": 214.954341173172, "equality": false, "mse": 1.3306960262778351, "true_fourier_norm_squared": 1213.3515525643463, "computed_fourier_norm_squared": 1217.6114236977603, "measurements": 12736}