{"n": 324, "no_trees": 20, "depth": 4, "C": 0.1, "ratio": 1.6, "sampling_factor": 5.111111111111111, "n_cores": 10, "wait_time": 10000, "k": 410, "time_uncached": 2010.7840173244476, "time_cached": 1952.1660475730896, "equality": false, "mse": 46.87574608042332, "true_fourier_norm_squared": 1388.8115866601522, "computed_fourier_norm_squared": 1433.9155758880652, "measurements": 38656}