{"n": 324, "no_trees": 20, "depth": 3, "C": 0.2, "ratio": 1.6, "sampling_factor": 1.2, "n_cores": 10, "wait_time": 1000, "k": 50, "time_uncached": 45.1574809551239, "time_cached": 45.15400052070618, "equality": false, "mse": 24.94323727865536, "true_fourier_norm_squared": 1213.3515525643463, "computed_fourier_norm_squared": 1257.7308690236696, "measurements": 1824}