{"n": 324, "no_trees": 20, "depth": 4, "C": 0.1, "ratio": 1.6, "sampling_factor": 0.6000000000000001, "n_cores": 10, "wait_time": 10000, "k": 410, "time_uncached": 8344.501009225845, "time_cached": 8198.196678638458, "equality": false, "mse": 40.06237500474965, "true_fourier_norm_squared": 1388.8115866601522, "computed_fourier_norm_squared": 1379.224356018491, "measurements": 4608}