{"n": 324, "no_trees": 20, "depth": 4, "C": 0.15, "ratio": 1.6, "sampling_factor": 4.666666666666666, "n_cores": 10, "wait_time": 10000, "k": 410, "time_uncached": 9253.680309534073, "time_cached": 9107.811844110489, "equality": false, "mse": 32.70206320978497, "true_fourier_norm_squared": 1388.8115866601522, "computed_fourier_norm_squared": 1371.2281549123154, "measurements": 44160}