{"n": 324, "no_trees": 20, "depth": 3, "C": 0.2, "ratio": 1.1, "sampling_factor": 1.8, "n_cores": 10, "wait_time": 1000, "k": 50, "time_uncached": 64.59265160560608, "time_cached": 64.49423694610596, "equality": false, "mse": 6.729175126571689, "true_fourier_norm_squared": 1213.3515525643463, "computed_fourier_norm_squared": 1211.173128225321, "measurements": 4080}