{"n": 324, "no_trees": 20, "depth": 4, "C": 0.1, "ratio": 1.1, "sampling_factor": 1.8, "n_cores": 10, "wait_time": 10000, "k": 410, "time_uncached": 13874.093098640442, "time_cached": 13741.05341386795, "equality": false, "mse": 39.629991970697155, "true_fourier_norm_squared": 1388.8115866601522, "computed_fourier_norm_squared": 1301.9926021932818, "measurements": 20544}