{"n": 324, "no_trees": 20, "depth": 4, "C": 0.08, "ratio": 3.0, "sampling_factor": 2.0, "n_cores": 10, "wait_time": 10000, "k": 410, "time_uncached": 4461.929513692856, "time_cached": 4334.271929979324, "equality": false, "mse": 58.42646542587453, "true_fourier_norm_squared": 1388.8115866601522, "computed_fourier_norm_squared": 1358.2902406488868, "measurements": 5712}