{"n": 324, "no_trees": 20, "depth": 4, "C": 0.04, "ratio": 3.0, "sampling_factor": 4.666666666666666, "n_cores": 10, "wait_time": 10000, "k": 410, "time_uncached": 1366.631313085556, "time_cached": 1372.4687275886536, "equality": false, "mse": 120.24026982587783, "true_fourier_norm_squared": 1388.8115866601522, "computed_fourier_norm_squared": 1195.7608716104737, "measurements": 4416}