{"n": 324, "no_trees": 20, "depth": 3, "C": 0.1, "ratio": 1.6, "sampling_factor": 4.222222222222222, "n_cores": 10, "wait_time": 1000, "k": 50, "time_uncached": 178.96254897117615, "time_cached": 178.99086380004883, "equality": false, "mse": 128.39970051768938, "true_fourier_norm_squared": 1213.3515525643463, "computed_fourier_norm_squared": 871.8367666644072, "measurements": 2388}