{"n": 324, "no_trees": 20, "depth": 4, "C": 0.4, "ratio": 1.6, "sampling_factor": 5.555555555555555, "n_cores": 10, "wait_time": 10000, "k": 410, "time_uncached": 300.5201609134674, "time_cached": 301.49792098999023, "equality": false, "mse": 0.5578056309554121, "true_fourier_norm_squared": 1388.8115866601522, "computed_fourier_norm_squared": 1388.5758898866004, "measurements": 167936}