{"n": 324, "no_trees": 20, "depth": 3, "C": 0.9, "ratio": 3.0, "sampling_factor": 0.8, "n_cores": 10, "wait_time": 1000, "k": 50, "time_uncached": 80.8897590637207, "time_cached": 80.83162307739258, "equality": false, "mse": 1.1771535781956317, "true_fourier_norm_squared": 1213.3515525643463, "computed_fourier_norm_squared": 1208.562417491843, "measurements": 3040}