{"n": 324, "no_trees": 20, "depth": 3, "C": 1.0, "ratio": 1.1, "sampling_factor": 2.888888888888889, "n_cores": 10, "wait_time": 1000, "k": 50, "time_uncached": 110.47493171691895, "time_cached": 110.21493935585022, "equality": false, "mse": 0.01913747591636199, "true_fourier_norm_squared": 1213.3515525643463, "computed_fourier_norm_squared": 1212.8623881514247, "measurements": 26112}