{"n": 324, "no_trees": 20, "depth": 4, "C": 0.03, "ratio": 1.1, "sampling_factor": 0.4, "n_cores": 10, "wait_time": 10000, "k": 410, "time_uncached": 132.3315818309784, "time_cached": 133.411066532135, "equality": false, "mse": 582.4009378193238, "true_fourier_norm_squared": 1388.8115866601522, "computed_fourier_norm_squared": 1604.4185841701637, "measurements": 1152}