{"n": 324, "no_trees": 20, "depth": 3, "C": 0.1, "ratio": 1.6, "sampling_factor": 5.111111111111111, "n_cores": 10, "wait_time": 1000, "k": 50, "time_uncached": 197.82448387145996, "time_cached": 198.79524493217468, "equality": false, "mse": 113.27862982477934, "true_fourier_norm_squared": 1213.3515525643463, "computed_fourier_norm_squared": 895.1962351898762, "measurements": 2892}