{"n": 324, "no_trees": 20, "depth": 4, "C": 0.01, "ratio": 1.1, "sampling_factor": 3.333333333333333, "n_cores": 10, "wait_time": 10000, "k": 410, "time_uncached": 2438.227480649948, "time_cached": 2490.7929208278656, "equality": false, "mse": 200.12618429312658, "true_fourier_norm_squared": 1388.8115866601522, "computed_fourier_norm_squared": 810.3984690959521, "measurements": 2364}