{"n": 324, "no_trees": 20, "depth": 4, "C": 0.2, "ratio": 3.0, "sampling_factor": 2.0, "n_cores": 10, "wait_time": 10000, "k": 410, "time_uncached": 12552.286099910736, "time_cached": 12682.725268363953, "equality": false, "mse": 23.426217986641554, "true_fourier_norm_squared": 1388.8115866601522, "computed_fourier_norm_squared": 1340.355580522086, "measurements": 20944}