{"n": 324, "no_trees": 20, "depth": 4, "C": 0.02, "ratio": 1.1, "sampling_factor": 1.6, "n_cores": 10, "wait_time": 10000, "k": 410, "time_uncached": 2207.074812889099, "time_cached": 2217.601497888565, "equality": false, "mse": 133.54999574820792, "true_fourier_norm_squared": 1388.8115866601522, "computed_fourier_norm_squared": 1436.42055756681, "measurements": 2280}