{"n": 324, "no_trees": 20, "depth": 3, "C": 0.6, "ratio": 1.1, "sampling_factor": 4.222222222222222, "n_cores": 10, "wait_time": 1000, "k": 50, "time_uncached": 372.8266644477844, "time_cached": 370.6525115966797, "equality": false, "mse": 0.2405870588677058, "true_fourier_norm_squared": 1213.3515525643463, "computed_fourier_norm_squared": 1200.8637800108277, "measurements": 19104}