{"n": 324, "no_trees": 20, "depth": 3, "C": 0.3, "ratio": 1.6, "sampling_factor": 5.111111111111111, "n_cores": 10, "wait_time": 1000, "k": 50, "time_uncached": 326.1369798183441, "time_cached": 333.8497371673584, "equality": false, "mse": 21.427458610269095, "true_fourier_norm_squared": 1213.3515525643463, "computed_fourier_norm_squared": 1214.8725571591422, "measurements": 9640}