{"n": 324, "no_trees": 20, "depth": 4, "C": 0.02, "ratio": 1.6, "sampling_factor": 3.7777777777777777, "n_cores": 10, "wait_time": 10000, "k": 410, "time_uncached": 2284.6662681102753, "time_cached": 2376.787389755249, "equality": false, "mse": 169.75298331161662, "true_fourier_norm_squared": 1388.8115866601522, "computed_fourier_norm_squared": 1565.7130529551391, "measurements": 4460}