{"n": 324, "no_trees": 20, "depth": 4, "C": 0.09, "ratio": 3.0, "sampling_factor": 3.7777777777777777, "n_cores": 10, "wait_time": 10000, "k": 410, "time_uncached": 6212.733200311661, "time_cached": 6488.10644197464, "equality": false, "mse": 63.696503411093396, "true_fourier_norm_squared": 1388.8115866601522, "computed_fourier_norm_squared": 1314.8628478168066, "measurements": 17840}