{"n": 324, "no_trees": 20, "depth": 3, "C": 0.1, "ratio": 1.6, "sampling_factor": 0.8, "n_cores": 10, "wait_time": 1000, "k": 50, "time_uncached": 26.863779067993164, "time_cached": 26.90088415145874, "equality": false, "mse": 148.97517804991625, "true_fourier_norm_squared": 1213.3515525643463, "computed_fourier_norm_squared": 1587.7221196955825, "measurements": 456}