{"n": 324, "no_trees": 20, "depth": 4, "C": 0.15, "ratio": 1.1, "sampling_factor": 4.222222222222222, "n_cores": 10, "wait_time": 10000, "k": 410, "time_uncached": 13680.618763923645, "time_cached": 13264.016230106354, "equality": false, "mse": 21.625448933242645, "true_fourier_norm_squared": 1388.8115866601522, "computed_fourier_norm_squared": 1339.7077256991165, "measurements": 48000}