{"n": 324, "no_trees": 20, "depth": 4, "C": 0.4, "ratio": 1.1, "sampling_factor": 0.6000000000000001, "n_cores": 10, "wait_time": 10000, "k": 410, "time_uncached": 25905.902742624283, "time_cached": 25585.066246509552, "equality": false, "mse": 0.31375445737533325, "true_fourier_norm_squared": 1388.8115866601522, "computed_fourier_norm_squared": 1388.5385230895386, "measurements": 27648}