{"n": 324, "no_trees": 20, "depth": 4, "C": 0.2, "ratio": 1.1, "sampling_factor": 0.4, "n_cores": 10, "wait_time": 10000, "k": 410, "time_uncached": 828.8271214962006, "time_cached": 833.9874799251556, "equality": false, "mse": 635.9531627216371, "true_fourier_norm_squared": 1388.8115866601522, "computed_fourier_norm_squared": 1910.2448715479525, "measurements": 9216}