{"n": 324, "no_trees": 20, "depth": 4, "C": 0.04, "ratio": 1.1, "sampling_factor": 1.4000000000000001, "n_cores": 10, "wait_time": 10000, "k": 410, "time_uncached": 5126.8885316848755, "time_cached": 4850.331793308258, "equality": false, "mse": 100.76467295775673, "true_fourier_norm_squared": 1388.8115866601522, "computed_fourier_norm_squared": 1142.9640236215212, "measurements": 3984}