{"n": 324, "no_trees": 20, "depth": 4, "C": 0.02, "ratio": 1.6, "sampling_factor": 5.555555555555555, "n_cores": 10, "wait_time": 10000, "k": 410, "time_uncached": 16.82526993751526, "time_cached": 17.18932056427002, "equality": false, "mse": 187.39332333051112, "true_fourier_norm_squared": 1388.8115866601522, "computed_fourier_norm_squared": 1342.8428058593336, "measurements": 6560}