{"n": 324, "no_trees": 20, "depth": 3, "C": 0.7, "ratio": 1.1, "sampling_factor": 2.888888888888889, "n_cores": 10, "wait_time": 1000, "k": 50, "time_uncached": 139.21437525749207, "time_cached": 141.22544479370117, "equality": false, "mse": 0.036828620859455735, "true_fourier_norm_squared": 1213.3515525643463, "computed_fourier_norm_squared": 1213.3579317229849, "measurements": 17408}