{"n": 324, "no_trees": 20, "depth": 3, "C": 1.0, "ratio": 3.0, "sampling_factor": 0.2, "n_cores": 10, "wait_time": 1000, "k": 50, "time_uncached": 7.786036491394043, "time_cached": 7.708647966384888, "equality": false, "mse": 1317.1418796162607, "true_fourier_norm_squared": 1213.3515525643463, "computed_fourier_norm_squared": 2243.4157879940694, "measurements": 960}