{"n": 324, "no_trees": 20, "depth": 4, "C": 0.02, "ratio": 1.6, "sampling_factor": 1.0, "n_cores": 10, "wait_time": 10000, "k": 410, "time_uncached": 2106.709529399872, "time_cached": 2223.553455591202, "equality": false, "mse": 153.11650580997065, "true_fourier_norm_squared": 1388.8115866601522, "computed_fourier_norm_squared": 1378.885345568765, "measurements": 1200}