{"n": 324, "no_trees": 20, "depth": 3, "C": 0.6, "ratio": 1.6, "sampling_factor": 1.8, "n_cores": 10, "wait_time": 1000, "k": 50, "time_uncached": 92.86565208435059, "time_cached": 92.82460069656372, "equality": false, "mse": 2.110508731122889, "true_fourier_norm_squared": 1213.3515525643463, "computed_fourier_norm_squared": 1196.3053481570225, "measurements": 6800}