{"n": 324, "no_trees": 20, "depth": 3, "C": 1.0, "ratio": 3.0, "sampling_factor": 0.6000000000000001, "n_cores": 10, "wait_time": 1000, "k": 50, "time_uncached": 69.55694484710693, "time_cached": 68.5631856918335, "equality": false, "mse": 0.8296976247722688, "true_fourier_norm_squared": 1213.3515525643463, "computed_fourier_norm_squared": 1218.9562922175687, "measurements": 2784}