{"n": 324, "no_trees": 20, "depth": 4, "C": 0.04, "ratio": 1.6, "sampling_factor": 0.2, "n_cores": 10, "wait_time": 10000, "k": 410, "time_uncached": 6.071410417556763, "time_cached": 6.0721635818481445, "equality": false, "mse": 1737.973859125402, "true_fourier_norm_squared": 1388.8115866601522, "computed_fourier_norm_squared": 2331.5158674267927, "measurements": 480}