{"n": 324, "no_trees": 20, "depth": 3, "C": 0.9, "ratio": 1.1, "sampling_factor": 0.6000000000000001, "n_cores": 10, "wait_time": 1000, "k": 50, "time_uncached": 109.52977323532104, "time_cached": 109.54020404815674, "equality": true, "mse": 5.0431245965757526e-29, "true_fourier_norm_squared": 1213.3515525643463, "computed_fourier_norm_squared": 1213.3515525643465, "measurements": 5568}