{"n": 324, "no_trees": 20, "depth": 3, "C": 0.8, "ratio": 1.1, "sampling_factor": 3.7777777777777777, "n_cores": 10, "wait_time": 1000, "k": 50, "time_uncached": 165.76652073860168, "time_cached": 166.71221160888672, "equality": true, "mse": 0.0031895793193937806, "true_fourier_norm_squared": 1213.3515525643463, "computed_fourier_norm_squared": 1213.4517105268035, "measurements": 34176}