{"n": 324, "no_trees": 20, "depth": 3, "C": 0.4, "ratio": 1.1, "sampling_factor": 6.0, "n_cores": 10, "wait_time": 1000, "k": 50, "time_uncached": 151.35132455825806, "time_cached": 156.3473780155182, "equality": false, "mse": 0.03807134129292846, "true_fourier_norm_squared": 1213.3515525643463, "computed_fourier_norm_squared": 1213.354164868383, "measurements": 27168}