{"n": 324, "no_trees": 20, "depth": 4, "C": 0.1, "ratio": 1.6, "sampling_factor": 2.888888888888889, "n_cores": 10, "wait_time": 10000, "k": 410, "time_uncached": 12187.664003133774, "time_cached": 11555.462894439697, "equality": false, "mse": 42.4893421924695, "true_fourier_norm_squared": 1388.8115866601522, "computed_fourier_norm_squared": 1340.6454244536044, "measurements": 21888}