{"n": 324, "no_trees": 20, "depth": 4, "C": 0.09, "ratio": 1.1, "sampling_factor": 1.2, "n_cores": 10, "wait_time": 10000, "k": 410, "time_uncached": 11918.077908992767, "time_cached": 11121.180559873581, "equality": false, "mse": 21.709085536525446, "true_fourier_norm_squared": 1388.8115866601522, "computed_fourier_norm_squared": 1400.5364822841686, "measurements": 11360}