{"n": 324, "no_trees": 20, "depth": 3, "C": 0.3, "ratio": 1.1, "sampling_factor": 5.111111111111111, "n_cores": 10, "wait_time": 1000, "k": 50, "time_uncached": 257.77156686782837, "time_cached": 259.7118606567383, "equality": false, "mse": 10.416284902105637, "true_fourier_norm_squared": 1213.3515525643463, "computed_fourier_norm_squared": 1217.3130808071317, "measurements": 11568}