{"n": 324, "no_trees": 20, "depth": 4, "C": 0.4, "ratio": 3.0, "sampling_factor": 2.0, "n_cores": 10, "wait_time": 10000, "k": 410, "time_uncached": 20759.06970524788, "time_cached": 19416.02470612526, "equality": false, "mse": 3.584783331352976, "true_fourier_norm_squared": 1388.8115866601522, "computed_fourier_norm_squared": 1387.491287258972, "measurements": 41888}