{"n": 324, "no_trees": 20, "depth": 3, "C": 0.8, "ratio": 1.6, "sampling_factor": 1.6, "n_cores": 10, "wait_time": 1000, "k": 50, "time_uncached": 85.43279004096985, "time_cached": 86.55134844779968, "equality": false, "mse": 0.3054435868333559, "true_fourier_norm_squared": 1213.3515525643463, "computed_fourier_norm_squared": 1213.3893195075239, "measurements": 8512}