{"n": 324, "no_trees": 20, "depth": 4, "C": 0.05, "ratio": 1.6, "sampling_factor": 3.7777777777777777, "n_cores": 10, "wait_time": 10000, "k": 410, "time_uncached": 6039.557530403137, "time_cached": 6056.673576116562, "equality": false, "mse": 59.72104516458422, "true_fourier_norm_squared": 1388.8115866601522, "computed_fourier_norm_squared": 1339.0399310116507, "measurements": 14272}