{"n": 324, "no_trees": 20, "depth": 4, "C": 0.02, "ratio": 1.6, "sampling_factor": 0.6000000000000001, "n_cores": 10, "wait_time": 10000, "k": 410, "time_uncached": 1982.7049148082733, "time_cached": 1995.6506750583649, "equality": false, "mse": 151.60236917119923, "true_fourier_norm_squared": 1388.8115866601522, "computed_fourier_norm_squared": 1552.579792295408, "measurements": 720}