{"n": 324, "no_trees": 20, "depth": 3, "C": 0.3, "ratio": 1.6, "sampling_factor": 5.555555555555555, "n_cores": 10, "wait_time": 1000, "k": 50, "time_uncached": 229.18554306030273, "time_cached": 229.99549055099487, "equality": false, "mse": 23.678989376589044, "true_fourier_norm_squared": 1213.3515525643463, "computed_fourier_norm_squared": 1221.0996468456206, "measurements": 10480}