{"n": 324, "no_trees": 20, "depth": 4, "C": 0.03, "ratio": 1.6, "sampling_factor": 3.333333333333333, "n_cores": 10, "wait_time": 10000, "k": 410, "time_uncached": 3409.973586320877, "time_cached": 3530.3260066509247, "equality": false, "mse": 111.74505787301733, "true_fourier_norm_squared": 1388.8115866601522, "computed_fourier_norm_squared": 1225.4535431435406, "measurements": 6304}