{"n": 324, "no_trees": 20, "depth": 3, "C": 0.2, "ratio": 1.6, "sampling_factor": 2.888888888888889, "n_cores": 10, "wait_time": 1000, "k": 50, "time_uncached": 107.11577010154724, "time_cached": 107.01750469207764, "equality": false, "mse": 27.447593721273698, "true_fourier_norm_squared": 1213.3515525643463, "computed_fourier_norm_squared": 1222.3185671152962, "measurements": 4352}