{"n": 324, "no_trees": 20, "depth": 4, "C": 0.6, "ratio": 3.0, "sampling_factor": 3.333333333333333, "n_cores": 10, "wait_time": 10000, "k": 410, "time_uncached": 14994.481305837631, "time_cached": 16384.12592935562, "equality": false, "mse": 2.659695028712168, "true_fourier_norm_squared": 1388.8115866601522, "computed_fourier_norm_squared": 1387.3213373995054, "measurements": 81952}