{"n": 324, "no_trees": 20, "depth": 4, "C": 0.04, "ratio": 1.1, "sampling_factor": 2.4444444444444446, "n_cores": 10, "wait_time": 10000, "k": 410, "time_uncached": 4932.641585111618, "time_cached": 4943.906696796417, "equality": false, "mse": 112.25837276929028, "true_fourier_norm_squared": 1388.8115866601522, "computed_fourier_norm_squared": 1252.5998793878364, "measurements": 6960}