{"n": 324, "no_trees": 20, "depth": 4, "C": 0.01, "ratio": 1.1, "sampling_factor": 1.0, "n_cores": 10, "wait_time": 10000, "k": 410, "time_uncached": 1954.4008872509003, "time_cached": 1861.4844052791595, "equality": false, "mse": 258.05271084480285, "true_fourier_norm_squared": 1388.8115866601522, "computed_fourier_norm_squared": 2017.1175739202235, "measurements": 720}