{"n": 324, "no_trees": 20, "depth": 4, "C": 0.01, "ratio": 1.1, "sampling_factor": 2.4444444444444446, "n_cores": 10, "wait_time": 10000, "k": 410, "time_uncached": 1916.0037837028503, "time_cached": 1950.9567124843597, "equality": false, "mse": 239.7509892917703, "true_fourier_norm_squared": 1388.8115866601522, "computed_fourier_norm_squared": 1202.8396618568663, "measurements": 1740}