{"n": 324, "no_trees": 20, "depth": 4, "C": 0.03, "ratio": 3.0, "sampling_factor": 1.2, "n_cores": 10, "wait_time": 10000, "k": 410, "time_uncached": 1527.061888217926, "time_cached": 1426.164452791214, "equality": false, "mse": 107.57831501819909, "true_fourier_norm_squared": 1388.8115866601522, "computed_fourier_norm_squared": 1241.4407344322867, "measurements": 1136}