{"n": 324, "no_trees": 20, "depth": 3, "C": 0.3, "ratio": 1.1, "sampling_factor": 4.666666666666666, "n_cores": 10, "wait_time": 1000, "k": 50, "time_uncached": 252.65796279907227, "time_cached": 251.59204959869385, "equality": false, "mse": 9.526867568244223, "true_fourier_norm_squared": 1213.3515525643463, "computed_fourier_norm_squared": 1229.7538635573476, "measurements": 10560}