{"n": 324, "no_trees": 20, "depth": 4, "C": 0.6, "ratio": 1.6, "sampling_factor": 3.333333333333333, "n_cores": 10, "wait_time": 10000, "k": 410, "time_uncached": 15050.497699022293, "time_cached": 15047.103276491165, "equality": false, "mse": 0.8801765928952062, "true_fourier_norm_squared": 1388.8115866601522, "computed_fourier_norm_squared": 1389.782466974698, "measurements": 126080}