{"n": 324, "no_trees": 20, "depth": 3, "C": 0.9, "ratio": 1.1, "sampling_factor": 3.333333333333333, "n_cores": 10, "wait_time": 1000, "k": 50, "time_uncached": 125.28126263618469, "time_cached": 125.70890259742737, "equality": true, "mse": 3.5191747501810206e-29, "true_fourier_norm_squared": 1213.3515525643463, "computed_fourier_norm_squared": 1213.3515525643465, "measurements": 30144}