{"n": 324, "no_trees": 20, "depth": 3, "C": 0.2, "ratio": 1.6, "sampling_factor": 0.8, "n_cores": 10, "wait_time": 1000, "k": 50, "time_uncached": 47.19044637680054, "time_cached": 48.19571542739868, "equality": false, "mse": 28.92879823309121, "true_fourier_norm_squared": 1213.3515525643463, "computed_fourier_norm_squared": 1200.7961971461714, "measurements": 1216}