{"n": 324, "no_trees": 20, "depth": 4, "C": 0.2, "ratio": 3.0, "sampling_factor": 1.0, "n_cores": 10, "wait_time": 10000, "k": 410, "time_uncached": 11844.542372465134, "time_cached": 11711.761318445206, "equality": false, "mse": 23.513824867350365, "true_fourier_norm_squared": 1388.8115866601522, "computed_fourier_norm_squared": 1437.9581516293456, "measurements": 10560}