{"n": 324, "no_trees": 20, "depth": 4, "C": 0.1, "ratio": 1.6, "sampling_factor": 4.666666666666666, "n_cores": 10, "wait_time": 10000, "k": 410, "time_uncached": 8337.866181135178, "time_cached": 8047.66379570961, "equality": false, "mse": 42.37393587417626, "true_fourier_norm_squared": 1388.8115866601522, "computed_fourier_norm_squared": 1297.4885255712622, "measurements": 35328}