{"n": 324, "no_trees": 20, "depth": 4, "C": 0.05, "ratio": 1.1, "sampling_factor": 0.6000000000000001, "n_cores": 10, "wait_time": 10000, "k": 410, "time_uncached": 6687.348487854004, "time_cached": 6166.184920787811, "equality": false, "mse": 46.29853280068461, "true_fourier_norm_squared": 1388.8115866601522, "computed_fourier_norm_squared": 1351.373516065883, "measurements": 3456}