{"n": 324, "no_trees": 20, "depth": 3, "C": 0.6, "ratio": 1.6, "sampling_factor": 3.333333333333333, "n_cores": 10, "wait_time": 1000, "k": 50, "time_uncached": 147.3552598953247, "time_cached": 149.4382679462433, "equality": false, "mse": 0.15558743323093602, "true_fourier_norm_squared": 1213.3515525643463, "computed_fourier_norm_squared": 1211.5389854341518, "measurements": 12560}