{"n": 324, "no_trees": 20, "depth": 4, "C": 0.1, "ratio": 1.6, "sampling_factor": 3.7777777777777777, "n_cores": 10, "wait_time": 10000, "k": 410, "time_uncached": 10430.98545050621, "time_cached": 10493.191018819809, "equality": false, "mse": 41.13850099675809, "true_fourier_norm_squared": 1388.8115866601522, "computed_fourier_norm_squared": 1340.4425367536367, "measurements": 28544}