{"n": 324, "no_trees": 20, "depth": 3, "C": 0.5, "ratio": 3.0, "sampling_factor": 0.8, "n_cores": 10, "wait_time": 1000, "k": 50, "time_uncached": 26.03177046775818, "time_cached": 26.00639319419861, "equality": false, "mse": 26.16532265317247, "true_fourier_norm_squared": 1213.3515525643463, "computed_fourier_norm_squared": 1174.6985050816495, "measurements": 1216}