{"n": 324, "no_trees": 20, "depth": 4, "C": 0.2, "ratio": 1.1, "sampling_factor": 0.8, "n_cores": 10, "wait_time": 10000, "k": 410, "time_uncached": 19381.3821246624, "time_cached": 19087.99388885498, "equality": false, "mse": 12.02681811486309, "true_fourier_norm_squared": 1388.8115866601522, "computed_fourier_norm_squared": 1396.0587953046665, "measurements": 18432}