{"n": 324, "no_trees": 20, "depth": 4, "C": 0.04, "ratio": 1.6, "sampling_factor": 2.0, "n_cores": 10, "wait_time": 10000, "k": 410, "time_uncached": 4097.459719419479, "time_cached": 4108.420510292053, "equality": false, "mse": 130.28234340954072, "true_fourier_norm_squared": 1388.8115866601522, "computed_fourier_norm_squared": 1631.462317739569, "measurements": 4760}