{"n": 324, "no_trees": 20, "depth": 4, "C": 0.08, "ratio": 1.6, "sampling_factor": 5.111111111111111, "n_cores": 10, "wait_time": 10000, "k": 410, "time_uncached": 1388.4971737861633, "time_cached": 1371.832409620285, "equality": false, "mse": 54.22292729307471, "true_fourier_norm_squared": 1388.8115866601522, "computed_fourier_norm_squared": 1380.7464011007899, "measurements": 24160}