{"n": 324, "no_trees": 20, "depth": 4, "C": 0.02, "ratio": 1.6, "sampling_factor": 6.0, "n_cores": 10, "wait_time": 10000, "k": 410, "time_uncached": 14.230002403259277, "time_cached": 14.22349214553833, "equality": false, "mse": 174.11150432910924, "true_fourier_norm_squared": 1388.8115866601522, "computed_fourier_norm_squared": 1630.9260389089927, "measurements": 7100}