{"n": 324, "no_trees": 20, "depth": 4, "C": 0.01, "ratio": 1.1, "sampling_factor": 0.6000000000000001, "n_cores": 10, "wait_time": 10000, "k": 410, "time_uncached": 2250.605707168579, "time_cached": 2233.4850976467133, "equality": false, "mse": 181.28471453837872, "true_fourier_norm_squared": 1388.8115866601522, "computed_fourier_norm_squared": 1643.6916577900347, "measurements": 432}