{"n": 324, "no_trees": 20, "depth": 3, "C": 0.2, "ratio": 3.0, "sampling_factor": 3.333333333333333, "n_cores": 10, "wait_time": 1000, "k": 50, "time_uncached": 9.913619756698608, "time_cached": 9.814400434494019, "equality": false, "mse": 40.84322103659, "true_fourier_norm_squared": 1213.3515525643463, "computed_fourier_norm_squared": 1191.2151499671033, "measurements": 2512}