{"n": 324, "no_trees": 20, "depth": 3, "C": 1.0, "ratio": 1.1, "sampling_factor": 5.555555555555555, "n_cores": 10, "wait_time": 1000, "k": 50, "time_uncached": 199.07385969161987, "time_cached": 201.02065873146057, "equality": true, "mse": 0.01275831727757492, "true_fourier_norm_squared": 1213.3515525643463, "computed_fourier_norm_squared": 1213.76867585179, "measurements": 50304}