{"n": 324, "no_trees": 20, "depth": 3, "C": 0.9, "ratio": 3.0, "sampling_factor": 3.333333333333333, "n_cores": 10, "wait_time": 1000, "k": 50, "time_uncached": 101.1988615989685, "time_cached": 100.01905298233032, "equality": false, "mse": 3.121499955211883, "true_fourier_norm_squared": 1213.3515525643463, "computed_fourier_norm_squared": 1213.2180893495372, "measurements": 12560}