{"n": 324, "no_trees": 20, "depth": 4, "C": 0.04, "ratio": 1.6, "sampling_factor": 4.666666666666666, "n_cores": 10, "wait_time": 10000, "k": 410, "time_uncached": 3030.3828172683716, "time_cached": 3006.8218355178833, "equality": false, "mse": 100.55230128248955, "true_fourier_norm_squared": 1388.8115866601522, "computed_fourier_norm_squared": 1274.20428667818, "measurements": 11040}