{"n": 324, "no_trees": 20, "depth": 3, "C": 1.0, "ratio": 1.6, "sampling_factor": 4.222222222222222, "n_cores": 10, "wait_time": 1000, "k": 50, "time_uncached": 141.8532316684723, "time_cached": 146.64304423332214, "equality": false, "mse": 0.04509244282319624, "true_fourier_norm_squared": 1213.3515525643463, "computed_fourier_norm_squared": 1213.018869524252, "measurements": 25472}