{"n": 324, "no_trees": 20, "depth": 4, "C": 0.09, "ratio": 1.1, "sampling_factor": 5.111111111111111, "n_cores": 10, "wait_time": 10000, "k": 410, "time_uncached": 2213.9683640003204, "time_cached": 2201.2011666297913, "equality": false, "mse": 44.14864203922922, "true_fourier_norm_squared": 1388.8115866601522, "computed_fourier_norm_squared": 1308.63133486004, "measurements": 48320}