{"n": 324, "no_trees": 20, "depth": 3, "C": 0.1, "ratio": 1.1, "sampling_factor": 2.888888888888889, "n_cores": 10, "wait_time": 1000, "k": 50, "time_uncached": 77.53665399551392, "time_cached": 78.42983675003052, "equality": false, "mse": 102.66407388207134, "true_fourier_norm_squared": 1213.3515525643463, "computed_fourier_norm_squared": 989.0665649808192, "measurements": 3264}