{"n": 324, "no_trees": 20, "depth": 3, "C": 0.9, "ratio": 1.1, "sampling_factor": 1.4000000000000001, "n_cores": 10, "wait_time": 1000, "k": 50, "time_uncached": 70.24775457382202, "time_cached": 70.50293636322021, "equality": false, "mse": 0.024694533427780718, "true_fourier_norm_squared": 1213.3515525643463, "computed_fourier_norm_squared": 1213.3764509404234, "measurements": 12672}