{"n": 324, "no_trees": 20, "depth": 3, "C": 0.2, "ratio": 1.1, "sampling_factor": 6.0, "n_cores": 10, "wait_time": 1000, "k": 50, "time_uncached": 264.438250541687, "time_cached": 264.2678425312042, "equality": false, "mse": 11.443020152756635, "true_fourier_norm_squared": 1213.3515525643463, "computed_fourier_norm_squared": 1182.9991893384351, "measurements": 13584}