{"n": 324, "no_trees": 20, "depth": 4, "C": 0.05, "ratio": 1.6, "sampling_factor": 5.111111111111111, "n_cores": 10, "wait_time": 10000, "k": 410, "time_uncached": 866.8531494140625, "time_cached": 860.2680244445801, "equality": false, "mse": 54.22292729307471, "true_fourier_norm_squared": 1388.8115866601522, "computed_fourier_norm_squared": 1380.7464011007899, "measurements": 19328}