{"n": 324, "no_trees": 20, "depth": 3, "C": 0.7, "ratio": 1.1, "sampling_factor": 2.4444444444444446, "n_cores": 10, "wait_time": 1000, "k": 50, "time_uncached": 116.81703448295593, "time_cached": 117.1458466053009, "equality": false, "mse": 0.016098456408823274, "true_fourier_norm_squared": 1213.3515525643463, "computed_fourier_norm_squared": 1213.3708691048837, "measurements": 14720}