{"n": 324, "no_trees": 20, "depth": 4, "C": 0.4, "ratio": 3.0, "sampling_factor": 0.6000000000000001, "n_cores": 10, "wait_time": 10000, "k": 410, "time_uncached": 17650.376847028732, "time_cached": 17201.834981679916, "equality": false, "mse": 5.542500248312734, "true_fourier_norm_squared": 1388.8115866601522, "computed_fourier_norm_squared": 1388.4455547237096, "measurements": 12672}