{"n": 324, "no_trees": 20, "depth": 3, "C": 0.2, "ratio": 1.1, "sampling_factor": 4.666666666666666, "n_cores": 10, "wait_time": 1000, "k": 50, "time_uncached": 251.54504108428955, "time_cached": 251.25321316719055, "equality": false, "mse": 9.526867568244223, "true_fourier_norm_squared": 1213.3515525643463, "computed_fourier_norm_squared": 1229.7538635573474, "measurements": 10560}