{"n": 324, "no_trees": 20, "depth": 4, "C": 0.15, "ratio": 3.0, "sampling_factor": 2.0, "n_cores": 10, "wait_time": 10000, "k": 410, "time_uncached": 7389.133349895477, "time_cached": 7688.1382648944855, "equality": false, "mse": 54.065241229770855, "true_fourier_norm_squared": 1388.8115866601522, "computed_fourier_norm_squared": 1253.1242092488449, "measurements": 11424}