{"n": 324, "no_trees": 20, "depth": 3, "C": 0.3, "ratio": 3.0, "sampling_factor": 5.555555555555555, "n_cores": 10, "wait_time": 1000, "k": 50, "time_uncached": 32.753174781799316, "time_cached": 32.42557716369629, "equality": false, "mse": 31.50072418286224, "true_fourier_norm_squared": 1213.3515525643463, "computed_fourier_norm_squared": 1228.2099437911731, "measurements": 4192}