{"n": 324, "no_trees": 20, "depth": 3, "C": 0.5, "ratio": 3.0, "sampling_factor": 3.333333333333333, "n_cores": 10, "wait_time": 1000, "k": 50, "time_uncached": 42.627053022384644, "time_cached": 42.689861536026, "equality": false, "mse": 10.738024028217959, "true_fourier_norm_squared": 1213.3515525643463, "computed_fourier_norm_squared": 1217.610574602739, "measurements": 5024}