{"n": 324, "no_trees": 20, "depth": 4, "C": 0.6, "ratio": 1.6, "sampling_factor": 5.111111111111111, "n_cores": 10, "wait_time": 10000, "k": 410, "time_uncached": 2034.2333602905273, "time_cached": 2030.0704922676086, "equality": false, "mse": 0.6565593529096284, "true_fourier_norm_squared": 1388.8115866601522, "computed_fourier_norm_squared": 1388.1402195013657, "measurements": 193280}