{"n": 324, "no_trees": 20, "depth": 4, "C": 0.6, "ratio": 1.1, "sampling_factor": 1.8, "n_cores": 10, "wait_time": 10000, "k": 410, "time_uncached": 25819.181730031967, "time_cached": 24466.56096315384, "equality": false, "mse": 0.22717663097007768, "true_fourier_norm_squared": 1388.8115866601522, "computed_fourier_norm_squared": 1389.0059319959414, "measurements": 82176}