{"n": 324, "no_trees": 20, "depth": 3, "C": 0.8, "ratio": 1.1, "sampling_factor": 0.4, "n_cores": 10, "wait_time": 1000, "k": 50, "time_uncached": 34.11498546600342, "time_cached": 34.062500953674316, "equality": false, "mse": 658.2990194882374, "true_fourier_norm_squared": 1213.3515525643463, "computed_fourier_norm_squared": 1707.2766310420684, "measurements": 3648}