{"n": 324, "no_trees": 20, "depth": 3, "C": 0.9, "ratio": 1.6, "sampling_factor": 1.0, "n_cores": 10, "wait_time": 1000, "k": 50, "time_uncached": 92.74349355697632, "time_cached": 92.74571442604065, "equality": false, "mse": 0.0251089492565587, "true_fourier_norm_squared": 1213.3515525643463, "computed_fourier_norm_squared": 1213.3642049036976, "measurements": 6144}