{"n": 324, "no_trees": 20, "depth": 4, "C": 0.4, "ratio": 1.1, "sampling_factor": 5.555555555555555, "n_cores": 10, "wait_time": 10000, "k": 410, "time_uncached": 451.2981469631195, "time_cached": 460.4830410480499, "equality": false, "mse": 0.292957125333823, "true_fourier_norm_squared": 1388.8115866601522, "computed_fourier_norm_squared": 1386.867056938813, "measurements": 251904}