{"n": 324, "no_trees": 20, "depth": 3, "C": 0.7, "ratio": 1.1, "sampling_factor": 5.555555555555555, "n_cores": 10, "wait_time": 1000, "k": 50, "time_uncached": 291.29327487945557, "time_cached": 294.55909395217896, "equality": false, "mse": 0.34055267030681885, "true_fourier_norm_squared": 1213.3515525643463, "computed_fourier_norm_squared": 1212.4417912783426, "measurements": 33536}