{"n": 324, "no_trees": 20, "depth": 4, "C": 0.15, "ratio": 3.0, "sampling_factor": 5.111111111111111, "n_cores": 10, "wait_time": 10000, "k": 410, "time_uncached": 1183.0411455631256, "time_cached": 1185.789499759674, "equality": false, "mse": 52.74173392294009, "true_fourier_norm_squared": 1388.8115866601522, "computed_fourier_norm_squared": 1443.846275026129, "measurements": 28992}