{"n": 324, "no_trees": 20, "depth": 3, "C": 0.5, "ratio": 1.6, "sampling_factor": 0.2, "n_cores": 10, "wait_time": 1000, "k": 50, "time_uncached": 8.326803207397461, "time_cached": 8.357550859451294, "equality": false, "mse": 3631.4631617317696, "true_fourier_norm_squared": 1213.3515525643463, "computed_fourier_norm_squared": 4039.544863701389, "measurements": 640}