{"n": 324, "no_trees": 20, "depth": 3, "C": 0.6, "ratio": 3.0, "sampling_factor": 1.2, "n_cores": 10, "wait_time": 1000, "k": 50, "time_uncached": 50.526381969451904, "time_cached": 50.489352226257324, "equality": false, "mse": 2.3602434157838488, "true_fourier_norm_squared": 1213.3515525643463, "computed_fourier_norm_squared": 1218.5059925494204, "measurements": 2736}