{"n": 324, "no_trees": 20, "depth": 4, "C": 0.02, "ratio": 1.1, "sampling_factor": 2.0, "n_cores": 10, "wait_time": 10000, "k": 410, "time_uncached": 2546.838986158371, "time_cached": 2609.774045944214, "equality": false, "mse": 165.0544597524983, "true_fourier_norm_squared": 1388.8115866601522, "computed_fourier_norm_squared": 1519.4972296941123, "measurements": 2856}