{"n": 324, "no_trees": 20, "depth": 3, "C": 0.4, "ratio": 1.1, "sampling_factor": 5.111111111111111, "n_cores": 10, "wait_time": 1000, "k": 50, "time_uncached": 180.4551956653595, "time_cached": 179.33701276779175, "equality": false, "mse": 0.1996473529766706, "true_fourier_norm_squared": 1213.3515525643463, "computed_fourier_norm_squared": 1226.9709112261298, "measurements": 23136}