{"n": 324, "no_trees": 20, "depth": 3, "C": 0.4, "ratio": 1.6, "sampling_factor": 0.8, "n_cores": 10, "wait_time": 1000, "k": 50, "time_uncached": 80.23623609542847, "time_cached": 81.17237782478333, "equality": false, "mse": 2.1942494876671246, "true_fourier_norm_squared": 1213.3515525643463, "computed_fourier_norm_squared": 1209.1369151945894, "measurements": 2432}