{"n": 324, "no_trees": 20, "depth": 4, "C": 0.15, "ratio": 3.0, "sampling_factor": 1.0, "n_cores": 10, "wait_time": 10000, "k": 410, "time_uncached": 7236.752090215683, "time_cached": 7256.453037261963, "equality": false, "mse": 66.27160713091213, "true_fourier_norm_squared": 1388.8115866601522, "computed_fourier_norm_squared": 1396.5445475086512, "measurements": 5760}