{"n": 324, "no_trees": 20, "depth": 4, "C": 0.4, "ratio": 3.0, "sampling_factor": 0.4, "n_cores": 10, "wait_time": 10000, "k": 410, "time_uncached": 676.7707574367523, "time_cached": 679.3623921871185, "equality": false, "mse": 311.34864311195463, "true_fourier_norm_squared": 1388.8115866601522, "computed_fourier_norm_squared": 1603.022704541052, "measurements": 8448}