{"n": 324, "no_trees": 20, "depth": 4, "C": 0.2, "ratio": 1.6, "sampling_factor": 0.8, "n_cores": 10, "wait_time": 10000, "k": 410, "time_uncached": 21661.398502349854, "time_cached": 21729.95682477951, "equality": false, "mse": 15.123349953539412, "true_fourier_norm_squared": 1388.8115866601522, "computed_fourier_norm_squared": 1398.0933793172803, "measurements": 12288}