{"n": 324, "no_trees": 20, "depth": 3, "C": 0.9, "ratio": 1.1, "sampling_factor": 5.111111111111111, "n_cores": 10, "wait_time": 1000, "k": 50, "time_uncached": 105.72058892250061, "time_cached": 110.43845534324646, "equality": true, "mse": 3.173894029751277e-29, "true_fourier_norm_squared": 1213.3515525643463, "computed_fourier_norm_squared": 1213.3515525643468, "measurements": 46272}