{"n": 324, "no_trees": 20, "depth": 3, "C": 0.2, "ratio": 1.1, "sampling_factor": 2.4444444444444446, "n_cores": 10, "wait_time": 1000, "k": 50, "time_uncached": 88.88662934303284, "time_cached": 87.73855590820312, "equality": false, "mse": 12.144226177960357, "true_fourier_norm_squared": 1213.3515525643463, "computed_fourier_norm_squared": 1226.866492498652, "measurements": 5520}