{"n": 324, "no_trees": 20, "depth": 3, "C": 0.4, "ratio": 3.0, "sampling_factor": 1.6, "n_cores": 10, "wait_time": 1000, "k": 50, "time_uncached": 25.801482677459717, "time_cached": 23.747825145721436, "equality": false, "mse": 9.218639272449169, "true_fourier_norm_squared": 1213.3515525643463, "computed_fourier_norm_squared": 1223.7589562590044, "measurements": 2432}