{"n": 324, "no_trees": 20, "depth": 4, "C": 0.05, "ratio": 1.6, "sampling_factor": 5.555555555555555, "n_cores": 10, "wait_time": 10000, "k": 410, "time_uncached": 39.291489124298096, "time_cached": 39.488481760025024, "equality": false, "mse": 52.465457068242834, "true_fourier_norm_squared": 1388.8115866601522, "computed_fourier_norm_squared": 1410.031857728291, "measurements": 20992}