{"n": 324, "no_trees": 20, "depth": 3, "C": 0.1, "ratio": 1.1, "sampling_factor": 1.0, "n_cores": 10, "wait_time": 1000, "k": 50, "time_uncached": 28.99192786216736, "time_cached": 28.968340158462524, "equality": false, "mse": 128.9938279481704, "true_fourier_norm_squared": 1213.3515525643463, "computed_fourier_norm_squared": 868.3524738749368, "measurements": 1152}