{"n": 324, "no_trees": 20, "depth": 4, "C": 0.09, "ratio": 1.6, "sampling_factor": 5.111111111111111, "n_cores": 10, "wait_time": 10000, "k": 410, "time_uncached": 1518.0980188846588, "time_cached": 1519.8845083713531, "equality": false, "mse": 52.74173392294009, "true_fourier_norm_squared": 1388.8115866601522, "computed_fourier_norm_squared": 1443.846275026129, "measurements": 33824}