{"n": 324, "no_trees": 20, "depth": 3, "C": 0.9, "ratio": 3.0, "sampling_factor": 4.666666666666666, "n_cores": 10, "wait_time": 1000, "k": 50, "time_uncached": 202.59226489067078, "time_cached": 204.10036826133728, "equality": false, "mse": 1.6274469537393592, "true_fourier_norm_squared": 1213.3515525643463, "computed_fourier_norm_squared": 1210.8204352428247, "measurements": 17600}