{"n": 324, "no_trees": 20, "depth": 4, "C": 0.01, "ratio": 1.1, "sampling_factor": 4.666666666666666, "n_cores": 10, "wait_time": 10000, "k": 410, "time_uncached": 1570.900015592575, "time_cached": 1557.8815042972565, "equality": false, "mse": 203.34840730382007, "true_fourier_norm_squared": 1388.8115866601522, "computed_fourier_norm_squared": 774.8670606815983, "measurements": 3312}