{"n": 324, "no_trees": 20, "depth": 4, "C": 0.15, "ratio": 3.0, "sampling_factor": 1.8, "n_cores": 10, "wait_time": 10000, "k": 410, "time_uncached": 7798.429020404816, "time_cached": 7645.07139134407, "equality": false, "mse": 58.77502459615314, "true_fourier_norm_squared": 1388.8115866601522, "computed_fourier_norm_squared": 1199.178286131186, "measurements": 10272}