{"n": 324, "no_trees": 20, "depth": 4, "C": 0.05, "ratio": 3.0, "sampling_factor": 2.0, "n_cores": 10, "wait_time": 10000, "k": 410, "time_uncached": 2620.3573484420776, "time_cached": 2600.881962299347, "equality": false, "mse": 58.42646542587453, "true_fourier_norm_squared": 1388.8115866601522, "computed_fourier_norm_squared": 1358.2902406488868, "measurements": 3808}