{"n": 324, "no_trees": 20, "depth": 4, "C": 0.05, "ratio": 1.6, "sampling_factor": 2.888888888888889, "n_cores": 10, "wait_time": 10000, "k": 410, "time_uncached": 5951.960700511932, "time_cached": 5949.451714038849, "equality": false, "mse": 75.72722365142445, "true_fourier_norm_squared": 1388.8115866601522, "computed_fourier_norm_squared": 1293.676059690967, "measurements": 10944}