{"n": 324, "no_trees": 20, "depth": 3, "C": 0.2, "ratio": 3.0, "sampling_factor": 0.2, "n_cores": 10, "wait_time": 1000, "k": 50, "time_uncached": 2.3597922325134277, "time_cached": 2.3328874111175537, "equality": false, "mse": 275.39385178316684, "true_fourier_norm_squared": 1213.3515525643463, "computed_fourier_norm_squared": 1223.1297905172676, "measurements": 160}