{"n": 324, "no_trees": 20, "depth": 4, "C": 0.15, "ratio": 3.0, "sampling_factor": 2.888888888888889, "n_cores": 10, "wait_time": 10000, "k": 410, "time_uncached": 7889.100216150284, "time_cached": 7736.877964496613, "equality": false, "mse": 60.617605385003024, "true_fourier_norm_squared": 1388.8115866601522, "computed_fourier_norm_squared": 1206.6647276384224, "measurements": 16416}