{"n": 324, "no_trees": 20, "depth": 4, "C": 0.05, "ratio": 1.6, "sampling_factor": 0.2, "n_cores": 10, "wait_time": 10000, "k": 410, "time_uncached": 8.6620614528656, "time_cached": 8.572121381759644, "equality": false, "mse": 2174.085110020729, "true_fourier_norm_squared": 1388.8115866601522, "computed_fourier_norm_squared": 3418.4526382924537, "measurements": 768}