{"n": 324, "no_trees": 20, "depth": 3, "C": 0.6, "ratio": 1.1, "sampling_factor": 2.4444444444444446, "n_cores": 10, "wait_time": 1000, "k": 50, "time_uncached": 87.28141713142395, "time_cached": 87.26713848114014, "equality": false, "mse": 0.13754675289174656, "true_fourier_norm_squared": 1213.3515525643463, "computed_fourier_norm_squared": 1211.9088339657912, "measurements": 11040}