{"n": 324, "no_trees": 20, "depth": 4, "C": 0.03, "ratio": 1.1, "sampling_factor": 5.111111111111111, "n_cores": 10, "wait_time": 10000, "k": 410, "time_uncached": 711.4240579605103, "time_cached": 695.0206615924835, "equality": false, "mse": 112.6435207564251, "true_fourier_norm_squared": 1388.8115866601522, "computed_fourier_norm_squared": 1568.470277775099, "measurements": 14496}