{"n": 324, "no_trees": 20, "depth": 4, "C": 0.1, "ratio": 1.1, "sampling_factor": 3.333333333333333, "n_cores": 10, "wait_time": 10000, "k": 410, "time_uncached": 19064.93488073349, "time_cached": 18839.818616628647, "equality": false, "mse": 19.11951756966905, "true_fourier_norm_squared": 1388.8115866601522, "computed_fourier_norm_squared": 1382.01843161284, "measurements": 37824}