{"n": 324, "no_trees": 20, "depth": 4, "C": 0.2, "ratio": 1.6, "sampling_factor": 2.0, "n_cores": 10, "wait_time": 10000, "k": 410, "time_uncached": 21497.930618047714, "time_cached": 18614.08544254303, "equality": false, "mse": 12.075155900777952, "true_fourier_norm_squared": 1388.8115866601522, "computed_fourier_norm_squared": 1360.3900524381063, "measurements": 30464}