{"n": 324, "no_trees": 20, "depth": 4, "C": 0.04, "ratio": 3.0, "sampling_factor": 0.6000000000000001, "n_cores": 10, "wait_time": 10000, "k": 410, "time_uncached": 1429.172521352768, "time_cached": 1517.4553623199463, "equality": false, "mse": 99.13289744254851, "true_fourier_norm_squared": 1388.8115866601522, "computed_fourier_norm_squared": 1203.3286746789813, "measurements": 576}