{"n": 324, "no_trees": 20, "depth": 3, "C": 0.3, "ratio": 1.6, "sampling_factor": 3.333333333333333, "n_cores": 10, "wait_time": 1000, "k": 50, "time_uncached": 84.06811141967773, "time_cached": 84.21344232559204, "equality": false, "mse": 20.39468045201875, "true_fourier_norm_squared": 1213.3515525643463, "computed_fourier_norm_squared": 1222.9595546893167, "measurements": 6280}