{"n": 324, "no_trees": 20, "depth": 4, "C": 0.2, "ratio": 1.1, "sampling_factor": 3.7777777777777777, "n_cores": 10, "wait_time": 10000, "k": 410, "time_uncached": 22857.773768424988, "time_cached": 22926.58092570305, "equality": false, "mse": 5.0363990434128105, "true_fourier_norm_squared": 1388.8115866601522, "computed_fourier_norm_squared": 1394.9638672626916, "measurements": 85632}