{"n": 324, "no_trees": 20, "depth": 3, "C": 1.0, "ratio": 1.1, "sampling_factor": 3.333333333333333, "n_cores": 10, "wait_time": 1000, "k": 50, "time_uncached": 123.1854898929596, "time_cached": 121.96066570281982, "equality": true, "mse": 3.5191747501810206e-29, "true_fourier_norm_squared": 1213.3515525643463, "computed_fourier_norm_squared": 1213.3515525643463, "measurements": 30144}