{"n": 324, "no_trees": 20, "depth": 3, "C": 0.4, "ratio": 1.6, "sampling_factor": 2.4444444444444446, "n_cores": 10, "wait_time": 1000, "k": 50, "time_uncached": 120.63302731513977, "time_cached": 122.51518034934998, "equality": false, "mse": 1.8343627320726175, "true_fourier_norm_squared": 1213.3515525643463, "computed_fourier_norm_squared": 1204.986859314228, "measurements": 7360}