{"n": 324, "no_trees": 20, "depth": 4, "C": 0.1, "ratio": 1.1, "sampling_factor": 2.888888888888889, "n_cores": 10, "wait_time": 10000, "k": 410, "time_uncached": 18756.347504854202, "time_cached": 18935.630420446396, "equality": false, "mse": 18.619028249252146, "true_fourier_norm_squared": 1388.8115866601522, "computed_fourier_norm_squared": 1454.3162893686292, "measurements": 32832}