{"n": 324, "no_trees": 20, "depth": 3, "C": 0.8, "ratio": 1.1, "sampling_factor": 4.666666666666666, "n_cores": 10, "wait_time": 1000, "k": 50, "time_uncached": 190.92355465888977, "time_cached": 192.5658404827118, "equality": false, "mse": 0.10265034628188217, "true_fourier_norm_squared": 1213.3515525643463, "computed_fourier_norm_squared": 1214.6011860564463, "measurements": 42240}