{"n": 324, "no_trees": 20, "depth": 3, "C": 0.5, "ratio": 1.6, "sampling_factor": 6.0, "n_cores": 10, "wait_time": 1000, "k": 50, "time_uncached": 322.27051877975464, "time_cached": 319.0489776134491, "equality": false, "mse": 0.27673034008433023, "true_fourier_norm_squared": 1213.3515525643463, "computed_fourier_norm_squared": 1227.4044497490775, "measurements": 18112}