{"n": 324, "no_trees": 20, "depth": 4, "C": 0.6, "ratio": 3.0, "sampling_factor": 0.2, "n_cores": 10, "wait_time": 10000, "k": 410, "time_uncached": 44.34743022918701, "time_cached": 44.2422411441803, "equality": false, "mse": 3810.5015038620486, "true_fourier_norm_squared": 1388.8115866601522, "computed_fourier_norm_squared": 4342.5787103748025, "measurements": 4992}