{"n": 324, "no_trees": 20, "depth": 4, "C": 0.06, "ratio": 1.1, "sampling_factor": 3.7777777777777777, "n_cores": 10, "wait_time": 10000, "k": 410, "time_uncached": 8116.055764913559, "time_cached": 7988.592568874359, "equality": false, "mse": 50.219548558052175, "true_fourier_norm_squared": 1388.8115866601522, "computed_fourier_norm_squared": 1344.5163340755153, "measurements": 21408}