{"n": 324, "no_trees": 20, "depth": 3, "C": 0.7, "ratio": 3.0, "sampling_factor": 5.111111111111111, "n_cores": 10, "wait_time": 1000, "k": 50, "time_uncached": 60.826401710510254, "time_cached": 63.2978458404541, "equality": false, "mse": 0.27282649497459954, "true_fourier_norm_squared": 1213.3515525643463, "computed_fourier_norm_squared": 1212.3004913229142, "measurements": 19280}