{"n": 324, "no_trees": 20, "depth": 4, "C": 0.6, "ratio": 1.6, "sampling_factor": 1.4000000000000001, "n_cores": 10, "wait_time": 10000, "k": 410, "time_uncached": 23269.29897236824, "time_cached": 23104.875534772873, "equality": false, "mse": 0.39804640181121287, "true_fourier_norm_squared": 1388.8115866601522, "computed_fourier_norm_squared": 1387.8934930723642, "measurements": 53120}