{"n": 324, "no_trees": 20, "depth": 4, "C": 0.05, "ratio": 1.6, "sampling_factor": 1.4000000000000001, "n_cores": 10, "wait_time": 10000, "k": 410, "time_uncached": 5740.329746007919, "time_cached": 5851.554787874222, "equality": false, "mse": 51.4646527602796, "true_fourier_norm_squared": 1388.8115866601522, "computed_fourier_norm_squared": 1235.7624805657003, "measurements": 5312}