{"n": 324, "no_trees": 20, "depth": 3, "C": 1.0, "ratio": 3.0, "sampling_factor": 4.666666666666666, "n_cores": 10, "wait_time": 1000, "k": 50, "time_uncached": 156.56570148468018, "time_cached": 156.5307548046112, "equality": false, "mse": 17.363522789719354, "true_fourier_norm_squared": 1213.3515525643463, "computed_fourier_norm_squared": 1200.8067295531412, "measurements": 21120}