{"n": 324, "no_trees": 20, "depth": 4, "C": 0.2, "ratio": 3.0, "sampling_factor": 5.111111111111111, "n_cores": 10, "wait_time": 10000, "k": 410, "time_uncached": 2106.8563284873962, "time_cached": 2143.443331718445, "equality": false, "mse": 22.351764839937847, "true_fourier_norm_squared": 1388.8115866601522, "computed_fourier_norm_squared": 1423.7993973155046, "measurements": 53152}