{"n": 324, "no_trees": 20, "depth": 4, "C": 0.6, "ratio": 3.0, "sampling_factor": 0.6000000000000001, "n_cores": 10, "wait_time": 10000, "k": 410, "time_uncached": 31689.88895225525, "time_cached": 26771.776467323303, "equality": false, "mse": 4.296986281824086, "true_fourier_norm_squared": 1388.8115866601522, "computed_fourier_norm_squared": 1388.098203196017, "measurements": 14976}