{"n": 324, "no_trees": 20, "depth": 3, "C": 0.5, "ratio": 3.0, "sampling_factor": 3.7777777777777777, "n_cores": 10, "wait_time": 1000, "k": 50, "time_uncached": 37.80405116081238, "time_cached": 37.66390800476074, "equality": false, "mse": 23.915768011204513, "true_fourier_norm_squared": 1213.3515525643463, "computed_fourier_norm_squared": 1181.0964169800372, "measurements": 5696}