{"n": 324, "no_trees": 20, "depth": 3, "C": 0.3, "ratio": 3.0, "sampling_factor": 1.2, "n_cores": 10, "wait_time": 1000, "k": 50, "time_uncached": 17.51180934906006, "time_cached": 17.47414255142212, "equality": false, "mse": 29.432214420477074, "true_fourier_norm_squared": 1213.3515525643463, "computed_fourier_norm_squared": 1226.141434028788, "measurements": 912}