{"n": 324, "no_trees": 20, "depth": 4, "C": 0.6, "ratio": 1.6, "sampling_factor": 0.6000000000000001, "n_cores": 10, "wait_time": 10000, "k": 410, "time_uncached": 26436.009405374527, "time_cached": 26521.09230208397, "equality": false, "mse": 0.6367080413951134, "true_fourier_norm_squared": 1388.8115866601522, "computed_fourier_norm_squared": 1387.2455688327493, "measurements": 23040}