{"n": 324, "no_trees": 20, "depth": 3, "C": 0.4, "ratio": 3.0, "sampling_factor": 0.6000000000000001, "n_cores": 10, "wait_time": 1000, "k": 50, "time_uncached": 39.601842641830444, "time_cached": 38.578413248062134, "equality": false, "mse": 36.946769405796594, "true_fourier_norm_squared": 1213.3515525643463, "computed_fourier_norm_squared": 1198.4241909942493, "measurements": 928}