{"n": 324, "no_trees": 20, "depth": 4, "C": 0.05, "ratio": 3.0, "sampling_factor": 1.6, "n_cores": 10, "wait_time": 10000, "k": 410, "time_uncached": 2539.9653289318085, "time_cached": 2357.3196325302124, "equality": false, "mse": 55.19087473282557, "true_fourier_norm_squared": 1388.8115866601522, "computed_fourier_norm_squared": 1309.2440189572626, "measurements": 3040}