{"n": 324, "no_trees": 20, "depth": 4, "C": 0.01, "ratio": 1.1, "sampling_factor": 5.111111111111111, "n_cores": 10, "wait_time": 10000, "k": 410, "time_uncached": 366.08438634872437, "time_cached": 367.0102858543396, "equality": false, "mse": 318.8068537022153, "true_fourier_norm_squared": 1388.8115866601522, "computed_fourier_norm_squared": 2255.3187855555916, "measurements": 3624}