{"n": 324, "no_trees": 20, "depth": 4, "C": 0.6, "ratio": 1.6, "sampling_factor": 4.222222222222222, "n_cores": 10, "wait_time": 10000, "k": 410, "time_uncached": 14897.619413852692, "time_cached": 14773.99853181839, "equality": false, "mse": 0.5139899177367458, "true_fourier_norm_squared": 1388.8115866601522, "computed_fourier_norm_squared": 1389.5006335156536, "measurements": 160000}