{"n": 324, "no_trees": 20, "depth": 4, "C": 0.09, "ratio": 1.6, "sampling_factor": 5.555555555555555, "n_cores": 10, "wait_time": 10000, "k": 410, "time_uncached": 69.41993951797485, "time_cached": 70.7322998046875, "equality": false, "mse": 49.28585582607725, "true_fourier_norm_squared": 1388.8115866601522, "computed_fourier_norm_squared": 1605.0732855219974, "measurements": 36736}