{"n": 324, "no_trees": 20, "depth": 3, "C": 0.1, "ratio": 1.6, "sampling_factor": 4.666666666666666, "n_cores": 10, "wait_time": 1000, "k": 50, "time_uncached": 157.3029625415802, "time_cached": 159.72595477104187, "equality": false, "mse": 145.12206215089387, "true_fourier_norm_squared": 1213.3515525643463, "computed_fourier_norm_squared": 1277.466419338258, "measurements": 2640}