{"n": 324, "no_trees": 20, "depth": 3, "C": 0.5, "ratio": 1.6, "sampling_factor": 1.0, "n_cores": 10, "wait_time": 1000, "k": 50, "time_uncached": 79.25904965400696, "time_cached": 78.13968992233276, "equality": false, "mse": 3.185385659775606, "true_fourier_norm_squared": 1213.3515525643463, "computed_fourier_norm_squared": 1192.720824126035, "measurements": 3072}