{"n": 324, "no_trees": 20, "depth": 4, "C": 0.08, "ratio": 1.6, "sampling_factor": 4.666666666666666, "n_cores": 10, "wait_time": 10000, "k": 410, "time_uncached": 6460.294767618179, "time_cached": 6452.493703365326, "equality": false, "mse": 49.52781175721095, "true_fourier_norm_squared": 1388.8115866601522, "computed_fourier_norm_squared": 1371.6107661332212, "measurements": 22080}