{"n": 324, "no_trees": 20, "depth": 4, "C": 0.15, "ratio": 3.0, "sampling_factor": 4.222222222222222, "n_cores": 10, "wait_time": 10000, "k": 410, "time_uncached": 6971.43922662735, "time_cached": 6727.612296581268, "equality": false, "mse": 50.427644657147034, "true_fourier_norm_squared": 1388.8115866601522, "computed_fourier_norm_squared": 1351.7689953893118, "measurements": 24000}