{"n": 324, "no_trees": 20, "depth": 4, "C": 0.6, "ratio": 3.0, "sampling_factor": 1.6, "n_cores": 10, "wait_time": 10000, "k": 410, "time_uncached": 18694.955914974213, "time_cached": 18996.18831014633, "equality": false, "mse": 2.418933890101821, "true_fourier_norm_squared": 1388.8115866601522, "computed_fourier_norm_squared": 1386.3915462953803, "measurements": 39520}