{"n": 324, "no_trees": 20, "depth": 3, "C": 0.5, "ratio": 1.6, "sampling_factor": 5.555555555555555, "n_cores": 10, "wait_time": 1000, "k": 50, "time_uncached": 251.59222078323364, "time_cached": 254.2308051586151, "equality": false, "mse": 4.96678847667374, "true_fourier_norm_squared": 1213.3515525643463, "computed_fourier_norm_squared": 1224.9447093496408, "measurements": 16768}