{"n": 324, "no_trees": 20, "depth": 3, "C": 0.6, "ratio": 3.0, "sampling_factor": 5.555555555555555, "n_cores": 10, "wait_time": 1000, "k": 50, "time_uncached": 110.25818729400635, "time_cached": 110.5271315574646, "equality": false, "mse": 8.108191896679253, "true_fourier_norm_squared": 1213.3515525643463, "computed_fourier_norm_squared": 1224.787742464289, "measurements": 12576}