{"n": 324, "no_trees": 20, "depth": 4, "C": 0.4, "ratio": 1.6, "sampling_factor": 6.0, "n_cores": 10, "wait_time": 10000, "k": 410, "time_uncached": 333.498113155365, "time_cached": 323.0780756473541, "equality": false, "mse": 0.6275180152384469, "true_fourier_norm_squared": 1388.8115866601522, "computed_fourier_norm_squared": 1389.0935312855552, "measurements": 181760}