{"n": 324, "no_trees": 20, "depth": 3, "C": 0.2, "ratio": 1.6, "sampling_factor": 3.7777777777777777, "n_cores": 10, "wait_time": 1000, "k": 50, "time_uncached": 100.9166202545166, "time_cached": 101.05240941047668, "equality": false, "mse": 19.16939164682723, "true_fourier_norm_squared": 1213.3515525643463, "computed_fourier_norm_squared": 1193.5110704378676, "measurements": 5696}