{"n": 324, "no_trees": 20, "depth": 4, "C": 0.4, "ratio": 1.1, "sampling_factor": 6.0, "n_cores": 10, "wait_time": 10000, "k": 410, "time_uncached": 475.61238193511963, "time_cached": 480.2842917442322, "equality": false, "mse": 0.18275247390172283, "true_fourier_norm_squared": 1388.8115866601522, "computed_fourier_norm_squared": 1389.0812098405072, "measurements": 272640}