{"n": 324, "no_trees": 20, "depth": 3, "C": 0.5, "ratio": 1.6, "sampling_factor": 2.888888888888889, "n_cores": 10, "wait_time": 1000, "k": 50, "time_uncached": 136.13796973228455, "time_cached": 134.03761863708496, "equality": false, "mse": 0.6913735088881081, "true_fourier_norm_squared": 1213.3515525643463, "computed_fourier_norm_squared": 1200.0634414737774, "measurements": 8704}