{"n": 324, "no_trees": 20, "depth": 3, "C": 1.0, "ratio": 3.0, "sampling_factor": 1.2, "n_cores": 10, "wait_time": 1000, "k": 50, "time_uncached": 74.63620686531067, "time_cached": 74.6366536617279, "equality": false, "mse": 0.9387220706203159, "true_fourier_norm_squared": 1213.3515525643463, "computed_fourier_norm_squared": 1213.3726801560183, "measurements": 5472}