{"n": 324, "no_trees": 20, "depth": 3, "C": 0.6, "ratio": 1.6, "sampling_factor": 1.2, "n_cores": 10, "wait_time": 1000, "k": 50, "time_uncached": 75.35088992118835, "time_cached": 74.4173059463501, "equality": false, "mse": 0.1281959549525742, "true_fourier_norm_squared": 1213.3515525643463, "computed_fourier_norm_squared": 1221.7593257697536, "measurements": 4560}