{"n": 324, "no_trees": 20, "depth": 4, "C": 0.1, "ratio": 1.6, "sampling_factor": 1.8, "n_cores": 10, "wait_time": 10000, "k": 410, "time_uncached": 16370.34780883789, "time_cached": 14227.628418207169, "equality": false, "mse": 58.77502459615314, "true_fourier_norm_squared": 1388.8115866601522, "computed_fourier_norm_squared": 1199.178286131186, "measurements": 13696}