{"n": 324, "no_trees": 20, "depth": 4, "C": 0.1, "ratio": 1.6, "sampling_factor": 4.222222222222222, "n_cores": 10, "wait_time": 10000, "k": 410, "time_uncached": 9934.166688203812, "time_cached": 9817.802649497986, "equality": false, "mse": 44.5566861859245, "true_fourier_norm_squared": 1388.8115866601522, "computed_fourier_norm_squared": 1356.9210159812526, "measurements": 32000}