{"n": 324, "no_trees": 20, "depth": 3, "C": 0.7, "ratio": 1.1, "sampling_factor": 6.0, "n_cores": 10, "wait_time": 1000, "k": 50, "time_uncached": 146.40648674964905, "time_cached": 148.2439045906067, "equality": false, "mse": 0.292890794837624, "true_fourier_norm_squared": 1213.3515525643463, "computed_fourier_norm_squared": 1213.337638002691, "measurements": 36224}