{"n": 324, "no_trees": 20, "depth": 4, "C": 0.09, "ratio": 1.6, "sampling_factor": 2.0, "n_cores": 10, "wait_time": 10000, "k": 410, "time_uncached": 9283.036461114883, "time_cached": 8791.585912704468, "equality": false, "mse": 48.959264058723825, "true_fourier_norm_squared": 1388.8115866601522, "computed_fourier_norm_squared": 1258.4824134717585, "measurements": 13328}