{"n": 324, "no_trees": 20, "depth": 4, "C": 0.2, "ratio": 1.1, "sampling_factor": 1.2, "n_cores": 10, "wait_time": 10000, "k": 410, "time_uncached": 22575.829873800278, "time_cached": 22307.0298538208, "equality": false, "mse": 8.177349703000075, "true_fourier_norm_squared": 1388.8115866601522, "computed_fourier_norm_squared": 1357.7314410305312, "measurements": 27264}