{"n": 324, "no_trees": 20, "depth": 3, "C": 0.6, "ratio": 1.1, "sampling_factor": 3.333333333333333, "n_cores": 10, "wait_time": 1000, "k": 50, "time_uncached": 126.42505526542664, "time_cached": 127.27233624458313, "equality": false, "mse": 0.14772531172636388, "true_fourier_norm_squared": 1213.3515525643463, "computed_fourier_norm_squared": 1214.5865641771215, "measurements": 15072}