{"n": 324, "no_trees": 20, "depth": 3, "C": 0.8, "ratio": 1.6, "sampling_factor": 2.4444444444444446, "n_cores": 10, "wait_time": 1000, "k": 50, "time_uncached": 104.08751201629639, "time_cached": 103.06561064720154, "equality": false, "mse": 0.19425240727305054, "true_fourier_norm_squared": 1213.3515525643463, "computed_fourier_norm_squared": 1217.1637256519082, "measurements": 12880}