{"n": 324, "no_trees": 20, "depth": 4, "C": 0.2, "ratio": 1.6, "sampling_factor": 1.8, "n_cores": 10, "wait_time": 10000, "k": 410, "time_uncached": 22354.27065038681, "time_cached": 22340.115812778473, "equality": false, "mse": 16.671286312063213, "true_fourier_norm_squared": 1388.8115866601522, "computed_fourier_norm_squared": 1349.6307381559618, "measurements": 27392}