{"n": 324, "no_trees": 20, "depth": 3, "C": 0.8, "ratio": 1.6, "sampling_factor": 0.6000000000000001, "n_cores": 10, "wait_time": 1000, "k": 50, "time_uncached": 81.44653797149658, "time_cached": 81.3168134689331, "equality": false, "mse": 0.7057189493880023, "true_fourier_norm_squared": 1213.3515525643463, "computed_fourier_norm_squared": 1214.1328398497724, "measurements": 3248}