{"n": 324, "no_trees": 20, "depth": 3, "C": 0.2, "ratio": 3.0, "sampling_factor": 4.222222222222222, "n_cores": 10, "wait_time": 1000, "k": 50, "time_uncached": 25.92698335647583, "time_cached": 25.853313446044922, "equality": false, "mse": 30.49745522839562, "true_fourier_norm_squared": 1213.3515525643463, "computed_fourier_norm_squared": 1227.2066748367063, "measurements": 3184}