{"n": 324, "no_trees": 20, "depth": 3, "C": 0.6, "ratio": 1.6, "sampling_factor": 4.666666666666666, "n_cores": 10, "wait_time": 1000, "k": 50, "time_uncached": 230.7405023574829, "time_cached": 228.61542296409607, "equality": false, "mse": 0.5449655428670364, "true_fourier_norm_squared": 1213.3515525643463, "computed_fourier_norm_squared": 1216.1766967765632, "measurements": 17600}