{"n": 324, "no_trees": 20, "depth": 4, "C": 0.06, "ratio": 1.1, "sampling_factor": 1.6, "n_cores": 10, "wait_time": 10000, "k": 410, "time_uncached": 8435.856429815292, "time_cached": 8441.913871765137, "equality": false, "mse": 37.38000647092175, "true_fourier_norm_squared": 1388.8115866601522, "computed_fourier_norm_squared": 1315.3271625620498, "measurements": 9120}