{"n": 324, "no_trees": 20, "depth": 3, "C": 0.3, "ratio": 1.6, "sampling_factor": 6.0, "n_cores": 10, "wait_time": 1000, "k": 50, "time_uncached": 255.2886838912964, "time_cached": 257.06983160972595, "equality": false, "mse": 17.596502224258998, "true_fourier_norm_squared": 1213.3515525643463, "computed_fourier_norm_squared": 1208.4224036961946, "measurements": 11320}