{"n": 324, "no_trees": 20, "depth": 4, "C": 0.2, "ratio": 3.0, "sampling_factor": 2.4444444444444446, "n_cores": 10, "wait_time": 10000, "k": 410, "time_uncached": 12711.155047655106, "time_cached": 12331.320915460587, "equality": false, "mse": 18.985295511785367, "true_fourier_norm_squared": 1388.8115866601522, "computed_fourier_norm_squared": 1421.2298263296605, "measurements": 25520}