{"n": 324, "no_trees": 20, "depth": 4, "C": 0.02, "ratio": 1.6, "sampling_factor": 2.888888888888889, "n_cores": 10, "wait_time": 10000, "k": 410, "time_uncached": 2532.3066709041595, "time_cached": 2500.8887383937836, "equality": false, "mse": 179.16927667259495, "true_fourier_norm_squared": 1388.8115866601522, "computed_fourier_norm_squared": 1632.7590952937394, "measurements": 3420}