{"n": 324, "no_trees": 20, "depth": 4, "C": 0.06, "ratio": 3.0, "sampling_factor": 6.0, "n_cores": 10, "wait_time": 10000, "k": 410, "time_uncached": 19.8608238697052, "time_cached": 19.988378524780273, "equality": false, "mse": 54.444984581837936, "true_fourier_norm_squared": 1388.8115866601522, "computed_fourier_norm_squared": 1390.0055085892322, "measurements": 11360}