{"n": 324, "no_trees": 20, "depth": 4, "C": 0.2, "ratio": 1.1, "sampling_factor": 4.222222222222222, "n_cores": 10, "wait_time": 10000, "k": 410, "time_uncached": 21926.07643008232, "time_cached": 21584.17950940132, "equality": false, "mse": 4.925022616289447, "true_fourier_norm_squared": 1388.8115866601522, "computed_fourier_norm_squared": 1362.5455707316116, "measurements": 96000}