{"n": 324, "no_trees": 20, "depth": 4, "C": 0.4, "ratio": 1.6, "sampling_factor": 0.2, "n_cores": 10, "wait_time": 10000, "k": 410, "time_uncached": 55.23093795776367, "time_cached": 55.25156235694885, "equality": false, "mse": 3369.1981378131914, "true_fourier_norm_squared": 1388.8115866601522, "computed_fourier_norm_squared": 3899.805085322485, "measurements": 6144}