{"n": 324, "no_trees": 20, "depth": 3, "C": 0.2, "ratio": 1.6, "sampling_factor": 4.222222222222222, "n_cores": 10, "wait_time": 1000, "k": 50, "time_uncached": 207.2971305847168, "time_cached": 218.63855862617493, "equality": false, "mse": 23.226385268355596, "true_fourier_norm_squared": 1213.3515525643463, "computed_fourier_norm_squared": 1218.912144838913, "measurements": 6368}