{"n": 324, "no_trees": 20, "depth": 4, "C": 0.03, "ratio": 1.6, "sampling_factor": 1.4000000000000001, "n_cores": 10, "wait_time": 10000, "k": 410, "time_uncached": 3105.5808823108673, "time_cached": 3049.168745279312, "equality": false, "mse": 113.29626571836646, "true_fourier_norm_squared": 1388.8115866601522, "computed_fourier_norm_squared": 1137.7802038502891, "measurements": 2656}