{"n": 324, "no_trees": 20, "depth": 4, "C": 0.1, "ratio": 3.0, "sampling_factor": 2.4444444444444446, "n_cores": 10, "wait_time": 10000, "k": 410, "time_uncached": 6604.6329646110535, "time_cached": 6615.28710603714, "equality": false, "mse": 59.42426464447325, "true_fourier_norm_squared": 1388.8115866601522, "computed_fourier_norm_squared": 1587.1862362736151, "measurements": 11600}