{"n": 324, "no_trees": 20, "depth": 4, "C": 0.15, "ratio": 1.1, "sampling_factor": 0.2, "n_cores": 10, "wait_time": 10000, "k": 410, "time_uncached": 22.544052124023438, "time_cached": 22.57685422897339, "equality": false, "mse": 3504.892013649175, "true_fourier_norm_squared": 1388.8115866601522, "computed_fourier_norm_squared": 4033.240805591858, "measurements": 2304}