{"n": 324, "no_trees": 20, "depth": 3, "C": 0.5, "ratio": 1.6, "sampling_factor": 3.333333333333333, "n_cores": 10, "wait_time": 1000, "k": 50, "time_uncached": 152.59767174720764, "time_cached": 154.98382377624512, "equality": false, "mse": 3.80083327528629, "true_fourier_norm_squared": 1213.3515525643463, "computed_fourier_norm_squared": 1211.257163555904, "measurements": 10048}