{"n": 324, "no_trees": 20, "depth": 4, "C": 0.04, "ratio": 1.6, "sampling_factor": 3.7777777777777777, "n_cores": 10, "wait_time": 10000, "k": 410, "time_uncached": 4176.8545570373535, "time_cached": 4135.979907274246, "equality": false, "mse": 88.03988758073136, "true_fourier_norm_squared": 1388.8115866601522, "computed_fourier_norm_squared": 1477.7806601015998, "measurements": 8920}