{"n": 324, "no_trees": 20, "depth": 3, "C": 0.9, "ratio": 1.1, "sampling_factor": 2.0, "n_cores": 10, "wait_time": 1000, "k": 50, "time_uncached": 105.59927535057068, "time_cached": 105.01529288291931, "equality": false, "mse": 0.0031895793193937364, "true_fourier_norm_squared": 1213.3515525643463, "computed_fourier_norm_squared": 1213.4003200196032, "measurements": 18240}