{"n": 324, "no_trees": 20, "depth": 4, "C": 0.04, "ratio": 3.0, "sampling_factor": 2.888888888888889, "n_cores": 10, "wait_time": 10000, "k": 410, "time_uncached": 1606.0128922462463, "time_cached": 1593.0061581134796, "equality": false, "mse": 127.12930847326241, "true_fourier_norm_squared": 1388.8115866601522, "computed_fourier_norm_squared": 1494.9367744146386, "measurements": 2736}