{"n": 324, "no_trees": 20, "depth": 4, "C": 0.15, "ratio": 1.6, "sampling_factor": 0.8, "n_cores": 10, "wait_time": 10000, "k": 410, "time_uncached": 11420.575432538986, "time_cached": 10855.43649840355, "equality": false, "mse": 24.752357592655304, "true_fourier_norm_squared": 1388.8115866601522, "computed_fourier_norm_squared": 1362.17159299833, "measurements": 7680}