{"n": 324, "no_trees": 20, "depth": 4, "C": 0.2, "ratio": 1.6, "sampling_factor": 5.111111111111111, "n_cores": 10, "wait_time": 10000, "k": 410, "time_uncached": 2961.527839422226, "time_cached": 3034.460635662079, "equality": false, "mse": 15.08774082952799, "true_fourier_norm_squared": 1388.8115866601522, "computed_fourier_norm_squared": 1416.2291358907987, "measurements": 77312}