{"n": 324, "no_trees": 20, "depth": 3, "C": 0.7, "ratio": 1.6, "sampling_factor": 1.2, "n_cores": 10, "wait_time": 1000, "k": 50, "time_uncached": 90.46965837478638, "time_cached": 91.41724157333374, "equality": false, "mse": 0.23292448067662966, "true_fourier_norm_squared": 1213.3515525643463, "computed_fourier_norm_squared": 1209.420460927579, "measurements": 6384}