{"n": 324, "no_trees": 20, "depth": 4, "C": 0.09, "ratio": 3.0, "sampling_factor": 4.666666666666666, "n_cores": 10, "wait_time": 10000, "k": 410, "time_uncached": 5511.268437862396, "time_cached": 5387.847464323044, "equality": false, "mse": 67.44213166402216, "true_fourier_norm_squared": 1388.8115866601522, "computed_fourier_norm_squared": 1305.962890002953, "measurements": 22080}