{"n": 324, "no_trees": 20, "depth": 4, "C": 0.2, "ratio": 1.6, "sampling_factor": 2.4444444444444446, "n_cores": 10, "wait_time": 10000, "k": 410, "time_uncached": 18146.46041035652, "time_cached": 17454.65710401535, "equality": false, "mse": 11.078565270959503, "true_fourier_norm_squared": 1388.8115866601522, "computed_fourier_norm_squared": 1423.1544988208293, "measurements": 37120}