{"n": 324, "no_trees": 20, "depth": 3, "C": 0.7, "ratio": 1.1, "sampling_factor": 0.2, "n_cores": 10, "wait_time": 1000, "k": 50, "time_uncached": 11.472181558609009, "time_cached": 11.412600040435791, "equality": false, "mse": 2068.4721503105993, "true_fourier_norm_squared": 1213.3515525643463, "computed_fourier_norm_squared": 2994.746058688407, "measurements": 1280}