{"n": 324, "no_trees": 20, "depth": 4, "C": 0.09, "ratio": 3.0, "sampling_factor": 0.2, "n_cores": 10, "wait_time": 10000, "k": 410, "time_uncached": 9.903437852859497, "time_cached": 9.870468854904175, "equality": false, "mse": 2357.321507921978, "true_fourier_norm_squared": 1388.8115866601522, "computed_fourier_norm_squared": 2884.801436188222, "measurements": 960}