{"n": 324, "no_trees": 20, "depth": 3, "C": 0.5, "ratio": 3.0, "sampling_factor": 1.4000000000000001, "n_cores": 10, "wait_time": 1000, "k": 50, "time_uncached": 29.380947828292847, "time_cached": 29.366889476776123, "equality": false, "mse": 23.901684821316728, "true_fourier_norm_squared": 1213.3515525643463, "computed_fourier_norm_squared": 1205.4431151895067, "measurements": 2112}