{"n": 324, "no_trees": 20, "depth": 3, "C": 0.3, "ratio": 1.6, "sampling_factor": 0.4, "n_cores": 10, "wait_time": 1000, "k": 50, "time_uncached": 10.439176082611084, "time_cached": 10.38877558708191, "equality": false, "mse": 509.49517174088624, "true_fourier_norm_squared": 1213.3515525643463, "computed_fourier_norm_squared": 1501.0406233904637, "measurements": 760}