{"n": 324, "no_trees": 20, "depth": 3, "C": 0.6, "ratio": 3.0, "sampling_factor": 1.0, "n_cores": 10, "wait_time": 1000, "k": 50, "time_uncached": 48.848135471343994, "time_cached": 47.78510761260986, "equality": false, "mse": 30.646701640093134, "true_fourier_norm_squared": 1213.3515525643463, "computed_fourier_norm_squared": 1185.0732039103443, "measurements": 2304}