{"n": 324, "no_trees": 20, "depth": 4, "C": 0.01, "ratio": 1.6, "sampling_factor": 0.6000000000000001, "n_cores": 10, "wait_time": 10000, "k": 410, "time_uncached": 539.8685331344604, "time_cached": 537.8712677955627, "equality": false, "mse": 181.28471453837872, "true_fourier_norm_squared": 1388.8115866601522, "computed_fourier_norm_squared": 1643.6916577900347, "measurements": 144}