{"n": 324, "no_trees": 20, "depth": 3, "C": 0.1, "ratio": 1.6, "sampling_factor": 1.2, "n_cores": 10, "wait_time": 1000, "k": 50, "time_uncached": 28.212536096572876, "time_cached": 28.265554666519165, "equality": false, "mse": 161.00713325887855, "true_fourier_norm_squared": 1213.3515525643463, "computed_fourier_norm_squared": 715.9989958286069, "measurements": 684}