{"n": 324, "no_trees": 20, "depth": 3, "C": 0.8, "ratio": 3.0, "sampling_factor": 0.2, "n_cores": 10, "wait_time": 1000, "k": 50, "time_uncached": 7.52380895614624, "time_cached": 7.4740331172943115, "equality": false, "mse": 1860.0328807145368, "true_fourier_norm_squared": 1213.3515525643463, "computed_fourier_norm_squared": 2246.959701266732, "measurements": 800}