{"n": 324, "no_trees": 20, "depth": 4, "C": 0.03, "ratio": 3.0, "sampling_factor": 1.6, "n_cores": 10, "wait_time": 10000, "k": 410, "time_uncached": 1712.3503251075745, "time_cached": 1637.695811510086, "equality": false, "mse": 124.00845175485516, "true_fourier_norm_squared": 1388.8115866601522, "computed_fourier_norm_squared": 1070.0044037357357, "measurements": 1520}