{"n": 324, "no_trees": 20, "depth": 3, "C": 0.7, "ratio": 1.6, "sampling_factor": 0.8, "n_cores": 10, "wait_time": 1000, "k": 50, "time_uncached": 82.00401878356934, "time_cached": 81.84699177742004, "equality": false, "mse": 0.06980040520350543, "true_fourier_norm_squared": 1213.3515525643463, "computed_fourier_norm_squared": 1216.1909919470395, "measurements": 4256}