{"n": 324, "no_trees": 20, "depth": 3, "C": 0.5, "ratio": 3.0, "sampling_factor": 5.555555555555555, "n_cores": 10, "wait_time": 1000, "k": 50, "time_uncached": 15.425639867782593, "time_cached": 15.425824165344238, "equality": false, "mse": 8.108191896679253, "true_fourier_norm_squared": 1213.3515525643463, "computed_fourier_norm_squared": 1224.787742464289, "measurements": 8384}