{"n": 324, "no_trees": 20, "depth": 4, "C": 0.05, "ratio": 1.1, "sampling_factor": 0.2, "n_cores": 10, "wait_time": 10000, "k": 410, "time_uncached": 11.365089178085327, "time_cached": 11.21596884727478, "equality": false, "mse": 2552.632623655962, "true_fourier_norm_squared": 1388.8115866601522, "computed_fourier_norm_squared": 3739.81292445027, "measurements": 1152}