{"n": 324, "no_trees": 20, "depth": 3, "C": 0.1, "ratio": 1.6, "sampling_factor": 5.555555555555555, "n_cores": 10, "wait_time": 1000, "k": 50, "time_uncached": 130.00097107887268, "time_cached": 128.93939924240112, "equality": false, "mse": 126.14064161769868, "true_fourier_norm_squared": 1213.3515525643463, "computed_fourier_norm_squared": 1434.6136831488298, "measurements": 3144}