{"n": 324, "no_trees": 20, "depth": 4, "C": 0.02, "ratio": 1.1, "sampling_factor": 5.555555555555555, "n_cores": 10, "wait_time": 10000, "k": 410, "time_uncached": 15.063614845275879, "time_cached": 15.03959035873413, "equality": false, "mse": 187.39332333051112, "true_fourier_norm_squared": 1388.8115866601522, "computed_fourier_norm_squared": 1342.8428058593336, "measurements": 7872}