{"n": 324, "no_trees": 20, "depth": 3, "C": 1.0, "ratio": 3.0, "sampling_factor": 4.222222222222222, "n_cores": 10, "wait_time": 1000, "k": 50, "time_uncached": 113.69946813583374, "time_cached": 113.60334706306458, "equality": false, "mse": 0.6196130858392561, "true_fourier_norm_squared": 1213.3515525643463, "computed_fourier_norm_squared": 1217.8908744412513, "measurements": 19104}