{"n": 324, "no_trees": 20, "depth": 3, "C": 0.3, "ratio": 1.6, "sampling_factor": 4.666666666666666, "n_cores": 10, "wait_time": 1000, "k": 50, "time_uncached": 201.96681356430054, "time_cached": 210.98392963409424, "equality": false, "mse": 19.853727766455098, "true_fourier_norm_squared": 1213.3515525643463, "computed_fourier_norm_squared": 1243.3703869511896, "measurements": 8800}