{"n": 324, "no_trees": 20, "depth": 4, "C": 0.06, "ratio": 1.6, "sampling_factor": 0.6000000000000001, "n_cores": 10, "wait_time": 10000, "k": 410, "time_uncached": 4775.297600984573, "time_cached": 5057.413218259811, "equality": false, "mse": 69.82905865315593, "true_fourier_norm_squared": 1388.8115866601522, "computed_fourier_norm_squared": 1322.137315995644, "measurements": 2304}