{"n": 324, "no_trees": 20, "depth": 3, "C": 0.3, "ratio": 1.1, "sampling_factor": 3.7777777777777777, "n_cores": 10, "wait_time": 1000, "k": 50, "time_uncached": 160.4250500202179, "time_cached": 162.39464712142944, "equality": false, "mse": 8.433932627964781, "true_fourier_norm_squared": 1213.3515525643463, "computed_fourier_norm_squared": 1205.0825828344327, "measurements": 8544}