{"n": 324, "no_trees": 20, "depth": 4, "C": 0.09, "ratio": 1.1, "sampling_factor": 3.333333333333333, "n_cores": 10, "wait_time": 10000, "k": 410, "time_uncached": 13599.92353796959, "time_cached": 13126.369792222977, "equality": false, "mse": 42.246576854956146, "true_fourier_norm_squared": 1388.8115866601522, "computed_fourier_norm_squared": 1389.0942418138716, "measurements": 31520}