{"n": 324, "no_trees": 20, "depth": 4, "C": 0.6, "ratio": 1.6, "sampling_factor": 3.7777777777777777, "n_cores": 10, "wait_time": 10000, "k": 410, "time_uncached": 17648.73955965042, "time_cached": 17292.085673093796, "equality": false, "mse": 0.7089233714323068, "true_fourier_norm_squared": 1388.8115866601522, "computed_fourier_norm_squared": 1391.9887270238587, "measurements": 142720}