{"n": 324, "no_trees": 20, "depth": 4, "C": 0.1, "ratio": 1.1, "sampling_factor": 0.8, "n_cores": 10, "wait_time": 10000, "k": 410, "time_uncached": 13405.343659162521, "time_cached": 12716.873095273972, "equality": false, "mse": 19.42548398383948, "true_fourier_norm_squared": 1388.8115866601522, "computed_fourier_norm_squared": 1366.7832049485235, "measurements": 9216}