{"n": 324, "no_trees": 20, "depth": 4, "C": 0.1, "ratio": 3.0, "sampling_factor": 2.888888888888889, "n_cores": 10, "wait_time": 10000, "k": 410, "time_uncached": 7091.043836593628, "time_cached": 7139.264150381088, "equality": false, "mse": 61.3266169772453, "true_fourier_norm_squared": 1388.8115866601522, "computed_fourier_norm_squared": 1204.8399705020115, "measurements": 13680}