{"n": 324, "no_trees": 20, "depth": 4, "C": 0.2, "ratio": 1.1, "sampling_factor": 5.111111111111111, "n_cores": 10, "wait_time": 10000, "k": 410, "time_uncached": 3239.873522758484, "time_cached": 3231.85693025589, "equality": false, "mse": 2.92303313842518, "true_fourier_norm_squared": 1388.8115866601522, "computed_fourier_norm_squared": 1412.4179254227981, "measurements": 115968}