{"n": 324, "no_trees": 20, "depth": 3, "C": 0.3, "ratio": 1.1, "sampling_factor": 6.0, "n_cores": 10, "wait_time": 1000, "k": 50, "time_uncached": 280.55523347854614, "time_cached": 289.0807740688324, "equality": false, "mse": 11.443020152756635, "true_fourier_norm_squared": 1213.3515525643463, "computed_fourier_norm_squared": 1182.999189338435, "measurements": 13584}