{"n": 324, "no_trees": 20, "depth": 4, "C": 0.6, "ratio": 3.0, "sampling_factor": 3.7777777777777777, "n_cores": 10, "wait_time": 10000, "k": 410, "time_uncached": 12974.460114479065, "time_cached": 12694.523360729218, "equality": false, "mse": 9.73089789278414, "true_fourier_norm_squared": 1388.8115866601522, "computed_fourier_norm_squared": 1380.512339691754, "measurements": 92768}