{"n": 324, "no_trees": 20, "depth": 4, "C": 0.2, "ratio": 3.0, "sampling_factor": 1.4000000000000001, "n_cores": 10, "wait_time": 10000, "k": 410, "time_uncached": 11952.364530563354, "time_cached": 11902.920447349548, "equality": false, "mse": 22.284028094994706, "true_fourier_norm_squared": 1388.8115866601522, "computed_fourier_norm_squared": 1415.2853908937718, "measurements": 14608}