{"n": 324, "no_trees": 20, "depth": 4, "C": 0.1, "ratio": 1.1, "sampling_factor": 1.0, "n_cores": 10, "wait_time": 10000, "k": 410, "time_uncached": 13360.524668931961, "time_cached": 12866.291466712952, "equality": false, "mse": 34.0680255144813, "true_fourier_norm_squared": 1388.8115866601522, "computed_fourier_norm_squared": 1430.0920914357114, "measurements": 11520}