{"n": 324, "no_trees": 20, "depth": 3, "C": 0.1, "ratio": 1.1, "sampling_factor": 2.0, "n_cores": 10, "wait_time": 1000, "k": 50, "time_uncached": 49.894153356552124, "time_cached": 49.77711367607117, "equality": false, "mse": 107.90162737988808, "true_fourier_norm_squared": 1213.3515525643463, "computed_fourier_norm_squared": 1665.8035491278688, "measurements": 2280}