{"n": 324, "no_trees": 20, "depth": 4, "C": 0.03, "ratio": 1.6, "sampling_factor": 3.7777777777777777, "n_cores": 10, "wait_time": 10000, "k": 410, "time_uncached": 3806.4728541374207, "time_cached": 3951.889333963394, "equality": false, "mse": 115.62708347200137, "true_fourier_norm_squared": 1388.8115866601522, "computed_fourier_norm_squared": 1460.3008216758392, "measurements": 7136}