{"n": 324, "no_trees": 20, "depth": 4, "C": 0.03, "ratio": 1.6, "sampling_factor": 5.111111111111111, "n_cores": 10, "wait_time": 10000, "k": 410, "time_uncached": 807.9314413070679, "time_cached": 762.9436089992523, "equality": false, "mse": 118.8758234015432, "true_fourier_norm_squared": 1388.8115866601522, "computed_fourier_norm_squared": 1521.2154168516208, "measurements": 9664}