{"n": 324, "no_trees": 20, "depth": 4, "C": 0.08, "ratio": 3.0, "sampling_factor": 0.8, "n_cores": 10, "wait_time": 10000, "k": 410, "time_uncached": 4957.350823640823, "time_cached": 4921.237125873566, "equality": false, "mse": 60.33717201884536, "true_fourier_norm_squared": 1388.8115866601522, "computed_fourier_norm_squared": 1249.5252757122694, "measurements": 2304}