{"n": 324, "no_trees": 20, "depth": 4, "C": 0.1, "ratio": 3.0, "sampling_factor": 5.555555555555555, "n_cores": 10, "wait_time": 10000, "k": 410, "time_uncached": 49.74495506286621, "time_cached": 51.27703642845154, "equality": false, "mse": 68.20254648488195, "true_fourier_norm_squared": 1388.8115866601522, "computed_fourier_norm_squared": 1576.2928814576512, "measurements": 26240}