{"n": 324, "no_trees": 20, "depth": 4, "C": 0.4, "ratio": 3.0, "sampling_factor": 3.333333333333333, "n_cores": 10, "wait_time": 10000, "k": 410, "time_uncached": 12103.82900762558, "time_cached": 11570.039983034134, "equality": false, "mse": 4.1835092900852136, "true_fourier_norm_squared": 1388.8115866601522, "computed_fourier_norm_squared": 1388.9605952575796, "measurements": 69344}