{"n": 324, "no_trees": 20, "depth": 3, "C": 0.5, "ratio": 3.0, "sampling_factor": 2.888888888888889, "n_cores": 10, "wait_time": 1000, "k": 50, "time_uncached": 52.6372389793396, "time_cached": 50.66748261451721, "equality": false, "mse": 8.108191896679246, "true_fourier_norm_squared": 1213.3515525643463, "computed_fourier_norm_squared": 1201.8609218840795, "measurements": 4352}