{"n": 324, "no_trees": 20, "depth": 3, "C": 0.3, "ratio": 3.0, "sampling_factor": 4.666666666666666, "n_cores": 10, "wait_time": 1000, "k": 50, "time_uncached": 21.387182474136353, "time_cached": 20.5084068775177, "equality": false, "mse": 40.97030720163481, "true_fourier_norm_squared": 1213.3515525643463, "computed_fourier_norm_squared": 1191.334623766593, "measurements": 3520}