{"n": 324, "no_trees": 20, "depth": 4, "C": 0.04, "ratio": 1.6, "sampling_factor": 2.4444444444444446, "n_cores": 10, "wait_time": 10000, "k": 410, "time_uncached": 4138.404109954834, "time_cached": 4207.406989812851, "equality": false, "mse": 127.26446452758312, "true_fourier_norm_squared": 1388.8115866601522, "computed_fourier_norm_squared": 1240.1327341559013, "measurements": 5800}