{"n": 324, "no_trees": 20, "depth": 4, "C": 0.09, "ratio": 1.6, "sampling_factor": 0.6000000000000001, "n_cores": 10, "wait_time": 10000, "k": 410, "time_uncached": 7820.911568641663, "time_cached": 8100.002098798752, "equality": false, "mse": 52.58830058822141, "true_fourier_norm_squared": 1388.8115866601522, "computed_fourier_norm_squared": 1517.501659321807, "measurements": 4032}