{"n": 324, "no_trees": 20, "depth": 3, "C": 0.1, "ratio": 3.0, "sampling_factor": 4.666666666666666, "n_cores": 10, "wait_time": 1000, "k": 50, "time_uncached": 4.363059997558594e-05, "time_cached": 7.62939453125e-06, "equality": false, "mse": 1213.3515525643463, "true_fourier_norm_squared": 1213.3515525643463, "computed_fourier_norm_squared": 0, "measurements": 0}