{"n": 324, "no_trees": 20, "depth": 3, "C": 0.5, "ratio": 1.1, "sampling_factor": 0.2, "n_cores": 10, "wait_time": 1000, "k": 50, "time_uncached": 9.91412091255188, "time_cached": 9.868863105773926, "equality": false, "mse": 2189.459381745646, "true_fourier_norm_squared": 1213.3515525643463, "computed_fourier_norm_squared": 3136.4606365201194, "measurements": 960}