{"n": 324, "no_trees": 20, "depth": 4, "C": 0.02, "ratio": 1.1, "sampling_factor": 0.6000000000000001, "n_cores": 10, "wait_time": 10000, "k": 410, "time_uncached": 2101.86222243309, "time_cached": 2047.2740235328674, "equality": false, "mse": 151.60236917119923, "true_fourier_norm_squared": 1388.8115866601522, "computed_fourier_norm_squared": 1552.579792295408, "measurements": 864}