{"n": 324, "no_trees": 20, "depth": 3, "C": 0.2, "ratio": 1.6, "sampling_factor": 3.333333333333333, "n_cores": 10, "wait_time": 1000, "k": 50, "time_uncached": 71.91349697113037, "time_cached": 70.75418162345886, "equality": false, "mse": 21.769440552662953, "true_fourier_norm_squared": 1213.3515525643463, "computed_fourier_norm_squared": 1218.0670403726556, "measurements": 5024}