{"n": 324, "no_trees": 20, "depth": 4, "C": 0.15, "ratio": 1.1, "sampling_factor": 1.4000000000000001, "n_cores": 10, "wait_time": 10000, "k": 410, "time_uncached": 13696.149189710617, "time_cached": 13490.572801351547, "equality": false, "mse": 19.893145947933633, "true_fourier_norm_squared": 1388.8115866601522, "computed_fourier_norm_squared": 1402.4798331009379, "measurements": 15936}