{"n": 324, "no_trees": 20, "depth": 3, "C": 0.8, "ratio": 3.0, "sampling_factor": 4.222222222222222, "n_cores": 10, "wait_time": 1000, "k": 50, "time_uncached": 80.65642547607422, "time_cached": 81.53007507324219, "equality": false, "mse": 1.632684268559729, "true_fourier_norm_squared": 1213.3515525643463, "computed_fourier_norm_squared": 1216.6978245262505, "measurements": 15920}