{"n": 324, "no_trees": 20, "depth": 3, "C": 0.7, "ratio": 1.1, "sampling_factor": 4.222222222222222, "n_cores": 10, "wait_time": 1000, "k": 50, "time_uncached": 141.36337208747864, "time_cached": 143.69917964935303, "equality": false, "mse": 0.04509244282319624, "true_fourier_norm_squared": 1213.3515525643463, "computed_fourier_norm_squared": 1213.018869524252, "measurements": 25472}