{"n": 324, "no_trees": 20, "depth": 3, "C": 0.6, "ratio": 3.0, "sampling_factor": 4.222222222222222, "n_cores": 10, "wait_time": 1000, "k": 50, "time_uncached": 116.02434349060059, "time_cached": 113.7620940208435, "equality": false, "mse": 5.010752542556247, "true_fourier_norm_squared": 1213.3515525643463, "computed_fourier_norm_squared": 1194.713001430199, "measurements": 9552}