{"n": 324, "no_trees": 20, "depth": 4, "C": 0.08, "ratio": 1.6, "sampling_factor": 0.6000000000000001, "n_cores": 10, "wait_time": 10000, "k": 410, "time_uncached": 9884.739914894104, "time_cached": 9377.65653538704, "equality": false, "mse": 64.58157173201081, "true_fourier_norm_squared": 1388.8115866601522, "computed_fourier_norm_squared": 1363.3586453314929, "measurements": 2880}