{"n": 324, "no_trees": 20, "depth": 4, "C": 0.6, "ratio": 3.0, "sampling_factor": 4.666666666666666, "n_cores": 10, "wait_time": 10000, "k": 410, "time_uncached": 9998.82767534256, "time_cached": 10153.734034061432, "equality": false, "mse": 1.8636116250601384, "true_fourier_norm_squared": 1388.8115866601522, "computed_fourier_norm_squared": 1386.8824862980905, "measurements": 114816}