{"n": 324, "no_trees": 20, "depth": 4, "C": 0.1, "ratio": 1.6, "sampling_factor": 2.4444444444444446, "n_cores": 10, "wait_time": 10000, "k": 410, "time_uncached": 15317.129626989365, "time_cached": 13766.766338348389, "equality": false, "mse": 46.8805522618757, "true_fourier_norm_squared": 1388.8115866601522, "computed_fourier_norm_squared": 1305.0855626856899, "measurements": 18560}