{"n": 324, "no_trees": 20, "depth": 3, "C": 0.2, "ratio": 1.6, "sampling_factor": 4.666666666666666, "n_cores": 10, "wait_time": 1000, "k": 50, "time_uncached": 193.13768243789673, "time_cached": 188.08190417289734, "equality": false, "mse": 28.115594633820884, "true_fourier_norm_squared": 1213.3515525643463, "computed_fourier_norm_squared": 1196.418898669683, "measurements": 7040}