{"n": 324, "no_trees": 20, "depth": 4, "C": 0.08, "ratio": 1.6, "sampling_factor": 2.4444444444444446, "n_cores": 10, "wait_time": 10000, "k": 410, "time_uncached": 8570.607024908066, "time_cached": 8670.798487901688, "equality": false, "mse": 47.744088241338424, "true_fourier_norm_squared": 1388.8115866601522, "computed_fourier_norm_squared": 1348.285867694837, "measurements": 11600}