{"n": 324, "no_trees": 20, "depth": 4, "C": 0.15, "ratio": 3.0, "sampling_factor": 3.7777777777777777, "n_cores": 10, "wait_time": 10000, "k": 410, "time_uncached": 7158.808224439621, "time_cached": 7037.06502532959, "equality": false, "mse": 47.511053651432015, "true_fourier_norm_squared": 1388.8115866601522, "computed_fourier_norm_squared": 1325.253618879422, "measurements": 21408}