{"n": 324, "no_trees": 20, "depth": 3, "C": 0.2, "ratio": 1.6, "sampling_factor": 5.111111111111111, "n_cores": 10, "wait_time": 1000, "k": 50, "time_uncached": 199.57262706756592, "time_cached": 204.22009897232056, "equality": false, "mse": 26.286489250069014, "true_fourier_norm_squared": 1213.3515525643463, "computed_fourier_norm_squared": 1184.9277735813537, "measurements": 7712}