{"n": 324, "no_trees": 20, "depth": 4, "C": 0.05, "ratio": 3.0, "sampling_factor": 0.6000000000000001, "n_cores": 10, "wait_time": 10000, "k": 410, "time_uncached": 2193.4706695079803, "time_cached": 2148.3570380210876, "equality": false, "mse": 69.82905865315593, "true_fourier_norm_squared": 1388.8115866601522, "computed_fourier_norm_squared": 1322.137315995644, "measurements": 1152}