{"n": 324, "no_trees": 20, "depth": 3, "C": 0.1, "ratio": 1.1, "sampling_factor": 2.4444444444444446, "n_cores": 10, "wait_time": 1000, "k": 50, "time_uncached": 79.52640867233276, "time_cached": 80.64240908622742, "equality": false, "mse": 119.35136799874832, "true_fourier_norm_squared": 1213.3515525643463, "computed_fourier_norm_squared": 1400.9828085167137, "measurements": 2760}