{"n": 324, "no_trees": 20, "depth": 4, "C": 0.4, "ratio": 3.0, "sampling_factor": 2.888888888888889, "n_cores": 10, "wait_time": 10000, "k": 410, "time_uncached": 12568.257409334183, "time_cached": 12419.179280996323, "equality": false, "mse": 4.149449501977617, "true_fourier_norm_squared": 1388.8115866601522, "computed_fourier_norm_squared": 1389.675046059026, "measurements": 60192}