{"n": 324, "no_trees": 20, "depth": 4, "C": 0.2, "ratio": 3.0, "sampling_factor": 3.333333333333333, "n_cores": 10, "wait_time": 10000, "k": 410, "time_uncached": 13419.20383810997, "time_cached": 12989.22082567215, "equality": false, "mse": 21.02673066983749, "true_fourier_norm_squared": 1388.8115866601522, "computed_fourier_norm_squared": 1345.5091766318517, "measurements": 34672}