{"n": 324, "no_trees": 20, "depth": 4, "C": 0.06, "ratio": 3.0, "sampling_factor": 4.666666666666666, "n_cores": 10, "wait_time": 10000, "k": 410, "time_uncached": 1841.3344593048096, "time_cached": 1869.3753530979156, "equality": false, "mse": 53.22534872625412, "true_fourier_norm_squared": 1388.8115866601522, "computed_fourier_norm_squared": 1366.3426937149297, "measurements": 8832}