{"n": 324, "no_trees": 20, "depth": 4, "C": 0.03, "ratio": 1.1, "sampling_factor": 3.333333333333333, "n_cores": 10, "wait_time": 10000, "k": 410, "time_uncached": 5451.480595588684, "time_cached": 5157.984102725983, "equality": false, "mse": 82.81207479705763, "true_fourier_norm_squared": 1388.8115866601522, "computed_fourier_norm_squared": 1244.3754042854948, "measurements": 9456}