{"n": 324, "no_trees": 20, "depth": 3, "C": 1.0, "ratio": 3.0, "sampling_factor": 2.4444444444444446, "n_cores": 10, "wait_time": 1000, "k": 50, "time_uncached": 82.80248236656189, "time_cached": 84.96466207504272, "equality": false, "mse": 0.6968420671812774, "true_fourier_norm_squared": 1213.3515525643463, "computed_fourier_norm_squared": 1216.866528086648, "measurements": 11040}