{"n": 324, "no_trees": 20, "depth": 3, "C": 0.4, "ratio": 1.1, "sampling_factor": 5.555555555555555, "n_cores": 10, "wait_time": 1000, "k": 50, "time_uncached": 164.33826732635498, "time_cached": 167.84531211853027, "equality": false, "mse": 0.029632638992553608, "true_fourier_norm_squared": 1213.3515525643463, "computed_fourier_norm_squared": 1215.2572925720083, "measurements": 25152}