{"n": 324, "no_trees": 20, "depth": 4, "C": 0.01, "ratio": 1.6, "sampling_factor": 6.0, "n_cores": 10, "wait_time": 10000, "k": 410, "time_uncached": 3.2171332836151123, "time_cached": 3.1637442111968994, "equality": false, "mse": 176.31280361910532, "true_fourier_norm_squared": 1388.8115866601522, "computed_fourier_norm_squared": 912.094732349649, "measurements": 1420}