{"n": 324, "no_trees": 20, "depth": 4, "C": 0.06, "ratio": 3.0, "sampling_factor": 3.7777777777777777, "n_cores": 10, "wait_time": 10000, "k": 410, "time_uncached": 2341.1321897506714, "time_cached": 2384.938103199005, "equality": false, "mse": 59.72104516458422, "true_fourier_norm_squared": 1388.8115866601522, "computed_fourier_norm_squared": 1339.0399310116507, "measurements": 7136}