{"n": 324, "no_trees": 20, "depth": 4, "C": 0.15, "ratio": 1.6, "sampling_factor": 3.333333333333333, "n_cores": 10, "wait_time": 10000, "k": 410, "time_uncached": 12371.29118180275, "time_cached": 12216.258225440979, "equality": false, "mse": 42.246576854956146, "true_fourier_norm_squared": 1388.8115866601522, "computed_fourier_norm_squared": 1389.0942418138716, "measurements": 31520}