{"n": 324, "no_trees": 20, "depth": 3, "C": 0.9, "ratio": 1.1, "sampling_factor": 0.2, "n_cores": 10, "wait_time": 1000, "k": 50, "time_uncached": 18.570754051208496, "time_cached": 18.60030770301819, "equality": false, "mse": 3287.312573396801, "true_fourier_norm_squared": 1213.3515525643463, "computed_fourier_norm_squared": 3685.6886103404645, "measurements": 1920}