{"n": 324, "no_trees": 20, "depth": 3, "C": 0.6, "ratio": 3.0, "sampling_factor": 3.333333333333333, "n_cores": 10, "wait_time": 1000, "k": 50, "time_uncached": 92.91504144668579, "time_cached": 93.73110032081604, "equality": false, "mse": 7.986516549134533, "true_fourier_norm_squared": 1213.3515525643463, "computed_fourier_norm_squared": 1209.5409509337157, "measurements": 7536}