{"n": 324, "no_trees": 20, "depth": 3, "C": 0.8, "ratio": 3.0, "sampling_factor": 1.2, "n_cores": 10, "wait_time": 1000, "k": 50, "time_uncached": 56.2386429309845, "time_cached": 56.22711777687073, "equality": false, "mse": 1.7900230639796073, "true_fourier_norm_squared": 1213.3515525643463, "computed_fourier_norm_squared": 1217.0090296806127, "measurements": 4560}