{"n": 324, "no_trees": 20, "depth": 4, "C": 0.03, "ratio": 1.1, "sampling_factor": 2.0, "n_cores": 10, "wait_time": 10000, "k": 410, "time_uncached": 4803.85800409317, "time_cached": 4752.185363769531, "equality": false, "mse": 102.12433574047094, "true_fourier_norm_squared": 1388.8115866601522, "computed_fourier_norm_squared": 1548.0356252719273, "measurements": 5712}