{"n": 324, "no_trees": 20, "depth": 4, "C": 0.1, "ratio": 1.6, "sampling_factor": 0.2, "n_cores": 10, "wait_time": 10000, "k": 410, "time_uncached": 15.072098016738892, "time_cached": 15.060591459274292, "equality": false, "mse": 1466.7866134315002, "true_fourier_norm_squared": 1388.8115866601522, "computed_fourier_norm_squared": 2667.0016108569725, "measurements": 1536}