{"n": 324, "no_trees": 20, "depth": 3, "C": 0.6, "ratio": 1.6, "sampling_factor": 5.555555555555555, "n_cores": 10, "wait_time": 1000, "k": 50, "time_uncached": 307.40909361839294, "time_cached": 311.66314911842346, "equality": false, "mse": 0.8011264679367731, "true_fourier_norm_squared": 1213.3515525643463, "computed_fourier_norm_squared": 1226.2371216602203, "measurements": 20960}