{"n": 324, "no_trees": 20, "depth": 3, "C": 0.1, "ratio": 1.6, "sampling_factor": 0.6000000000000001, "n_cores": 10, "wait_time": 1000, "k": 50, "time_uncached": 37.71641492843628, "time_cached": 39.699331283569336, "equality": false, "mse": 142.84859491467748, "true_fourier_norm_squared": 1213.3515525643463, "computed_fourier_norm_squared": 758.6058583478292, "measurements": 348}