{"n": 324, "no_trees": 20, "depth": 3, "C": 0.3, "ratio": 3.0, "sampling_factor": 6.0, "n_cores": 10, "wait_time": 1000, "k": 50, "time_uncached": 9.584342956542969, "time_cached": 9.549811363220215, "equality": false, "mse": 27.62021552567871, "true_fourier_norm_squared": 1213.3515525643463, "computed_fourier_norm_squared": 1198.7285825180993, "measurements": 4528}