{"n": 324, "no_trees": 20, "depth": 4, "C": 0.4, "ratio": 1.6, "sampling_factor": 5.111111111111111, "n_cores": 10, "wait_time": 10000, "k": 410, "time_uncached": 2901.1720201969147, "time_cached": 3002.5953481197357, "equality": false, "mse": 1.1159786036116808, "true_fourier_norm_squared": 1388.8115866601522, "computed_fourier_norm_squared": 1387.872260064574, "measurements": 154624}