{"n": 324, "no_trees": 20, "depth": 3, "C": 0.9, "ratio": 1.6, "sampling_factor": 5.111111111111111, "n_cores": 10, "wait_time": 1000, "k": 50, "time_uncached": 213.8335018157959, "time_cached": 214.12101483345032, "equality": false, "mse": 0.03656177227717987, "true_fourier_norm_squared": 1213.3515525643463, "computed_fourier_norm_squared": 1213.3920032037017, "measurements": 30848}