{"n": 324, "no_trees": 20, "depth": 4, "C": 0.4, "ratio": 1.6, "sampling_factor": 3.7777777777777777, "n_cores": 10, "wait_time": 10000, "k": 410, "time_uncached": 19294.80599617958, "time_cached": 18212.423481702805, "equality": false, "mse": 1.6063508761802976, "true_fourier_norm_squared": 1388.8115866601522, "computed_fourier_norm_squared": 1390.6783339923084, "measurements": 114176}