{"n": 324, "no_trees": 20, "depth": 3, "C": 1.0, "ratio": 1.1, "sampling_factor": 0.2, "n_cores": 10, "wait_time": 1000, "k": 50, "time_uncached": 18.521342515945435, "time_cached": 18.477381706237793, "equality": false, "mse": 3287.312573396801, "true_fourier_norm_squared": 1213.3515525643463, "computed_fourier_norm_squared": 3685.688610340465, "measurements": 1920}