{"n": 324, "no_trees": 20, "depth": 4, "C": 0.4, "ratio": 1.1, "sampling_factor": 1.4000000000000001, "n_cores": 10, "wait_time": 10000, "k": 410, "time_uncached": 22864.000465393066, "time_cached": 22656.251611709595, "equality": false, "mse": 0.2417011794358417, "true_fourier_norm_squared": 1388.8115866601522, "computed_fourier_norm_squared": 1388.3058196487898, "measurements": 63744}