{"n": 324, "no_trees": 20, "depth": 3, "C": 0.2, "ratio": 3.0, "sampling_factor": 2.0, "n_cores": 10, "wait_time": 1000, "k": 50, "time_uncached": 17.49871253967285, "time_cached": 17.458948612213135, "equality": false, "mse": 40.99605722810693, "true_fourier_norm_squared": 1213.3515525643463, "computed_fourier_norm_squared": 1194.650335987446, "measurements": 1520}