{"n": 324, "no_trees": 20, "depth": 4, "C": 0.2, "ratio": 3.0, "sampling_factor": 0.2, "n_cores": 10, "wait_time": 10000, "k": 410, "time_uncached": 21.02307891845703, "time_cached": 20.97579598426819, "equality": false, "mse": 2015.3150182466998, "true_fourier_norm_squared": 1388.8115866601522, "computed_fourier_norm_squared": 3139.1925173815334, "measurements": 2112}