{"n": 324, "no_trees": 20, "depth": 4, "C": 0.15, "ratio": 3.0, "sampling_factor": 0.6000000000000001, "n_cores": 10, "wait_time": 10000, "k": 410, "time_uncached": 5868.101599216461, "time_cached": 6049.252545118332, "equality": false, "mse": 52.232288089369426, "true_fourier_norm_squared": 1388.8115866601522, "computed_fourier_norm_squared": 1373.9325449404973, "measurements": 3456}