{"n": 324, "no_trees": 20, "depth": 4, "C": 0.02, "ratio": 1.6, "sampling_factor": 1.4000000000000001, "n_cores": 10, "wait_time": 10000, "k": 410, "time_uncached": 2382.9588100910187, "time_cached": 2417.1562628746033, "equality": false, "mse": 172.08291956576213, "true_fourier_norm_squared": 1388.8115866601522, "computed_fourier_norm_squared": 1617.3405892146793, "measurements": 1660}