{"n": 324, "no_trees": 20, "depth": 3, "C": 0.7, "ratio": 1.6, "sampling_factor": 3.333333333333333, "n_cores": 10, "wait_time": 1000, "k": 50, "time_uncached": 101.28098464012146, "time_cached": 101.28774642944336, "equality": false, "mse": 0.025516634555149895, "true_fourier_norm_squared": 1213.3515525643463, "computed_fourier_norm_squared": 1213.3515525643463, "measurements": 17584}