{"n": 324, "no_trees": 20, "depth": 4, "C": 0.1, "ratio": 1.6, "sampling_factor": 5.555555555555555, "n_cores": 10, "wait_time": 10000, "k": 410, "time_uncached": 70.89909148216248, "time_cached": 71.07335686683655, "equality": false, "mse": 34.74599007036613, "true_fourier_norm_squared": 1388.8115866601522, "computed_fourier_norm_squared": 1421.2355401559296, "measurements": 41984}