{"n": 324, "no_trees": 20, "depth": 3, "C": 0.3, "ratio": 1.6, "sampling_factor": 4.222222222222222, "n_cores": 10, "wait_time": 1000, "k": 50, "time_uncached": 117.87565541267395, "time_cached": 117.6318747997284, "equality": false, "mse": 8.630274080613837, "true_fourier_norm_squared": 1213.3515525643463, "computed_fourier_norm_squared": 1232.2516047959334, "measurements": 7960}