{"n": 324, "no_trees": 20, "depth": 4, "C": 0.07, "ratio": 1.1, "sampling_factor": 5.555555555555555, "n_cores": 10, "wait_time": 10000, "k": 410, "time_uncached": 56.731316566467285, "time_cached": 57.13804745674133, "equality": false, "mse": 45.588821337641726, "true_fourier_norm_squared": 1388.8115866601522, "computed_fourier_norm_squared": 1400.4262597041716, "measurements": 31488}