{"n": 324, "no_trees": 20, "depth": 4, "C": 0.05, "ratio": 3.0, "sampling_factor": 5.555555555555555, "n_cores": 10, "wait_time": 10000, "k": 410, "time_uncached": 19.095723390579224, "time_cached": 18.784725189208984, "equality": false, "mse": 57.34704751428213, "true_fourier_norm_squared": 1388.8115866601522, "computed_fourier_norm_squared": 1392.1244899754918, "measurements": 10496}