{"n": 324, "no_trees": 20, "depth": 4, "C": 0.07, "ratio": 3.0, "sampling_factor": 2.888888888888889, "n_cores": 10, "wait_time": 10000, "k": 410, "time_uncached": 4724.01091003418, "time_cached": 4711.285833597183, "equality": false, "mse": 85.03813625893672, "true_fourier_norm_squared": 1388.8115866601522, "computed_fourier_norm_squared": 1276.1245239461946, "measurements": 8208}