{"n": 324, "no_trees": 20, "depth": 4, "C": 0.2, "ratio": 1.1, "sampling_factor": 1.6, "n_cores": 10, "wait_time": 10000, "k": 410, "time_uncached": 23169.526681661606, "time_cached": 22949.150571107864, "equality": false, "mse": 3.814568002308745, "true_fourier_norm_squared": 1388.8115866601522, "computed_fourier_norm_squared": 1387.1598137048807, "measurements": 36480}