{"n": 324, "no_trees": 20, "depth": 4, "C": 0.6, "ratio": 3.0, "sampling_factor": 0.8, "n_cores": 10, "wait_time": 10000, "k": 410, "time_uncached": 20251.600420713425, "time_cached": 18951.874579668045, "equality": false, "mse": 2.7713468308882656, "true_fourier_norm_squared": 1388.8115866601522, "computed_fourier_norm_squared": 1391.5507679952211, "measurements": 19968}