{"n": 324, "no_trees": 20, "depth": 3, "C": 0.9, "ratio": 1.1, "sampling_factor": 5.555555555555555, "n_cores": 10, "wait_time": 1000, "k": 50, "time_uncached": 206.01191234588623, "time_cached": 205.99380159378052, "equality": true, "mse": 0.01275831727757492, "true_fourier_norm_squared": 1213.3515525643463, "computed_fourier_norm_squared": 1213.76867585179, "measurements": 50304}