{"n": 324, "no_trees": 20, "depth": 4, "C": 0.2, "ratio": 3.0, "sampling_factor": 3.7777777777777777, "n_cores": 10, "wait_time": 10000, "k": 410, "time_uncached": 12546.855375289917, "time_cached": 12264.465962171555, "equality": false, "mse": 19.969297482354065, "true_fourier_norm_squared": 1388.8115866601522, "computed_fourier_norm_squared": 1368.6433605000848, "measurements": 39248}