{"n": 324, "no_trees": 20, "depth": 3, "C": 1.0, "ratio": 3.0, "sampling_factor": 1.8, "n_cores": 10, "wait_time": 1000, "k": 50, "time_uncached": 51.49688982963562, "time_cached": 50.55829071998596, "equality": false, "mse": 0.9722900598876273, "true_fourier_norm_squared": 1213.3515525643463, "computed_fourier_norm_squared": 1213.79988260362, "measurements": 8160}