{"n": 324, "no_trees": 20, "depth": 3, "C": 0.9, "ratio": 1.6, "sampling_factor": 2.888888888888889, "n_cores": 10, "wait_time": 1000, "k": 50, "time_uncached": 123.51434230804443, "time_cached": 123.8955705165863, "equality": false, "mse": 0.036828620859455735, "true_fourier_norm_squared": 1213.3515525643463, "computed_fourier_norm_squared": 1213.3579317229849, "measurements": 17408}