{"n": 324, "no_trees": 20, "depth": 3, "C": 0.3, "ratio": 3.0, "sampling_factor": 3.7777777777777777, "n_cores": 10, "wait_time": 1000, "k": 50, "time_uncached": 24.482425212860107, "time_cached": 23.363735675811768, "equality": false, "mse": 30.906601839435375, "true_fourier_norm_squared": 1213.3515525643463, "computed_fourier_norm_squared": 1204.6890008675362, "measurements": 2848}