{"n": 324, "no_trees": 20, "depth": 4, "C": 0.01, "ratio": 1.6, "sampling_factor": 2.888888888888889, "n_cores": 10, "wait_time": 10000, "k": 410, "time_uncached": 703.8809921741486, "time_cached": 708.9097399711609, "equality": false, "mse": 151.66813569554293, "true_fourier_norm_squared": 1388.8115866601522, "computed_fourier_norm_squared": 1268.9087399108193, "measurements": 684}