{"n": 324, "no_trees": 20, "depth": 3, "C": 0.2, "ratio": 1.1, "sampling_factor": 2.888888888888889, "n_cores": 10, "wait_time": 1000, "k": 50, "time_uncached": 123.66777348518372, "time_cached": 122.43060779571533, "equality": false, "mse": 7.326320021032104, "true_fourier_norm_squared": 1213.3515525643463, "computed_fourier_norm_squared": 1237.966611344908, "measurements": 6528}