{"n": 324, "no_trees": 20, "depth": 3, "C": 0.2, "ratio": 3.0, "sampling_factor": 1.0, "n_cores": 10, "wait_time": 1000, "k": 50, "time_uncached": 14.280942440032959, "time_cached": 14.259562253952026, "equality": false, "mse": 28.62348448014535, "true_fourier_norm_squared": 1213.3515525643463, "computed_fourier_norm_squared": 1199.7318514725655, "measurements": 768}