{"n": 324, "no_trees": 20, "depth": 4, "C": 0.2, "ratio": 3.0, "sampling_factor": 4.666666666666666, "n_cores": 10, "wait_time": 10000, "k": 410, "time_uncached": 14553.610488176346, "time_cached": 11625.571064710617, "equality": false, "mse": 22.22214995626892, "true_fourier_norm_squared": 1388.8115866601522, "computed_fourier_norm_squared": 1335.146940527007, "measurements": 48576}