{"n": 324, "no_trees": 20, "depth": 3, "C": 0.9, "ratio": 3.0, "sampling_factor": 5.111111111111111, "n_cores": 10, "wait_time": 1000, "k": 50, "time_uncached": 60.48791146278381, "time_cached": 60.659120082855225, "equality": false, "mse": 0.27282649497459954, "true_fourier_norm_squared": 1213.3515525643463, "computed_fourier_norm_squared": 1212.300491322914, "measurements": 19280}