{"n": 324, "no_trees": 20, "depth": 4, "C": 0.08, "ratio": 1.6, "sampling_factor": 1.0, "n_cores": 10, "wait_time": 10000, "k": 410, "time_uncached": 8512.172723293304, "time_cached": 8729.768119096756, "equality": false, "mse": 51.55288376923239, "true_fourier_norm_squared": 1388.8115866601522, "computed_fourier_norm_squared": 1472.3615419767013, "measurements": 4800}