{"n": 324, "no_trees": 20, "depth": 3, "C": 1.0, "ratio": 1.6, "sampling_factor": 5.555555555555555, "n_cores": 10, "wait_time": 1000, "k": 50, "time_uncached": 293.71899795532227, "time_cached": 291.7298674583435, "equality": false, "mse": 0.34055267030681885, "true_fourier_norm_squared": 1213.3515525643463, "computed_fourier_norm_squared": 1212.4417912783429, "measurements": 33536}