{"n": 324, "no_trees": 20, "depth": 4, "C": 0.01, "ratio": 1.6, "sampling_factor": 4.666666666666666, "n_cores": 10, "wait_time": 10000, "k": 410, "time_uncached": 406.19514632225037, "time_cached": 407.18119597435, "equality": false, "mse": 203.34840730382007, "true_fourier_norm_squared": 1388.8115866601522, "computed_fourier_norm_squared": 774.8670606815983, "measurements": 1104}