{"n": 324, "no_trees": 20, "depth": 4, "C": 0.03, "ratio": 1.6, "sampling_factor": 0.4, "n_cores": 10, "wait_time": 10000, "k": 410, "time_uncached": 98.58459329605103, "time_cached": 98.62167119979858, "equality": false, "mse": 958.9152167007284, "true_fourier_norm_squared": 1388.8115866601522, "computed_fourier_norm_squared": 1882.3619618891505, "measurements": 768}