{"n": 324, "no_trees": 20, "depth": 3, "C": 0.2, "ratio": 1.6, "sampling_factor": 5.555555555555555, "n_cores": 10, "wait_time": 1000, "k": 50, "time_uncached": 200.4960401058197, "time_cached": 202.40381455421448, "equality": false, "mse": 20.426573056057137, "true_fourier_norm_squared": 1213.3515525643463, "computed_fourier_norm_squared": 1217.681720426656, "measurements": 8384}