{"n": 324, "no_trees": 20, "depth": 3, "C": 0.4, "ratio": 1.1, "sampling_factor": 1.4000000000000001, "n_cores": 10, "wait_time": 1000, "k": 50, "time_uncached": 82.75812482833862, "time_cached": 82.78794384002686, "equality": false, "mse": 0.1360195465047745, "true_fourier_norm_squared": 1213.3515525643463, "computed_fourier_norm_squared": 1216.1901864821664, "measurements": 6336}