{"n": 324, "no_trees": 20, "depth": 4, "C": 0.06, "ratio": 1.1, "sampling_factor": 0.4, "n_cores": 10, "wait_time": 10000, "k": 410, "time_uncached": 249.76974725723267, "time_cached": 249.59547567367554, "equality": false, "mse": 636.6642130434462, "true_fourier_norm_squared": 1388.8115866601522, "computed_fourier_norm_squared": 1841.9466701627741, "measurements": 2304}