{"n": 324, "no_trees": 20, "depth": 4, "C": 0.01, "ratio": 1.6, "sampling_factor": 0.2, "n_cores": 10, "wait_time": 10000, "k": 410, "time_uncached": 1.1345584392547607, "time_cached": 1.127767562866211, "equality": false, "mse": 332.92117122095016, "true_fourier_norm_squared": 1388.8115866601522, "computed_fourier_norm_squared": 2262.1336639320666, "measurements": 48}