{"n": 324, "no_trees": 20, "depth": 3, "C": 0.4, "ratio": 1.1, "sampling_factor": 1.6, "n_cores": 10, "wait_time": 1000, "k": 50, "time_uncached": 92.84667992591858, "time_cached": 95.90215730667114, "equality": false, "mse": 1.1716494734140377, "true_fourier_norm_squared": 1213.3515525643463, "computed_fourier_norm_squared": 1208.6237009877168, "measurements": 7296}