{"n": 324, "no_trees": 20, "depth": 3, "C": 0.1, "ratio": 1.6, "sampling_factor": 1.4000000000000001, "n_cores": 10, "wait_time": 1000, "k": 50, "time_uncached": 27.430731058120728, "time_cached": 27.3856303691864, "equality": false, "mse": 144.6832807940861, "true_fourier_norm_squared": 1213.3515525643463, "computed_fourier_norm_squared": 1638.4221148777694, "measurements": 792}