{"n": 324, "no_trees": 20, "depth": 3, "C": 0.2, "ratio": 3.0, "sampling_factor": 2.4444444444444446, "n_cores": 10, "wait_time": 1000, "k": 50, "time_uncached": 11.929232597351074, "time_cached": 11.833641767501831, "equality": false, "mse": 30.906601839435385, "true_fourier_norm_squared": 1213.3515525643463, "computed_fourier_norm_squared": 1227.6158214477464, "measurements": 1840}