{"n": 324, "no_trees": 20, "depth": 3, "C": 0.6, "ratio": 3.0, "sampling_factor": 1.4000000000000001, "n_cores": 10, "wait_time": 1000, "k": 50, "time_uncached": 59.07806634902954, "time_cached": 59.03831911087036, "equality": false, "mse": 6.262453699029609, "true_fourier_norm_squared": 1213.3515525643463, "computed_fourier_norm_squared": 1199.750256489511, "measurements": 3168}