{"n": 324, "no_trees": 20, "depth": 4, "C": 0.09, "ratio": 1.1, "sampling_factor": 0.6000000000000001, "n_cores": 10, "wait_time": 10000, "k": 410, "time_uncached": 10651.119628190994, "time_cached": 13335.149973630905, "equality": false, "mse": 32.32430596563324, "true_fourier_norm_squared": 1388.8115866601522, "computed_fourier_norm_squared": 1295.8083799028043, "measurements": 5760}