{"n": 324, "no_trees": 20, "depth": 3, "C": 0.4, "ratio": 1.1, "sampling_factor": 4.666666666666666, "n_cores": 10, "wait_time": 1000, "k": 50, "time_uncached": 199.6265013217926, "time_cached": 198.50079798698425, "equality": false, "mse": 1.128994734457735, "true_fourier_norm_squared": 1213.3515525643463, "computed_fourier_norm_squared": 1206.9452767700225, "measurements": 21120}