{"n": 324, "no_trees": 20, "depth": 4, "C": 0.04, "ratio": 1.1, "sampling_factor": 3.7777777777777777, "n_cores": 10, "wait_time": 10000, "k": 410, "time_uncached": 4997.103774547577, "time_cached": 4988.506814241409, "equality": false, "mse": 88.03988758073136, "true_fourier_norm_squared": 1388.8115866601522, "computed_fourier_norm_squared": 1477.7806601015998, "measurements": 10704}