{"n": 324, "no_trees": 20, "depth": 4, "C": 0.4, "ratio": 1.6, "sampling_factor": 2.4444444444444446, "n_cores": 10, "wait_time": 10000, "k": 410, "time_uncached": 16778.880230665207, "time_cached": 16357.611157655716, "equality": false, "mse": 0.9928031351459672, "true_fourier_norm_squared": 1388.8115866601522, "computed_fourier_norm_squared": 1387.388591957172, "measurements": 74240}