{"n": 324, "no_trees": 20, "depth": 4, "C": 0.03, "ratio": 1.1, "sampling_factor": 5.555555555555555, "n_cores": 10, "wait_time": 10000, "k": 410, "time_uncached": 29.978278398513794, "time_cached": 30.09905481338501, "equality": false, "mse": 82.38627698537012, "true_fourier_norm_squared": 1388.8115866601522, "computed_fourier_norm_squared": 1296.2121976513906, "measurements": 15744}