{"n": 324, "no_trees": 20, "depth": 3, "C": 0.6, "ratio": 3.0, "sampling_factor": 0.4, "n_cores": 10, "wait_time": 1000, "k": 50, "time_uncached": 14.725666522979736, "time_cached": 14.627557754516602, "equality": false, "mse": 258.66021717403953, "true_fourier_norm_squared": 1213.3515525643463, "computed_fourier_norm_squared": 1363.2651235757016, "measurements": 912}