{"n": 324, "no_trees": 20, "depth": 4, "C": 0.09, "ratio": 3.0, "sampling_factor": 2.0, "n_cores": 10, "wait_time": 10000, "k": 410, "time_uncached": 7143.493544101715, "time_cached": 7663.8170964717865, "equality": false, "mse": 73.89035465933574, "true_fourier_norm_squared": 1388.8115866601522, "computed_fourier_norm_squared": 1225.040607663867, "measurements": 9520}