{"n": 324, "no_trees": 20, "depth": 4, "C": 0.4, "ratio": 3.0, "sampling_factor": 1.2, "n_cores": 10, "wait_time": 10000, "k": 410, "time_uncached": 14519.2905087471, "time_cached": 14261.930563926697, "equality": false, "mse": 4.501718555356819, "true_fourier_norm_squared": 1388.8115866601522, "computed_fourier_norm_squared": 1390.084431558639, "measurements": 24992}