{"n": 324, "no_trees": 20, "depth": 3, "C": 0.4, "ratio": 1.1, "sampling_factor": 2.0, "n_cores": 10, "wait_time": 1000, "k": 50, "time_uncached": 102.36926937103271, "time_cached": 102.48363065719604, "equality": false, "mse": 0.37608876699496646, "true_fourier_norm_squared": 1213.3515525643463, "computed_fourier_norm_squared": 1209.3302040878875, "measurements": 9120}