{"n": 324, "no_trees": 20, "depth": 4, "C": 0.4, "ratio": 1.1, "sampling_factor": 2.888888888888889, "n_cores": 10, "wait_time": 10000, "k": 410, "time_uncached": 13511.48111462593, "time_cached": 13448.520759344101, "equality": false, "mse": 0.7809866186698196, "true_fourier_norm_squared": 1388.8115866601522, "computed_fourier_norm_squared": 1389.054814240249, "measurements": 131328}