{"n": 324, "no_trees": 20, "depth": 3, "C": 1.0, "ratio": 1.6, "sampling_factor": 3.7777777777777777, "n_cores": 10, "wait_time": 1000, "k": 50, "time_uncached": 208.14875602722168, "time_cached": 210.24399495124817, "equality": false, "mse": 0.055911643650470945, "true_fourier_norm_squared": 1213.3515525643463, "computed_fourier_norm_squared": 1213.3514981112203, "measurements": 22784}