{"n": 324, "no_trees": 20, "depth": 3, "C": 0.6, "ratio": 1.6, "sampling_factor": 6.0, "n_cores": 10, "wait_time": 1000, "k": 50, "time_uncached": 136.6356794834137, "time_cached": 137.72694325447083, "equality": false, "mse": 0.15279144218508536, "true_fourier_norm_squared": 1213.3515525643463, "computed_fourier_norm_squared": 1214.803819949119, "measurements": 22640}