{"n": 324, "no_trees": 20, "depth": 3, "C": 0.9, "ratio": 1.6, "sampling_factor": 2.4444444444444446, "n_cores": 10, "wait_time": 1000, "k": 50, "time_uncached": 107.52792835235596, "time_cached": 107.68922257423401, "equality": false, "mse": 0.016098456408823274, "true_fourier_norm_squared": 1213.3515525643463, "computed_fourier_norm_squared": 1213.3708691048837, "measurements": 14720}