{"n": 324, "no_trees": 20, "depth": 4, "C": 0.01, "ratio": 1.1, "sampling_factor": 2.888888888888889, "n_cores": 10, "wait_time": 10000, "k": 410, "time_uncached": 2305.9452311992645, "time_cached": 2267.135809659958, "equality": false, "mse": 151.66813569554293, "true_fourier_norm_squared": 1388.8115866601522, "computed_fourier_norm_squared": 1268.9087399108193, "measurements": 2052}