{"n": 324, "no_trees": 20, "depth": 4, "C": 0.02, "ratio": 1.6, "sampling_factor": 2.4444444444444446, "n_cores": 10, "wait_time": 10000, "k": 410, "time_uncached": 2449.5018017292023, "time_cached": 2434.0524501800537, "equality": false, "mse": 164.46863523743824, "true_fourier_norm_squared": 1388.8115866601522, "computed_fourier_norm_squared": 1550.0482210689331, "measurements": 2900}