{"n": 324, "no_trees": 20, "depth": 3, "C": 0.7, "ratio": 1.1, "sampling_factor": 5.111111111111111, "n_cores": 10, "wait_time": 1000, "k": 50, "time_uncached": 222.26994109153748, "time_cached": 221.24153304100037, "equality": false, "mse": 0.03656177227717987, "true_fourier_norm_squared": 1213.3515525643463, "computed_fourier_norm_squared": 1213.3920032037017, "measurements": 30848}