{"n": 324, "no_trees": 20, "depth": 3, "C": 0.5, "ratio": 3.0, "sampling_factor": 1.0, "n_cores": 10, "wait_time": 1000, "k": 50, "time_uncached": 26.609026670455933, "time_cached": 26.51505208015442, "equality": false, "mse": 33.38353969372288, "true_fourier_norm_squared": 1213.3515525643463, "computed_fourier_norm_squared": 1166.4523234425612, "measurements": 1536}