{"n": 324, "no_trees": 20, "depth": 3, "C": 0.3, "ratio": 3.0, "sampling_factor": 2.888888888888889, "n_cores": 10, "wait_time": 1000, "k": 50, "time_uncached": 27.4739670753479, "time_cached": 27.338631629943848, "equality": false, "mse": 29.5554944027443, "true_fourier_norm_squared": 1213.3515525643463, "computed_fourier_norm_squared": 1226.264714011055, "measurements": 2176}