{"n": 324, "no_trees": 20, "depth": 4, "C": 0.2, "ratio": 1.1, "sampling_factor": 0.2, "n_cores": 10, "wait_time": 10000, "k": 410, "time_uncached": 44.55114459991455, "time_cached": 44.50452399253845, "equality": false, "mse": 3704.7618366864526, "true_fourier_norm_squared": 1388.8115866601522, "computed_fourier_norm_squared": 4219.5444832704925, "measurements": 4608}