{"n": 324, "no_trees": 20, "depth": 4, "C": 0.6, "ratio": 1.6, "sampling_factor": 0.8, "n_cores": 10, "wait_time": 10000, "k": 410, "time_uncached": 19286.34987950325, "time_cached": 19482.443254709244, "equality": false, "mse": 1.0019930636638914, "true_fourier_norm_squared": 1388.8115866601522, "computed_fourier_norm_squared": 1389.4804896525397, "measurements": 30720}