{"n": 324, "no_trees": 20, "depth": 4, "C": 0.4, "ratio": 1.6, "sampling_factor": 1.4000000000000001, "n_cores": 10, "wait_time": 10000, "k": 410, "time_uncached": 22357.2962539196, "time_cached": 21805.449886083603, "equality": false, "mse": 0.9742968886512106, "true_fourier_norm_squared": 1388.8115866601522, "computed_fourier_norm_squared": 1388.3722048394318, "measurements": 42496}