{"n": 324, "no_trees": 20, "depth": 3, "C": 1.0, "ratio": 3.0, "sampling_factor": 2.0, "n_cores": 10, "wait_time": 1000, "k": 50, "time_uncached": 77.09326696395874, "time_cached": 77.07874870300293, "equality": false, "mse": 0.22712428554306796, "true_fourier_norm_squared": 1213.3515525643463, "computed_fourier_norm_squared": 1213.2173954345174, "measurements": 9120}