{"n": 324, "no_trees": 20, "depth": 4, "C": 0.03, "ratio": 1.6, "sampling_factor": 4.222222222222222, "n_cores": 10, "wait_time": 10000, "k": 410, "time_uncached": 3004.999792098999, "time_cached": 2867.701468229294, "equality": false, "mse": 116.48925946432398, "true_fourier_norm_squared": 1388.8115866601522, "computed_fourier_norm_squared": 1160.4405933835976, "measurements": 8000}