{"n": 324, "no_trees": 20, "depth": 4, "C": 0.15, "ratio": 1.6, "sampling_factor": 1.4000000000000001, "n_cores": 10, "wait_time": 10000, "k": 410, "time_uncached": 12027.282681703568, "time_cached": 11847.58860039711, "equality": false, "mse": 24.716206996710987, "true_fourier_norm_squared": 1388.8115866601522, "computed_fourier_norm_squared": 1423.2655985818392, "measurements": 13280}