{"n": 324, "no_trees": 20, "depth": 3, "C": 0.8, "ratio": 1.6, "sampling_factor": 0.2, "n_cores": 10, "wait_time": 1000, "k": 50, "time_uncached": 10.128831386566162, "time_cached": 10.100861072540283, "equality": false, "mse": 2575.7445493535365, "true_fourier_norm_squared": 1213.3515525643463, "computed_fourier_norm_squared": 3502.018457731346, "measurements": 1120}