{"n": 324, "no_trees": 20, "depth": 4, "C": 0.2, "ratio": 3.0, "sampling_factor": 0.4, "n_cores": 10, "wait_time": 10000, "k": 410, "time_uncached": 370.2046341896057, "time_cached": 377.44987440109253, "equality": false, "mse": 772.1435300432487, "true_fourier_norm_squared": 1388.8115866601522, "computed_fourier_norm_squared": 1953.7493610638567, "measurements": 4224}