{"n": 324, "no_trees": 20, "depth": 3, "C": 0.9, "ratio": 1.1, "sampling_factor": 1.8, "n_cores": 10, "wait_time": 1000, "k": 50, "time_uncached": 87.46854424476624, "time_cached": 86.5980806350708, "equality": false, "mse": 0.0038061827775835223, "true_fourier_norm_squared": 1213.3515525643463, "computed_fourier_norm_squared": 1213.3477463815689, "measurements": 16320}