{"n": 324, "no_trees": 20, "depth": 3, "C": 0.2, "ratio": 1.6, "sampling_factor": 1.0, "n_cores": 10, "wait_time": 1000, "k": 50, "time_uncached": 40.671671867370605, "time_cached": 40.64355111122131, "equality": false, "mse": 25.10200987318634, "true_fourier_norm_squared": 1213.3515525643463, "computed_fourier_norm_squared": 1217.4674524998022, "measurements": 1536}