{"n": 324, "no_trees": 20, "depth": 3, "C": 0.3, "ratio": 1.6, "sampling_factor": 3.7777777777777777, "n_cores": 10, "wait_time": 1000, "k": 50, "time_uncached": 182.26038074493408, "time_cached": 182.22179770469666, "equality": false, "mse": 9.642719751230894, "true_fourier_norm_squared": 1213.3515525643463, "computed_fourier_norm_squared": 1204.4071244476145, "measurements": 7120}