{"n": 324, "no_trees": 20, "depth": 4, "C": 0.04, "ratio": 1.6, "sampling_factor": 2.888888888888889, "n_cores": 10, "wait_time": 10000, "k": 410, "time_uncached": 4392.265630483627, "time_cached": 4489.359761714935, "equality": false, "mse": 127.12930847326241, "true_fourier_norm_squared": 1388.8115866601522, "computed_fourier_norm_squared": 1494.9367744146386, "measurements": 6840}