{"n": 324, "no_trees": 20, "depth": 4, "C": 0.15, "ratio": 1.6, "sampling_factor": 5.111111111111111, "n_cores": 10, "wait_time": 10000, "k": 410, "time_uncached": 2132.3766825199127, "time_cached": 2174.9508459568024, "equality": false, "mse": 44.14864203922922, "true_fourier_norm_squared": 1388.8115866601522, "computed_fourier_norm_squared": 1308.6313348600397, "measurements": 48320}