{"n": 324, "no_trees": 20, "depth": 4, "C": 0.03, "ratio": 1.6, "sampling_factor": 2.4444444444444446, "n_cores": 10, "wait_time": 10000, "k": 410, "time_uncached": 3184.180423259735, "time_cached": 3273.4764478206635, "equality": false, "mse": 143.57222363547658, "true_fourier_norm_squared": 1388.8115866601522, "computed_fourier_norm_squared": 985.5605310910056, "measurements": 4640}