{"n": 324, "no_trees": 20, "depth": 4, "C": 0.01, "ratio": 1.1, "sampling_factor": 4.222222222222222, "n_cores": 10, "wait_time": 10000, "k": 410, "time_uncached": 2230.4932889938354, "time_cached": 2302.2213711738586, "equality": false, "mse": 152.54050877268142, "true_fourier_norm_squared": 1388.8115866601522, "computed_fourier_norm_squared": 1369.4013569009508, "measurements": 3000}