{"n": 324, "no_trees": 20, "depth": 4, "C": 0.2, "ratio": 1.6, "sampling_factor": 1.4000000000000001, "n_cores": 10, "wait_time": 10000, "k": 410, "time_uncached": 23744.984548330307, "time_cached": 22707.737235307693, "equality": false, "mse": 10.55747620871753, "true_fourier_norm_squared": 1388.8115866601522, "computed_fourier_norm_squared": 1397.1036575370626, "measurements": 21248}