{"n": 324, "no_trees": 20, "depth": 4, "C": 0.01, "ratio": 1.6, "sampling_factor": 3.333333333333333, "n_cores": 10, "wait_time": 10000, "k": 410, "time_uncached": 621.9656610488892, "time_cached": 628.9498093128204, "equality": false, "mse": 200.12618429312658, "true_fourier_norm_squared": 1388.8115866601522, "computed_fourier_norm_squared": 810.3984690959521, "measurements": 788}