{"n": 324, "no_trees": 20, "depth": 3, "C": 0.1, "ratio": 1.1, "sampling_factor": 1.6, "n_cores": 10, "wait_time": 1000, "k": 50, "time_uncached": 48.189332246780396, "time_cached": 47.05455684661865, "equality": false, "mse": 107.52682255939489, "true_fourier_norm_squared": 1213.3515525643463, "computed_fourier_norm_squared": 892.2590492896555, "measurements": 1824}