{"n": 324, "no_trees": 20, "depth": 4, "C": 0.01, "ratio": 1.6, "sampling_factor": 2.0, "n_cores": 10, "wait_time": 10000, "k": 410, "time_uncached": 750.6481940746307, "time_cached": 612.5458972454071, "equality": false, "mse": 169.45686797991445, "true_fourier_norm_squared": 1388.8115866601522, "computed_fourier_norm_squared": 1247.821495242281, "measurements": 476}