{"n": 324, "no_trees": 20, "depth": 4, "C": 0.2, "ratio": 1.1, "sampling_factor": 2.0, "n_cores": 10, "wait_time": 10000, "k": 410, "time_uncached": 23490.736615896225, "time_cached": 23463.417169570923, "equality": false, "mse": 5.6588415780933685, "true_fourier_norm_squared": 1388.8115866601522, "computed_fourier_norm_squared": 1357.8846616331505, "measurements": 45696}