{"n": 324, "no_trees": 20, "depth": 4, "C": 0.15, "ratio": 1.1, "sampling_factor": 0.6000000000000001, "n_cores": 10, "wait_time": 10000, "k": 410, "time_uncached": 12008.380667209625, "time_cached": 12082.536142587662, "equality": false, "mse": 21.000037940067685, "true_fourier_norm_squared": 1388.8115866601522, "computed_fourier_norm_squared": 1396.5319712333485, "measurements": 6912}