{"n": 324, "no_trees": 20, "depth": 3, "C": 0.5, "ratio": 1.6, "sampling_factor": 3.7777777777777777, "n_cores": 10, "wait_time": 1000, "k": 50, "time_uncached": 93.97328019142151, "time_cached": 94.71772623062134, "equality": false, "mse": 3.31006245073584, "true_fourier_norm_squared": 1213.3515525643463, "computed_fourier_norm_squared": 1215.0972135933778, "measurements": 11392}