{"n": 324, "no_trees": 20, "depth": 4, "C": 0.07, "ratio": 1.1, "sampling_factor": 0.8, "n_cores": 10, "wait_time": 10000, "k": 410, "time_uncached": 7598.8123507499695, "time_cached": 7800.561779260635, "equality": false, "mse": 45.54186358875009, "true_fourier_norm_squared": 1388.8115866601522, "computed_fourier_norm_squared": 1272.3325668579678, "measurements": 4608}