{"n": 324, "no_trees": 20, "depth": 3, "C": 0.7, "ratio": 1.1, "sampling_factor": 3.7777777777777777, "n_cores": 10, "wait_time": 1000, "k": 50, "time_uncached": 206.16794753074646, "time_cached": 209.9812970161438, "equality": false, "mse": 0.055911643650470945, "true_fourier_norm_squared": 1213.3515525643463, "computed_fourier_norm_squared": 1213.3514981112205, "measurements": 22784}