{"n": 324, "no_trees": 20, "depth": 3, "C": 0.9, "ratio": 1.6, "sampling_factor": 0.4, "n_cores": 10, "wait_time": 1000, "k": 50, "time_uncached": 27.19373393058777, "time_cached": 27.18308663368225, "equality": false, "mse": 646.7606502693149, "true_fourier_norm_squared": 1213.3515525643463, "computed_fourier_norm_squared": 1723.9203309036013, "measurements": 2432}