{"n": 324, "no_trees": 20, "depth": 3, "C": 0.6, "ratio": 3.0, "sampling_factor": 0.2, "n_cores": 10, "wait_time": 1000, "k": 50, "time_uncached": 6.0087645053863525, "time_cached": 6.019057750701904, "equality": false, "mse": 1802.0447694587876, "true_fourier_norm_squared": 1213.3515525643463, "computed_fourier_norm_squared": 2210.1264714284052, "measurements": 480}