{"n": 324, "no_trees": 20, "depth": 3, "C": 0.9, "ratio": 1.6, "sampling_factor": 1.2, "n_cores": 10, "wait_time": 1000, "k": 50, "time_uncached": 104.55781054496765, "time_cached": 105.53543901443481, "equality": false, "mse": 0.02016515755089952, "true_fourier_norm_squared": 1213.3515525643463, "computed_fourier_norm_squared": 1213.2940160384974, "measurements": 7296}