{"n": 324, "no_trees": 20, "depth": 4, "C": 0.2, "ratio": 1.6, "sampling_factor": 4.666666666666666, "n_cores": 10, "wait_time": 10000, "k": 410, "time_uncached": 14651.153578519821, "time_cached": 13055.250694513321, "equality": false, "mse": 11.464611583564968, "true_fourier_norm_squared": 1388.8115866601522, "computed_fourier_norm_squared": 1357.867162615666, "measurements": 70656}