{"n": 324, "no_trees": 20, "depth": 4, "C": 0.08, "ratio": 1.6, "sampling_factor": 4.222222222222222, "n_cores": 10, "wait_time": 10000, "k": 410, "time_uncached": 7922.205639600754, "time_cached": 8051.946883440018, "equality": false, "mse": 52.361124616611626, "true_fourier_norm_squared": 1388.8115866601522, "computed_fourier_norm_squared": 1251.6074434385596, "measurements": 20000}