{"n": 324, "no_trees": 20, "depth": 4, "C": 0.6, "ratio": 3.0, "sampling_factor": 4.222222222222222, "n_cores": 10, "wait_time": 10000, "k": 410, "time_uncached": 14001.136485815048, "time_cached": 13620.713667869568, "equality": false, "mse": 3.148535836262239, "true_fourier_norm_squared": 1388.8115866601522, "computed_fourier_norm_squared": 1387.6441238610912, "measurements": 104000}