{"n": 324, "no_trees": 20, "depth": 3, "C": 0.2, "ratio": 1.1, "sampling_factor": 1.4000000000000001, "n_cores": 10, "wait_time": 1000, "k": 50, "time_uncached": 65.1241569519043, "time_cached": 65.1283917427063, "equality": false, "mse": 8.188104885858086, "true_fourier_norm_squared": 1213.3515525643463, "computed_fourier_norm_squared": 1224.3656310891336, "measurements": 3168}