{"n": 324, "no_trees": 20, "depth": 3, "C": 0.2, "ratio": 1.1, "sampling_factor": 3.7777777777777777, "n_cores": 10, "wait_time": 1000, "k": 50, "time_uncached": 164.28737044334412, "time_cached": 164.18360829353333, "equality": false, "mse": 8.433932627964781, "true_fourier_norm_squared": 1213.3515525643463, "computed_fourier_norm_squared": 1205.0825828344327, "measurements": 8544}