{"n": 324, "no_trees": 20, "depth": 4, "C": 0.2, "ratio": 1.6, "sampling_factor": 5.555555555555555, "n_cores": 10, "wait_time": 10000, "k": 410, "time_uncached": 151.18114495277405, "time_cached": 151.77277207374573, "equality": false, "mse": 10.145839494099809, "true_fourier_norm_squared": 1388.8115866601522, "computed_fourier_norm_squared": 1365.4914785004066, "measurements": 83968}