{"n": 324, "no_trees": 20, "depth": 3, "C": 1.0, "ratio": 3.0, "sampling_factor": 3.7777777777777777, "n_cores": 10, "wait_time": 1000, "k": 50, "time_uncached": 143.30554795265198, "time_cached": 143.20873379707336, "equality": false, "mse": 0.8282015888940846, "true_fourier_norm_squared": 1213.3515525643463, "computed_fourier_norm_squared": 1210.9266174059076, "measurements": 17088}