{"n": 324, "no_trees": 20, "depth": 3, "C": 0.7, "ratio": 1.6, "sampling_factor": 1.6, "n_cores": 10, "wait_time": 1000, "k": 50, "time_uncached": 86.5358304977417, "time_cached": 87.58309602737427, "equality": false, "mse": 0.3054435868333559, "true_fourier_norm_squared": 1213.3515525643463, "computed_fourier_norm_squared": 1213.3893195075239, "measurements": 8512}