{"n": 324, "no_trees": 20, "depth": 3, "C": 0.2, "ratio": 1.1, "sampling_factor": 0.6000000000000001, "n_cores": 10, "wait_time": 1000, "k": 50, "time_uncached": 75.53722381591797, "time_cached": 76.5216851234436, "equality": false, "mse": 9.785934147396814, "true_fourier_norm_squared": 1213.3515525643463, "computed_fourier_norm_squared": 1204.783382035376, "measurements": 1392}