{"n": 324, "no_trees": 20, "depth": 3, "C": 0.6, "ratio": 1.6, "sampling_factor": 2.888888888888889, "n_cores": 10, "wait_time": 1000, "k": 50, "time_uncached": 123.28672432899475, "time_cached": 123.41709756851196, "equality": false, "mse": 0.8230691180107053, "true_fourier_norm_squared": 1213.3515525643463, "computed_fourier_norm_squared": 1199.0296875490724, "measurements": 10880}