{"n": 324, "no_trees": 20, "depth": 4, "C": 0.6, "ratio": 3.0, "sampling_factor": 5.111111111111111, "n_cores": 10, "wait_time": 10000, "k": 410, "time_uncached": 2258.474487543106, "time_cached": 2230.203434228897, "equality": false, "mse": 2.6825462357366883, "true_fourier_norm_squared": 1388.8115866601522, "computed_fourier_norm_squared": 1385.0266410007664, "measurements": 125632}