{"n": 324, "no_trees": 20, "depth": 3, "C": 0.6, "ratio": 1.6, "sampling_factor": 0.2, "n_cores": 10, "wait_time": 1000, "k": 50, "time_uncached": 8.621483325958252, "time_cached": 8.60562014579773, "equality": false, "mse": 1801.0159412607875, "true_fourier_norm_squared": 1213.3515525643463, "computed_fourier_norm_squared": 2744.467198803404, "measurements": 800}