{"n": 324, "no_trees": 20, "depth": 4, "C": 0.15, "ratio": 1.1, "sampling_factor": 3.333333333333333, "n_cores": 10, "wait_time": 10000, "k": 410, "time_uncached": 14862.122519731522, "time_cached": 15775.53098320961, "equality": false, "mse": 19.11951756966905, "true_fourier_norm_squared": 1388.8115866601522, "computed_fourier_norm_squared": 1382.01843161284, "measurements": 37824}