{"n": 324, "no_trees": 20, "depth": 3, "C": 0.1, "ratio": 1.6, "sampling_factor": 0.2, "n_cores": 10, "wait_time": 1000, "k": 50, "time_uncached": 2.321472644805908, "time_cached": 2.324887275695801, "equality": false, "mse": 1283.2207273396652, "true_fourier_norm_squared": 1213.3515525643463, "computed_fourier_norm_squared": 1902.9335478635398, "measurements": 120}