{"n": 324, "no_trees": 20, "depth": 3, "C": 1.0, "ratio": 3.0, "sampling_factor": 0.8, "n_cores": 10, "wait_time": 1000, "k": 50, "time_uncached": 70.77022194862366, "time_cached": 70.78922128677368, "equality": false, "mse": 0.08225043455831624, "true_fourier_norm_squared": 1213.3515525643463, "computed_fourier_norm_squared": 1213.4376638470778, "measurements": 3648}