{"n": 324, "no_trees": 20, "depth": 4, "C": 0.08, "ratio": 1.1, "sampling_factor": 6.0, "n_cores": 10, "wait_time": 10000, "k": 410, "time_uncached": 78.81187272071838, "time_cached": 81.04423499107361, "equality": false, "mse": 51.95962156178377, "true_fourier_norm_squared": 1388.8115866601522, "computed_fourier_norm_squared": 1393.399988051726, "measurements": 34080}