{"n": 324, "no_trees": 20, "depth": 3, "C": 0.2, "ratio": 1.6, "sampling_factor": 0.4, "n_cores": 10, "wait_time": 1000, "k": 50, "time_uncached": 10.182081937789917, "time_cached": 10.208558797836304, "equality": false, "mse": 1100.142635508458, "true_fourier_norm_squared": 1213.3515525643463, "computed_fourier_norm_squared": 2091.688087158036, "measurements": 608}