{"n": 324, "no_trees": 20, "depth": 4, "C": 0.2, "ratio": 1.1, "sampling_factor": 1.8, "n_cores": 10, "wait_time": 10000, "k": 410, "time_uncached": 23090.638300180435, "time_cached": 22706.114811897278, "equality": false, "mse": 5.673468496392934, "true_fourier_norm_squared": 1388.8115866601522, "computed_fourier_norm_squared": 1351.180872512721, "measurements": 41088}