{"n": 324, "no_trees": 20, "depth": 3, "C": 0.7, "ratio": 1.6, "sampling_factor": 1.8, "n_cores": 10, "wait_time": 1000, "k": 50, "time_uncached": 66.78116178512573, "time_cached": 64.72369599342346, "equality": false, "mse": 0.7410078523389898, "true_fourier_norm_squared": 1213.3515525643463, "computed_fourier_norm_squared": 1210.7427390335909, "measurements": 9520}