{"n": 324, "no_trees": 20, "depth": 4, "C": 0.15, "ratio": 1.6, "sampling_factor": 1.0, "n_cores": 10, "wait_time": 10000, "k": 410, "time_uncached": 11060.158086061478, "time_cached": 11154.08475112915, "equality": false, "mse": 44.92557265650724, "true_fourier_norm_squared": 1388.8115866601522, "computed_fourier_norm_squared": 1407.6045105037317, "measurements": 9600}