{"n": 324, "no_trees": 20, "depth": 4, "C": 0.6, "ratio": 3.0, "sampling_factor": 1.2, "n_cores": 10, "wait_time": 10000, "k": 410, "time_uncached": 17043.32252383232, "time_cached": 17174.86176753044, "equality": false, "mse": 2.4453409750179858, "true_fourier_norm_squared": 1388.8115866601522, "computed_fourier_norm_squared": 1390.4698632002915, "measurements": 29536}