{"n": 324, "no_trees": 20, "depth": 4, "C": 0.01, "ratio": 1.1, "sampling_factor": 0.4, "n_cores": 10, "wait_time": 10000, "k": 410, "time_uncached": 47.74098324775696, "time_cached": 47.720218896865845, "equality": false, "mse": 771.6199710129252, "true_fourier_norm_squared": 1388.8115866601522, "computed_fourier_norm_squared": 1541.4744288770928, "measurements": 288}