{"n": 324, "no_trees": 20, "depth": 4, "C": 0.15, "ratio": 3.0, "sampling_factor": 1.4000000000000001, "n_cores": 10, "wait_time": 10000, "k": 410, "time_uncached": 7256.185639381409, "time_cached": 7172.327529668808, "equality": false, "mse": 61.30674554803759, "true_fourier_norm_squared": 1388.8115866601522, "computed_fourier_norm_squared": 1405.7715471945476, "measurements": 7968}