{"n": 324, "no_trees": 20, "depth": 3, "C": 0.8, "ratio": 1.6, "sampling_factor": 5.555555555555555, "n_cores": 10, "wait_time": 1000, "k": 50, "time_uncached": 201.12329530715942, "time_cached": 201.57690167427063, "equality": false, "mse": 0.05021116798293083, "true_fourier_norm_squared": 1213.3515525643463, "computed_fourier_norm_squared": 1213.6435631808479, "measurements": 29344}