{"n": 324, "no_trees": 20, "depth": 4, "C": 0.08, "ratio": 3.0, "sampling_factor": 1.2, "n_cores": 10, "wait_time": 10000, "k": 410, "time_uncached": 5322.091365098953, "time_cached": 5360.3816549777985, "equality": false, "mse": 55.29505686624751, "true_fourier_norm_squared": 1388.8115866601522, "computed_fourier_norm_squared": 1304.5065595903282, "measurements": 3408}