{"n": 324, "no_trees": 20, "depth": 3, "C": 0.1, "ratio": 1.1, "sampling_factor": 3.7777777777777777, "n_cores": 10, "wait_time": 1000, "k": 50, "time_uncached": 89.17917776107788, "time_cached": 87.02643132209778, "equality": false, "mse": 113.16251406030655, "true_fourier_norm_squared": 1213.3515525643463, "computed_fourier_norm_squared": 970.6542217263477, "measurements": 4272}