{"n": 324, "no_trees": 20, "depth": 3, "C": 0.3, "ratio": 1.6, "sampling_factor": 1.0, "n_cores": 10, "wait_time": 1000, "k": 50, "time_uncached": 40.21786284446716, "time_cached": 39.162739515304565, "equality": false, "mse": 13.751901921460783, "true_fourier_norm_squared": 1213.3515525643463, "computed_fourier_norm_squared": 1218.174079798889, "measurements": 1920}