{"n": 324, "no_trees": 20, "depth": 4, "C": 0.05, "ratio": 1.1, "sampling_factor": 5.111111111111111, "n_cores": 10, "wait_time": 10000, "k": 410, "time_uncached": 1671.6727521419525, "time_cached": 1516.6873927116394, "equality": false, "mse": 54.22292729307471, "true_fourier_norm_squared": 1388.8115866601522, "computed_fourier_norm_squared": 1380.74640110079, "measurements": 28992}