{"n": 324, "no_trees": 20, "depth": 4, "C": 0.6, "ratio": 1.1, "sampling_factor": 0.4, "n_cores": 10, "wait_time": 10000, "k": 410, "time_uncached": 1788.825044631958, "time_cached": 2007.3870074748993, "equality": false, "mse": 390.11855698087703, "true_fourier_norm_squared": 1388.8115866601522, "computed_fourier_norm_squared": 1694.5691872711852, "measurements": 18432}