{"n": 324, "no_trees": 20, "depth": 4, "C": 0.04, "ratio": 3.0, "sampling_factor": 5.555555555555555, "n_cores": 10, "wait_time": 10000, "k": 410, "time_uncached": 10.046234369277954, "time_cached": 9.896722078323364, "equality": false, "mse": 112.01694866547454, "true_fourier_norm_squared": 1388.8115866601522, "computed_fourier_norm_squared": 1274.0961549716149, "measurements": 5248}