{"n": 324, "no_trees": 20, "depth": 4, "C": 0.6, "ratio": 1.6, "sampling_factor": 2.888888888888889, "n_cores": 10, "wait_time": 10000, "k": 410, "time_uncached": 24309.401161193848, "time_cached": 22141.7251162529, "equality": false, "mse": 0.2737610560950709, "true_fourier_norm_squared": 1388.8115866601522, "computed_fourier_norm_squared": 1388.7735165179176, "measurements": 109440}