{"n": 324, "no_trees": 20, "depth": 3, "C": 0.7, "ratio": 3.0, "sampling_factor": 4.222222222222222, "n_cores": 10, "wait_time": 1000, "k": 50, "time_uncached": 78.37070512771606, "time_cached": 79.58153462409973, "equality": false, "mse": 1.632684268559729, "true_fourier_norm_squared": 1213.3515525643463, "computed_fourier_norm_squared": 1216.6978245262508, "measurements": 15920}