{"n": 324, "no_trees": 20, "depth": 4, "C": 0.09, "ratio": 1.6, "sampling_factor": 0.4, "n_cores": 10, "wait_time": 10000, "k": 410, "time_uncached": 278.2811827659607, "time_cached": 280.1303868293762, "equality": false, "mse": 756.8971639169755, "true_fourier_norm_squared": 1388.8115866601522, "computed_fourier_norm_squared": 2178.6256037304925, "measurements": 2688}