{"n": 324, "no_trees": 20, "depth": 4, "C": 0.15, "ratio": 3.0, "sampling_factor": 1.2, "n_cores": 10, "wait_time": 10000, "k": 410, "time_uncached": 7100.989964723587, "time_cached": 7011.71559381485, "equality": false, "mse": 54.78594411423713, "true_fourier_norm_squared": 1388.8115866601522, "computed_fourier_norm_squared": 1466.6583211821996, "measurements": 6816}