{"n": 324, "no_trees": 20, "depth": 4, "C": 0.2, "ratio": 1.1, "sampling_factor": 1.4000000000000001, "n_cores": 10, "wait_time": 10000, "k": 410, "time_uncached": 23560.575161218643, "time_cached": 22820.404778957367, "equality": false, "mse": 6.7124698309078985, "true_fourier_norm_squared": 1388.8115866601522, "computed_fourier_norm_squared": 1400.5403779765056, "measurements": 31872}