{"n": 324, "no_trees": 20, "depth": 4, "C": 0.07, "ratio": 1.6, "sampling_factor": 0.6000000000000001, "n_cores": 10, "wait_time": 10000, "k": 410, "time_uncached": 5920.8670954704285, "time_cached": 5847.8367800712585, "equality": false, "mse": 64.58157173201081, "true_fourier_norm_squared": 1388.8115866601522, "computed_fourier_norm_squared": 1363.3586453314929, "measurements": 2880}