{"n": 324, "no_trees": 20, "depth": 4, "C": 0.4, "ratio": 1.6, "sampling_factor": 2.888888888888889, "n_cores": 10, "wait_time": 10000, "k": 410, "time_uncached": 19556.138336896896, "time_cached": 19023.117436885834, "equality": false, "mse": 1.0673625294305518, "true_fourier_norm_squared": 1388.8115866601522, "computed_fourier_norm_squared": 1392.9125005311764, "measurements": 87552}