{"n": 324, "no_trees": 20, "depth": 4, "C": 0.08, "ratio": 1.6, "sampling_factor": 5.555555555555555, "n_cores": 10, "wait_time": 10000, "k": 410, "time_uncached": 50.50026607513428, "time_cached": 50.48039674758911, "equality": false, "mse": 45.588821337641726, "true_fourier_norm_squared": 1388.8115866601522, "computed_fourier_norm_squared": 1400.4262597041716, "measurements": 26240}