{"n": 324, "no_trees": 20, "depth": 4, "C": 0.2, "ratio": 1.1, "sampling_factor": 2.888888888888889, "n_cores": 10, "wait_time": 10000, "k": 410, "time_uncached": 22466.88668179512, "time_cached": 22306.423576116562, "equality": false, "mse": 6.690950345216178, "true_fourier_norm_squared": 1388.8115866601522, "computed_fourier_norm_squared": 1398.910821278153, "measurements": 65664}