{"n": 324, "no_trees": 20, "depth": 4, "C": 0.03, "ratio": 1.6, "sampling_factor": 4.666666666666666, "n_cores": 10, "wait_time": 10000, "k": 410, "time_uncached": 2513.5817563533783, "time_cached": 2480.7336599826813, "equality": false, "mse": 120.24026982587783, "true_fourier_norm_squared": 1388.8115866601522, "computed_fourier_norm_squared": 1195.760871610474, "measurements": 8832}