{"n": 324, "no_trees": 20, "depth": 4, "C": 0.2, "ratio": 1.6, "sampling_factor": 0.2, "n_cores": 10, "wait_time": 10000, "k": 410, "time_uncached": 29.694823265075684, "time_cached": 29.62069344520569, "equality": false, "mse": 2933.897716898858, "true_fourier_norm_squared": 1388.8115866601522, "computed_fourier_norm_squared": 3440.7167735160297, "measurements": 3072}