{"n": 324, "no_trees": 20, "depth": 3, "C": 0.6, "ratio": 1.6, "sampling_factor": 1.4000000000000001, "n_cores": 10, "wait_time": 1000, "k": 50, "time_uncached": 90.46151232719421, "time_cached": 90.51660633087158, "equality": false, "mse": 3.0651497836507353, "true_fourier_norm_squared": 1213.3515525643463, "computed_fourier_norm_squared": 1200.4487840022607, "measurements": 5280}