{"n": 324, "no_trees": 20, "depth": 4, "C": 0.01, "ratio": 1.1, "sampling_factor": 5.555555555555555, "n_cores": 10, "wait_time": 10000, "k": 410, "time_uncached": 9.156466007232666, "time_cached": 9.092692375183105, "equality": false, "mse": 193.47611978838407, "true_fourier_norm_squared": 1388.8115866601522, "computed_fourier_norm_squared": 809.3653564564269, "measurements": 3936}