{"n": 324, "no_trees": 20, "depth": 3, "C": 0.9, "ratio": 1.1, "sampling_factor": 0.4, "n_cores": 10, "wait_time": 1000, "k": 50, "time_uncached": 37.30643105506897, "time_cached": 37.25789952278137, "equality": false, "mse": 658.2990194882374, "true_fourier_norm_squared": 1213.3515525643463, "computed_fourier_norm_squared": 1707.2766310420684, "measurements": 3648}