{"n": 324, "no_trees": 20, "depth": 3, "C": 0.7, "ratio": 3.0, "sampling_factor": 2.4444444444444446, "n_cores": 10, "wait_time": 1000, "k": 50, "time_uncached": 90.02510595321655, "time_cached": 91.97554755210876, "equality": false, "mse": 0.8266441782662436, "true_fourier_norm_squared": 1213.3515525643463, "computed_fourier_norm_squared": 1211.780373754164, "measurements": 9200}