{"n": 324, "no_trees": 20, "depth": 3, "C": 0.4, "ratio": 3.0, "sampling_factor": 6.0, "n_cores": 10, "wait_time": 1000, "k": 50, "time_uncached": 19.57348895072937, "time_cached": 19.4935884475708, "equality": false, "mse": 8.108191896679253, "true_fourier_norm_squared": 1213.3515525643463, "computed_fourier_norm_squared": 1224.7877424642888, "measurements": 9056}