{"n": 324, "no_trees": 20, "depth": 4, "C": 0.03, "ratio": 1.1, "sampling_factor": 2.888888888888889, "n_cores": 10, "wait_time": 10000, "k": 410, "time_uncached": 5007.031499385834, "time_cached": 5016.151628732681, "equality": false, "mse": 127.61985763943483, "true_fourier_norm_squared": 1388.8115866601522, "computed_fourier_norm_squared": 1473.8611554799609, "measurements": 8208}