{"n": 324, "no_trees": 20, "depth": 4, "C": 0.08, "ratio": 1.6, "sampling_factor": 2.888888888888889, "n_cores": 10, "wait_time": 10000, "k": 410, "time_uncached": 9219.294864654541, "time_cached": 9110.551257133484, "equality": false, "mse": 66.57861707111492, "true_fourier_norm_squared": 1388.8115866601522, "computed_fourier_norm_squared": 1298.8683577636543, "measurements": 13680}