{"n": 324, "no_trees": 20, "depth": 4, "C": 0.1, "ratio": 1.6, "sampling_factor": 0.4, "n_cores": 10, "wait_time": 10000, "k": 410, "time_uncached": 358.9608464241028, "time_cached": 357.95418667793274, "equality": false, "mse": 602.3069576041552, "true_fourier_norm_squared": 1388.8115866601522, "computed_fourier_norm_squared": 1927.8973618109926, "measurements": 3072}