{"n": 324, "no_trees": 20, "depth": 4, "C": 0.09, "ratio": 1.1, "sampling_factor": 4.222222222222222, "n_cores": 10, "wait_time": 10000, "k": 410, "time_uncached": 11981.869474887848, "time_cached": 10953.876234531403, "equality": false, "mse": 24.605469729092295, "true_fourier_norm_squared": 1388.8115866601522, "computed_fourier_norm_squared": 1337.0539656033707, "measurements": 40000}