{"n": 324, "no_trees": 20, "depth": 3, "C": 1.0, "ratio": 1.1, "sampling_factor": 1.4000000000000001, "n_cores": 10, "wait_time": 1000, "k": 50, "time_uncached": 70.39350271224976, "time_cached": 70.3628716468811, "equality": false, "mse": 0.024694533427780718, "true_fourier_norm_squared": 1213.3515525643463, "computed_fourier_norm_squared": 1213.3764509404236, "measurements": 12672}