{"n": 324, "no_trees": 20, "depth": 3, "C": 0.3, "ratio": 1.6, "sampling_factor": 1.2, "n_cores": 10, "wait_time": 1000, "k": 50, "time_uncached": 51.822508335113525, "time_cached": 51.75213122367859, "equality": false, "mse": 12.575809907508052, "true_fourier_norm_squared": 1213.3515525643463, "computed_fourier_norm_squared": 1223.5873914311173, "measurements": 2280}