{"n": 324, "no_trees": 20, "depth": 4, "C": 0.15, "ratio": 1.6, "sampling_factor": 2.4444444444444446, "n_cores": 10, "wait_time": 10000, "k": 410, "time_uncached": 11802.382295370102, "time_cached": 11849.505764007568, "equality": false, "mse": 24.016078954549876, "true_fourier_norm_squared": 1388.8115866601522, "computed_fourier_norm_squared": 1369.8573044112457, "measurements": 23200}