{"n": 324, "no_trees": 20, "depth": 4, "C": 0.08, "ratio": 1.1, "sampling_factor": 2.888888888888889, "n_cores": 10, "wait_time": 10000, "k": 410, "time_uncached": 12185.364171504974, "time_cached": 12158.376529455185, "equality": false, "mse": 55.54549418528976, "true_fourier_norm_squared": 1388.8115866601522, "computed_fourier_norm_squared": 1302.0405025464358, "measurements": 16416}