{"n": 324, "no_trees": 20, "depth": 4, "C": 0.4, "ratio": 3.0, "sampling_factor": 4.666666666666666, "n_cores": 10, "wait_time": 10000, "k": 410, "time_uncached": 9210.046420574188, "time_cached": 9113.515518426895, "equality": false, "mse": 4.25051612704307, "true_fourier_norm_squared": 1388.8115866601522, "computed_fourier_norm_squared": 1389.3965315654411, "measurements": 97152}