{"n": 324, "no_trees": 20, "depth": 4, "C": 0.2, "ratio": 1.1, "sampling_factor": 4.666666666666666, "n_cores": 10, "wait_time": 10000, "k": 410, "time_uncached": 15476.935237646103, "time_cached": 15563.786294460297, "equality": false, "mse": 4.242497554778294, "true_fourier_norm_squared": 1388.8115866601522, "computed_fourier_norm_squared": 1358.2438568528526, "measurements": 105984}