{"n": 324, "no_trees": 20, "depth": 4, "C": 0.03, "ratio": 1.6, "sampling_factor": 0.8, "n_cores": 10, "wait_time": 10000, "k": 410, "time_uncached": 3113.673271894455, "time_cached": 2787.777811765671, "equality": false, "mse": 105.58003093865706, "true_fourier_norm_squared": 1388.8115866601522, "computed_fourier_norm_squared": 1101.885024538459, "measurements": 1536}