{"n": 324, "no_trees": 20, "depth": 4, "C": 0.4, "ratio": 1.1, "sampling_factor": 5.111111111111111, "n_cores": 10, "wait_time": 10000, "k": 410, "time_uncached": 1702.3369240760803, "time_cached": 1707.5799934864044, "equality": false, "mse": 0.7765471273845731, "true_fourier_norm_squared": 1388.8115866601522, "computed_fourier_norm_squared": 1389.0173993774995, "measurements": 231936}