{"n": 324, "no_trees": 20, "depth": 3, "C": 0.2, "ratio": 1.1, "sampling_factor": 1.6, "n_cores": 10, "wait_time": 1000, "k": 50, "time_uncached": 72.95288515090942, "time_cached": 71.87269496917725, "equality": false, "mse": 4.34131087230354, "true_fourier_norm_squared": 1213.3515525643463, "computed_fourier_norm_squared": 1217.0864843670643, "measurements": 3648}