{"n": 324, "no_trees": 20, "depth": 4, "C": 0.09, "ratio": 1.1, "sampling_factor": 4.666666666666666, "n_cores": 10, "wait_time": 10000, "k": 410, "time_uncached": 9109.501616239548, "time_cached": 8918.115158319473, "equality": false, "mse": 32.70206320978497, "true_fourier_norm_squared": 1388.8115866601522, "computed_fourier_norm_squared": 1371.2281549123152, "measurements": 44160}