{"n": 324, "no_trees": 20, "depth": 4, "C": 0.6, "ratio": 1.6, "sampling_factor": 0.2, "n_cores": 10, "wait_time": 10000, "k": 410, "time_uncached": 66.89402556419373, "time_cached": 66.93791627883911, "equality": false, "mse": 3299.162455556043, "true_fourier_norm_squared": 1388.8115866601522, "computed_fourier_norm_squared": 3825.6619630738046, "measurements": 7680}