{"n": 324, "no_trees": 20, "depth": 4, "C": 0.2, "ratio": 1.6, "sampling_factor": 2.888888888888889, "n_cores": 10, "wait_time": 10000, "k": 410, "time_uncached": 16811.340753555298, "time_cached": 16402.197356700897, "equality": false, "mse": 13.90378968857289, "true_fourier_norm_squared": 1388.8115866601522, "computed_fourier_norm_squared": 1426.496965813258, "measurements": 43776}