{"n": 324, "no_trees": 20, "depth": 3, "C": 0.3, "ratio": 1.6, "sampling_factor": 2.4444444444444446, "n_cores": 10, "wait_time": 1000, "k": 50, "time_uncached": 74.44495487213135, "time_cached": 73.39540219306946, "equality": false, "mse": 16.409911379061654, "true_fourier_norm_squared": 1213.3515525643463, "computed_fourier_norm_squared": 1233.2169040778315, "measurements": 4600}