{"n": 324, "no_trees": 20, "depth": 4, "C": 0.02, "ratio": 1.1, "sampling_factor": 1.4000000000000001, "n_cores": 10, "wait_time": 10000, "k": 410, "time_uncached": 2422.0743265151978, "time_cached": 2361.8781731128693, "equality": false, "mse": 172.08291956576213, "true_fourier_norm_squared": 1388.8115866601522, "computed_fourier_norm_squared": 1617.3405892146793, "measurements": 1992}