{"n": 324, "no_trees": 20, "depth": 3, "C": 1.0, "ratio": 1.6, "sampling_factor": 6.0, "n_cores": 10, "wait_time": 1000, "k": 50, "time_uncached": 145.6849067211151, "time_cached": 146.84727907180786, "equality": false, "mse": 0.292890794837624, "true_fourier_norm_squared": 1213.3515525643463, "computed_fourier_norm_squared": 1213.337638002691, "measurements": 36224}