{"n": 324, "no_trees": 20, "depth": 3, "C": 0.4, "ratio": 3.0, "sampling_factor": 2.888888888888889, "n_cores": 10, "wait_time": 1000, "k": 50, "time_uncached": 50.803765296936035, "time_cached": 50.62145972251892, "equality": false, "mse": 8.108191896679246, "true_fourier_norm_squared": 1213.3515525643463, "computed_fourier_norm_squared": 1201.8609218840797, "measurements": 4352}