{"n": 324, "no_trees": 20, "depth": 4, "C": 0.1, "ratio": 1.1, "sampling_factor": 3.7777777777777777, "n_cores": 10, "wait_time": 10000, "k": 410, "time_uncached": 14668.090317487717, "time_cached": 14494.908620595932, "equality": false, "mse": 20.72142689798579, "true_fourier_norm_squared": 1388.8115866601522, "computed_fourier_norm_squared": 1389.674549074043, "measurements": 42816}