{"n": 324, "no_trees": 20, "depth": 4, "C": 0.15, "ratio": 1.6, "sampling_factor": 4.222222222222222, "n_cores": 10, "wait_time": 10000, "k": 410, "time_uncached": 10795.086382627487, "time_cached": 10841.330420255661, "equality": false, "mse": 24.605469729092295, "true_fourier_norm_squared": 1388.8115866601522, "computed_fourier_norm_squared": 1337.053965603371, "measurements": 40000}