{"n": 324, "no_trees": 20, "depth": 4, "C": 0.4, "ratio": 1.6, "sampling_factor": 4.666666666666666, "n_cores": 10, "wait_time": 10000, "k": 410, "time_uncached": 12595.751292228699, "time_cached": 12858.214472770691, "equality": false, "mse": 0.9641779343057453, "true_fourier_norm_squared": 1388.8115866601522, "computed_fourier_norm_squared": 1387.8232365997908, "measurements": 141312}