{"n": 324, "no_trees": 20, "depth": 3, "C": 0.8, "ratio": 1.6, "sampling_factor": 0.4, "n_cores": 10, "wait_time": 1000, "k": 50, "time_uncached": 23.703627824783325, "time_cached": 23.647456169128418, "equality": false, "mse": 559.0295055179187, "true_fourier_norm_squared": 1213.3515525643463, "computed_fourier_norm_squared": 1631.0870711469493, "measurements": 2128}