{"n": 324, "no_trees": 20, "depth": 4, "C": 0.03, "ratio": 1.1, "sampling_factor": 1.2, "n_cores": 10, "wait_time": 10000, "k": 410, "time_uncached": 5052.597943305969, "time_cached": 4825.7524933815, "equality": false, "mse": 79.06324157554978, "true_fourier_norm_squared": 1388.8115866601522, "computed_fourier_norm_squared": 1287.5305324636631, "measurements": 3408}