{"n": 324, "no_trees": 20, "depth": 4, "C": 0.04, "ratio": 1.6, "sampling_factor": 0.8, "n_cores": 10, "wait_time": 10000, "k": 410, "time_uncached": 3747.891183614731, "time_cached": 3954.270890712738, "equality": false, "mse": 105.58003093865706, "true_fourier_norm_squared": 1388.8115866601522, "computed_fourier_norm_squared": 1101.885024538459, "measurements": 1920}