{"n": 324, "no_trees": 20, "depth": 3, "C": 0.9, "ratio": 3.0, "sampling_factor": 1.8, "n_cores": 10, "wait_time": 1000, "k": 50, "time_uncached": 62.705930948257446, "time_cached": 62.6626193523407, "equality": false, "mse": 15.680453821781354, "true_fourier_norm_squared": 1213.3515525643463, "computed_fourier_norm_squared": 1202.5861735607655, "measurements": 6800}