{"n": 324, "no_trees": 20, "depth": 4, "C": 0.6, "ratio": 3.0, "sampling_factor": 6.0, "n_cores": 10, "wait_time": 10000, "k": 410, "time_uncached": 266.7561388015747, "time_cached": 266.6914474964142, "equality": false, "mse": 2.008068111331843, "true_fourier_norm_squared": 1388.8115866601522, "computed_fourier_norm_squared": 1386.9597800593217, "measurements": 147680}