{"n": 324, "no_trees": 20, "depth": 4, "C": 0.6, "ratio": 3.0, "sampling_factor": 1.4000000000000001, "n_cores": 10, "wait_time": 10000, "k": 410, "time_uncached": 18554.11726951599, "time_cached": 17245.549858808517, "equality": false, "mse": 1.9222980726172507, "true_fourier_norm_squared": 1388.8115866601522, "computed_fourier_norm_squared": 1389.4902429619156, "measurements": 34528}