{"n": 324, "no_trees": 20, "depth": 4, "C": 0.04, "ratio": 1.1, "sampling_factor": 1.8, "n_cores": 10, "wait_time": 10000, "k": 410, "time_uncached": 5166.876456737518, "time_cached": 5074.613981246948, "equality": false, "mse": 107.13895032230717, "true_fourier_norm_squared": 1388.8115866601522, "computed_fourier_norm_squared": 1568.3405290787227, "measurements": 5136}