{"n": 324, "no_trees": 20, "depth": 3, "C": 0.6, "ratio": 3.0, "sampling_factor": 4.666666666666666, "n_cores": 10, "wait_time": 1000, "k": 50, "time_uncached": 221.14935493469238, "time_cached": 220.17879438400269, "equality": false, "mse": 3.1348099799102465, "true_fourier_norm_squared": 1213.3515525643463, "computed_fourier_norm_squared": 1227.57858034544, "measurements": 10560}