{"n": 324, "no_trees": 20, "depth": 4, "C": 0.4, "ratio": 3.0, "sampling_factor": 4.222222222222222, "n_cores": 10, "wait_time": 10000, "k": 410, "time_uncached": 10974.254172325134, "time_cached": 10840.0787088871, "equality": false, "mse": 5.4312840394688795, "true_fourier_norm_squared": 1388.8115866601522, "computed_fourier_norm_squared": 1388.3159066955284, "measurements": 88000}