{"n": 324, "no_trees": 20, "depth": 4, "C": 0.01, "ratio": 1.1, "sampling_factor": 3.7777777777777777, "n_cores": 10, "wait_time": 10000, "k": 410, "time_uncached": 2188.770681142807, "time_cached": 2205.7266552448273, "equality": false, "mse": 243.5274228753251, "true_fourier_norm_squared": 1388.8115866601522, "computed_fourier_norm_squared": 1844.9936419361493, "measurements": 2676}