{"n": 324, "no_trees": 20, "depth": 3, "C": 0.5, "ratio": 1.6, "sampling_factor": 4.666666666666666, "n_cores": 10, "wait_time": 1000, "k": 50, "time_uncached": 331.6776919364929, "time_cached": 323.566282749176, "equality": false, "mse": 0.8652009957409729, "true_fourier_norm_squared": 1213.3515525643463, "computed_fourier_norm_squared": 1221.6672736697697, "measurements": 14080}