{"n": 324, "no_trees": 20, "depth": 4, "C": 0.1, "ratio": 1.6, "sampling_factor": 1.4000000000000001, "n_cores": 10, "wait_time": 10000, "k": 410, "time_uncached": 11715.444124937057, "time_cached": 11585.263278961182, "equality": false, "mse": 35.03425235916272, "true_fourier_norm_squared": 1388.8115866601522, "computed_fourier_norm_squared": 1410.8544021913162, "measurements": 10624}