{"n": 324, "no_trees": 20, "depth": 3, "C": 0.7, "ratio": 1.1, "sampling_factor": 1.0, "n_cores": 10, "wait_time": 1000, "k": 50, "time_uncached": 91.68996953964233, "time_cached": 90.73685336112976, "equality": false, "mse": 0.0251089492565587, "true_fourier_norm_squared": 1213.3515525643463, "computed_fourier_norm_squared": 1213.3642049036973, "measurements": 6144}