{"n": 324, "no_trees": 20, "depth": 4, "C": 0.15, "ratio": 1.6, "sampling_factor": 0.6000000000000001, "n_cores": 10, "wait_time": 10000, "k": 410, "time_uncached": 10282.660213708878, "time_cached": 10002.645401716232, "equality": false, "mse": 32.32430596563324, "true_fourier_norm_squared": 1388.8115866601522, "computed_fourier_norm_squared": 1295.8083799028043, "measurements": 5760}