{"n": 324, "no_trees": 20, "depth": 3, "C": 0.8, "ratio": 3.0, "sampling_factor": 0.6000000000000001, "n_cores": 10, "wait_time": 1000, "k": 50, "time_uncached": 60.89548945426941, "time_cached": 59.86796164512634, "equality": false, "mse": 0.6729186430682916, "true_fourier_norm_squared": 1213.3515525643463, "computed_fourier_norm_squared": 1216.9355589428214, "measurements": 2320}