{"n": 324, "no_trees": 20, "depth": 3, "C": 0.2, "ratio": 1.1, "sampling_factor": 0.2, "n_cores": 10, "wait_time": 1000, "k": 50, "time_uncached": 7.051100730895996, "time_cached": 7.060719013214111, "equality": false, "mse": 1210.0457520244922, "true_fourier_norm_squared": 1213.3515525643463, "computed_fourier_norm_squared": 2158.9573995063533, "measurements": 480}