{"n": 324, "no_trees": 20, "depth": 3, "C": 1.0, "ratio": 1.6, "sampling_factor": 2.4444444444444446, "n_cores": 10, "wait_time": 1000, "k": 50, "time_uncached": 109.60524463653564, "time_cached": 108.58280873298645, "equality": false, "mse": 0.016098456408823274, "true_fourier_norm_squared": 1213.3515525643463, "computed_fourier_norm_squared": 1213.3708691048837, "measurements": 14720}