{"n": 324, "no_trees": 20, "depth": 4, "C": 0.1, "ratio": 1.6, "sampling_factor": 3.333333333333333, "n_cores": 10, "wait_time": 10000, "k": 410, "time_uncached": 13176.610084056854, "time_cached": 13450.34478020668, "equality": false, "mse": 58.39159502789182, "true_fourier_norm_squared": 1388.8115866601522, "computed_fourier_norm_squared": 1371.3890819831356, "measurements": 25216}