{"n": 324, "no_trees": 20, "depth": 4, "C": 0.6, "ratio": 1.6, "sampling_factor": 5.555555555555555, "n_cores": 10, "wait_time": 10000, "k": 410, "time_uncached": 368.9373691082001, "time_cached": 368.2719826698303, "equality": false, "mse": 0.37944534512128486, "true_fourier_norm_squared": 1388.8115866601522, "computed_fourier_norm_squared": 1388.7187155199292, "measurements": 209920}