{"n": 324, "no_trees": 20, "depth": 4, "C": 0.2, "ratio": 1.1, "sampling_factor": 5.555555555555555, "n_cores": 10, "wait_time": 10000, "k": 410, "time_uncached": 228.43746495246887, "time_cached": 229.92328333854675, "equality": false, "mse": 4.265869941345875, "true_fourier_norm_squared": 1388.8115866601522, "computed_fourier_norm_squared": 1389.8630009142394, "measurements": 125952}