{"n": 324, "no_trees": 20, "depth": 4, "C": 0.4, "ratio": 1.6, "sampling_factor": 1.0, "n_cores": 10, "wait_time": 10000, "k": 410, "time_uncached": 24114.954125881195, "time_cached": 23089.516825675964, "equality": false, "mse": 0.9595738171791734, "true_fourier_norm_squared": 1388.8115866601522, "computed_fourier_norm_squared": 1388.7302399493735, "measurements": 30720}