{"n": 324, "no_trees": 20, "depth": 4, "C": 0.05, "ratio": 3.0, "sampling_factor": 1.0, "n_cores": 10, "wait_time": 10000, "k": 410, "time_uncached": 2371.650620698929, "time_cached": 2342.6321878433228, "equality": false, "mse": 67.23481959349056, "true_fourier_norm_squared": 1388.8115866601522, "computed_fourier_norm_squared": 1446.586631891125, "measurements": 1920}