{"n": 324, "no_trees": 20, "depth": 4, "C": 0.6, "ratio": 1.6, "sampling_factor": 1.6, "n_cores": 10, "wait_time": 10000, "k": 410, "time_uncached": 25791.388571739197, "time_cached": 25355.03647994995, "equality": false, "mse": 0.6132711545039164, "true_fourier_norm_squared": 1388.8115866601522, "computed_fourier_norm_squared": 1388.4434055907145, "measurements": 60800}