{"n": 324, "no_trees": 20, "depth": 3, "C": 0.4, "ratio": 3.0, "sampling_factor": 4.222222222222222, "n_cores": 10, "wait_time": 1000, "k": 50, "time_uncached": 35.831976652145386, "time_cached": 35.841466426849365, "equality": false, "mse": 36.97398979595855, "true_fourier_norm_squared": 1213.3515525643463, "computed_fourier_norm_squared": 1169.1312824767454, "measurements": 6368}