{"n": 324, "no_trees": 20, "depth": 4, "C": 0.6, "ratio": 1.6, "sampling_factor": 2.4444444444444446, "n_cores": 10, "wait_time": 10000, "k": 410, "time_uncached": 17869.50364089012, "time_cached": 17930.09859108925, "equality": false, "mse": 1.2132596051727058, "true_fourier_norm_squared": 1388.8115866601522, "computed_fourier_norm_squared": 1388.0224723159029, "measurements": 92800}