{"n": 324, "no_trees": 20, "depth": 4, "C": 0.04, "ratio": 1.1, "sampling_factor": 0.6000000000000001, "n_cores": 10, "wait_time": 10000, "k": 410, "time_uncached": 4697.474709510803, "time_cached": 4773.898964643478, "equality": false, "mse": 86.40417253788128, "true_fourier_norm_squared": 1388.8115866601522, "computed_fourier_norm_squared": 1232.9413259369683, "measurements": 1728}