{"n": 324, "no_trees": 20, "depth": 4, "C": 0.2, "ratio": 1.1, "sampling_factor": 3.333333333333333, "n_cores": 10, "wait_time": 10000, "k": 410, "time_uncached": 23737.89723920822, "time_cached": 23397.595673561096, "equality": false, "mse": 6.768716048386903, "true_fourier_norm_squared": 1388.8115866601522, "computed_fourier_norm_squared": 1377.4721457867954, "measurements": 75648}