{"n": 324, "no_trees": 20, "depth": 4, "C": 0.4, "ratio": 3.0, "sampling_factor": 3.7777777777777777, "n_cores": 10, "wait_time": 10000, "k": 410, "time_uncached": 11285.685502529144, "time_cached": 10809.230313539505, "equality": false, "mse": 4.891668046206171, "true_fourier_norm_squared": 1388.8115866601522, "computed_fourier_norm_squared": 1383.8195946219826, "measurements": 78496}