{"n": 324, "no_trees": 20, "depth": 3, "C": 0.9, "ratio": 3.0, "sampling_factor": 3.7777777777777777, "n_cores": 10, "wait_time": 1000, "k": 50, "time_uncached": 91.86452865600586, "time_cached": 92.3138074874878, "equality": false, "mse": 0.6376798451673544, "true_fourier_norm_squared": 1213.3515525643463, "computed_fourier_norm_squared": 1213.5915157256325, "measurements": 14240}