{"n": 324, "no_trees": 20, "depth": 3, "C": 0.8, "ratio": 1.6, "sampling_factor": 4.222222222222222, "n_cores": 10, "wait_time": 1000, "k": 50, "time_uncached": 231.520015001297, "time_cached": 232.39582753181458, "equality": false, "mse": 0.2186897912478685, "true_fourier_norm_squared": 1213.3515525643463, "computed_fourier_norm_squared": 1213.9678552554801, "measurements": 22288}