{"n": 324, "no_trees": 20, "depth": 4, "C": 0.09, "ratio": 1.6, "sampling_factor": 1.6, "n_cores": 10, "wait_time": 10000, "k": 410, "time_uncached": 8318.057828903198, "time_cached": 8708.53501200676, "equality": false, "mse": 43.54149403557499, "true_fourier_norm_squared": 1388.8115866601522, "computed_fourier_norm_squared": 1356.5233206769976, "measurements": 10640}