{"n": 324, "no_trees": 20, "depth": 3, "C": 0.5, "ratio": 1.1, "sampling_factor": 3.7777777777777777, "n_cores": 10, "wait_time": 1000, "k": 50, "time_uncached": 186.56441950798035, "time_cached": 186.25446486473083, "equality": false, "mse": 0.3235490036119554, "true_fourier_norm_squared": 1213.3515525643463, "computed_fourier_norm_squared": 1212.518013828671, "measurements": 17088}