{"n": 324, "no_trees": 20, "depth": 4, "C": 0.03, "ratio": 1.1, "sampling_factor": 1.6, "n_cores": 10, "wait_time": 10000, "k": 410, "time_uncached": 4780.6055545806885, "time_cached": 5026.094833135605, "equality": false, "mse": 68.02715710280799, "true_fourier_norm_squared": 1388.8115866601522, "computed_fourier_norm_squared": 1201.0874130670152, "measurements": 4560}