{"n": 324, "no_trees": 20, "depth": 4, "C": 0.05, "ratio": 1.6, "sampling_factor": 3.333333333333333, "n_cores": 10, "wait_time": 10000, "k": 410, "time_uncached": 6620.084686756134, "time_cached": 6363.270555734634, "equality": false, "mse": 62.610334136717476, "true_fourier_norm_squared": 1388.8115866601522, "computed_fourier_norm_squared": 1430.2431848875615, "measurements": 12608}