{"n": 324, "no_trees": 20, "depth": 4, "C": 0.02, "ratio": 1.1, "sampling_factor": 4.222222222222222, "n_cores": 10, "wait_time": 10000, "k": 410, "time_uncached": 2297.9801297187805, "time_cached": 2259.658178329468, "equality": false, "mse": 163.69738313692, "true_fourier_norm_squared": 1388.8115866601522, "computed_fourier_norm_squared": 1448.2764258120585, "measurements": 6000}