{"n": 324, "no_trees": 20, "depth": 4, "C": 0.6, "ratio": 3.0, "sampling_factor": 1.8, "n_cores": 10, "wait_time": 10000, "k": 410, "time_uncached": 21242.56644129753, "time_cached": 21289.27197599411, "equality": false, "mse": 2.399821268966879, "true_fourier_norm_squared": 1388.8115866601522, "computed_fourier_norm_squared": 1389.642134300758, "measurements": 44512}