{"n": 324, "no_trees": 20, "depth": 4, "C": 0.04, "ratio": 1.6, "sampling_factor": 4.222222222222222, "n_cores": 10, "wait_time": 10000, "k": 410, "time_uncached": 3693.2460165023804, "time_cached": 3705.675374507904, "equality": false, "mse": 111.49954852477585, "true_fourier_norm_squared": 1388.8115866601522, "computed_fourier_norm_squared": 1178.0484715834104, "measurements": 10000}