{"n": 324, "no_trees": 20, "depth": 3, "C": 0.6, "ratio": 1.6, "sampling_factor": 3.7777777777777777, "n_cores": 10, "wait_time": 1000, "k": 50, "time_uncached": 199.0424027442932, "time_cached": 202.34944581985474, "equality": false, "mse": 1.2615393499915861, "true_fourier_norm_squared": 1213.3515525643463, "computed_fourier_norm_squared": 1223.6952310583006, "measurements": 14240}