{"n": 324, "no_trees": 20, "depth": 4, "C": 0.4, "ratio": 3.0, "sampling_factor": 5.555555555555555, "n_cores": 10, "wait_time": 10000, "k": 410, "time_uncached": 210.29029893875122, "time_cached": 210.0749979019165, "equality": false, "mse": 3.9044015065508235, "true_fourier_norm_squared": 1388.8115866601522, "computed_fourier_norm_squared": 1391.6689194865667, "measurements": 115456}