{"n": 324, "no_trees": 20, "depth": 3, "C": 0.6, "ratio": 1.1, "sampling_factor": 6.0, "n_cores": 10, "wait_time": 1000, "k": 50, "time_uncached": 143.40036821365356, "time_cached": 144.95387387275696, "equality": false, "mse": 0.03807134129292846, "true_fourier_norm_squared": 1213.3515525643463, "computed_fourier_norm_squared": 1213.3541648683831, "measurements": 27168}