{"n": 324, "no_trees": 20, "depth": 4, "C": 0.09, "ratio": 1.1, "sampling_factor": 5.555555555555555, "n_cores": 10, "wait_time": 10000, "k": 410, "time_uncached": 95.56794714927673, "time_cached": 96.45862460136414, "equality": false, "mse": 25.461236142779352, "true_fourier_norm_squared": 1388.8115866601522, "computed_fourier_norm_squared": 1432.0352591379599, "measurements": 52480}