{"n": 324, "no_trees": 20, "depth": 4, "C": 0.1, "ratio": 3.0, "sampling_factor": 3.333333333333333, "n_cores": 10, "wait_time": 10000, "k": 410, "time_uncached": 7531.258916854858, "time_cached": 7078.203586816788, "equality": false, "mse": 76.99536411620021, "true_fourier_norm_squared": 1388.8115866601522, "computed_fourier_norm_squared": 1377.7551170679417, "measurements": 15760}