{"n": 324, "no_trees": 20, "depth": 3, "C": 0.1, "ratio": 1.6, "sampling_factor": 1.0, "n_cores": 10, "wait_time": 1000, "k": 50, "time_uncached": 34.050307750701904, "time_cached": 34.08921670913696, "equality": false, "mse": 145.5486797458042, "true_fourier_norm_squared": 1213.3515525643463, "computed_fourier_norm_squared": 737.9587072702006, "measurements": 576}