{"n": 324, "no_trees": 20, "depth": 4, "C": 0.02, "ratio": 1.6, "sampling_factor": 0.8, "n_cores": 10, "wait_time": 10000, "k": 410, "time_uncached": 2162.1108922958374, "time_cached": 2181.3748528957367, "equality": false, "mse": 151.01490731047002, "true_fourier_norm_squared": 1388.8115866601522, "computed_fourier_norm_squared": 1014.6916951281579, "measurements": 960}