{"n": 324, "no_trees": 20, "depth": 3, "C": 0.5, "ratio": 3.0, "sampling_factor": 6.0, "n_cores": 10, "wait_time": 1000, "k": 50, "time_uncached": 20.17681074142456, "time_cached": 20.06540822982788, "equality": false, "mse": 8.108191896679253, "true_fourier_norm_squared": 1213.3515525643463, "computed_fourier_norm_squared": 1224.7877424642888, "measurements": 9056}