{"n": 324, "no_trees": 20, "depth": 4, "C": 0.1, "ratio": 1.6, "sampling_factor": 0.8, "n_cores": 10, "wait_time": 10000, "k": 410, "time_uncached": 9743.58232498169, "time_cached": 9558.284152030945, "equality": false, "mse": 41.28303871692608, "true_fourier_norm_squared": 1388.8115866601522, "computed_fourier_norm_squared": 1318.7649275075325, "measurements": 6144}