{"n": 324, "no_trees": 20, "depth": 4, "C": 0.1, "ratio": 1.6, "sampling_factor": 2.0, "n_cores": 10, "wait_time": 10000, "k": 410, "time_uncached": 14300.227551221848, "time_cached": 11408.177457809448, "equality": false, "mse": 39.87478483026877, "true_fourier_norm_squared": 1388.8115866601522, "computed_fourier_norm_squared": 1244.1540231875442, "measurements": 15232}