{"n": 324, "no_trees": 20, "depth": 4, "C": 0.4, "ratio": 1.6, "sampling_factor": 0.8, "n_cores": 10, "wait_time": 10000, "k": 410, "time_uncached": 18781.590327501297, "time_cached": 18158.021051883698, "equality": false, "mse": 2.3858910547128214, "true_fourier_norm_squared": 1388.8115866601522, "computed_fourier_norm_squared": 1390.6457372046038, "measurements": 24576}