{"n": 324, "no_trees": 20, "depth": 4, "C": 0.06, "ratio": 1.1, "sampling_factor": 2.0, "n_cores": 10, "wait_time": 10000, "k": 410, "time_uncached": 8861.582822322845, "time_cached": 8945.830979824066, "equality": false, "mse": 42.58038416658639, "true_fourier_norm_squared": 1388.8115866601522, "computed_fourier_norm_squared": 1356.9616657592528, "measurements": 11424}