{"n": 324, "no_trees": 20, "depth": 4, "C": 0.2, "ratio": 1.6, "sampling_factor": 4.222222222222222, "n_cores": 10, "wait_time": 10000, "k": 410, "time_uncached": 17573.22003340721, "time_cached": 17106.612412929535, "equality": false, "mse": 14.445955580797525, "true_fourier_norm_squared": 1388.8115866601522, "computed_fourier_norm_squared": 1340.4823358537813, "measurements": 64000}