{"n": 324, "no_trees": 20, "depth": 3, "C": 0.2, "ratio": 1.1, "sampling_factor": 3.333333333333333, "n_cores": 10, "wait_time": 1000, "k": 50, "time_uncached": 128.3695023059845, "time_cached": 129.0572052001953, "equality": false, "mse": 13.134523694040444, "true_fourier_norm_squared": 1213.3515525643463, "computed_fourier_norm_squared": 1222.764799110531, "measurements": 7536}