{"n": 324, "no_trees": 20, "depth": 4, "C": 0.4, "ratio": 3.0, "sampling_factor": 2.4444444444444446, "n_cores": 10, "wait_time": 10000, "k": 410, "time_uncached": 13427.488995552063, "time_cached": 12892.853397130966, "equality": false, "mse": 5.3575744793205375, "true_fourier_norm_squared": 1388.8115866601522, "computed_fourier_norm_squared": 1385.0326760968062, "measurements": 51040}