{"n": 324, "no_trees": 20, "depth": 4, "C": 0.01, "ratio": 1.6, "sampling_factor": 1.4000000000000001, "n_cores": 10, "wait_time": 10000, "k": 410, "time_uncached": 627.2844970226288, "time_cached": 694.3101978302002, "equality": false, "mse": 192.12659648213364, "true_fourier_norm_squared": 1388.8115866601522, "computed_fourier_norm_squared": 819.9746005161237, "measurements": 332}