{"n": 324, "no_trees": 20, "depth": 3, "C": 0.8, "ratio": 1.6, "sampling_factor": 4.666666666666666, "n_cores": 10, "wait_time": 1000, "k": 50, "time_uncached": 217.33318758010864, "time_cached": 218.44041228294373, "equality": false, "mse": 0.3908431981679959, "true_fourier_norm_squared": 1213.3515525643463, "computed_fourier_norm_squared": 1212.5939990994832, "measurements": 24640}