{"n": 324, "no_trees": 20, "depth": 4, "C": 0.02, "ratio": 1.1, "sampling_factor": 0.4, "n_cores": 10, "wait_time": 10000, "k": 410, "time_uncached": 58.21616172790527, "time_cached": 60.21458649635315, "equality": false, "mse": 1111.2979293967828, "true_fourier_norm_squared": 1388.8115866601522, "computed_fourier_norm_squared": 2406.1297472362817, "measurements": 576}