{"n": 324, "no_trees": 20, "depth": 4, "C": 0.01, "ratio": 1.6, "sampling_factor": 1.6, "n_cores": 10, "wait_time": 10000, "k": 410, "time_uncached": 657.4015486240387, "time_cached": 649.4156627655029, "equality": false, "mse": 147.49633346618322, "true_fourier_norm_squared": 1388.8115866601522, "computed_fourier_norm_squared": 1266.58160335031, "measurements": 380}