{"n": 324, "no_trees": 20, "depth": 3, "C": 1.0, "ratio": 1.6, "sampling_factor": 2.888888888888889, "n_cores": 10, "wait_time": 1000, "k": 50, "time_uncached": 124.10488486289978, "time_cached": 125.3782365322113, "equality": false, "mse": 0.036828620859455735, "true_fourier_norm_squared": 1213.3515525643463, "computed_fourier_norm_squared": 1213.357931722985, "measurements": 17408}