{"n": 324, "no_trees": 20, "depth": 4, "C": 0.01, "ratio": 1.6, "sampling_factor": 0.4, "n_cores": 10, "wait_time": 10000, "k": 410, "time_uncached": 10.221455812454224, "time_cached": 10.21736216545105, "equality": false, "mse": 318.8579595102427, "true_fourier_norm_squared": 1388.8115866601522, "computed_fourier_norm_squared": 1088.7124173744107, "measurements": 96}