{"n": 324, "no_trees": 20, "depth": 3, "C": 0.2, "ratio": 1.1, "sampling_factor": 0.4, "n_cores": 10, "wait_time": 1000, "k": 50, "time_uncached": 12.683907508850098, "time_cached": 12.657576084136963, "equality": false, "mse": 909.8681552197771, "true_fourier_norm_squared": 1213.3515525643463, "computed_fourier_norm_squared": 1901.8790290098825, "measurements": 912}