{"n": 324, "no_trees": 20, "depth": 3, "C": 0.3, "ratio": 1.1, "sampling_factor": 5.555555555555555, "n_cores": 10, "wait_time": 1000, "k": 50, "time_uncached": 282.79748344421387, "time_cached": 280.7471570968628, "equality": false, "mse": 23.017547054966045, "true_fourier_norm_squared": 1213.3515525643463, "computed_fourier_norm_squared": 1227.258702436396, "measurements": 12576}