{"n": 324, "no_trees": 20, "depth": 3, "C": 0.7, "ratio": 1.6, "sampling_factor": 2.4444444444444446, "n_cores": 10, "wait_time": 1000, "k": 50, "time_uncached": 106.22359085083008, "time_cached": 106.28077340126038, "equality": false, "mse": 0.19425240727305054, "true_fourier_norm_squared": 1213.3515525643463, "computed_fourier_norm_squared": 1217.1637256519084, "measurements": 12880}