{"n": 324, "no_trees": 20, "depth": 4, "C": 0.2, "ratio": 3.0, "sampling_factor": 4.222222222222222, "n_cores": 10, "wait_time": 10000, "k": 410, "time_uncached": 12825.09355711937, "time_cached": 12586.166294336319, "equality": false, "mse": 23.48528015742804, "true_fourier_norm_squared": 1388.8115866601522, "computed_fourier_norm_squared": 1336.3240015116112, "measurements": 44000}