{"n": 324, "no_trees": 20, "depth": 3, "C": 0.1, "ratio": 1.1, "sampling_factor": 1.4000000000000001, "n_cores": 10, "wait_time": 1000, "k": 50, "time_uncached": 49.67234134674072, "time_cached": 48.66107225418091, "equality": false, "mse": 104.09643469668518, "true_fourier_norm_squared": 1213.3515525643463, "computed_fourier_norm_squared": 1334.0621626015272, "measurements": 1584}