{"n": 324, "no_trees": 20, "depth": 4, "C": 0.4, "ratio": 1.6, "sampling_factor": 1.8, "n_cores": 10, "wait_time": 10000, "k": 410, "time_uncached": 24694.526474237442, "time_cached": 25426.560490369797, "equality": false, "mse": 2.95471875161276, "true_fourier_norm_squared": 1388.8115866601522, "computed_fourier_norm_squared": 1388.156846192901, "measurements": 54784}