{"n": 324, "no_trees": 20, "depth": 4, "C": 0.02, "ratio": 1.1, "sampling_factor": 5.111111111111111, "n_cores": 10, "wait_time": 10000, "k": 410, "time_uncached": 345.1421353816986, "time_cached": 346.87922954559326, "equality": false, "mse": 165.1530238186801, "true_fourier_norm_squared": 1388.8115866601522, "computed_fourier_norm_squared": 1441.6265925366415, "measurements": 7248}