{"n": 324, "no_trees": 20, "depth": 3, "C": 0.2, "ratio": 1.1, "sampling_factor": 5.111111111111111, "n_cores": 10, "wait_time": 1000, "k": 50, "time_uncached": 263.28559374809265, "time_cached": 263.12229180336, "equality": false, "mse": 10.416284902105637, "true_fourier_norm_squared": 1213.3515525643463, "computed_fourier_norm_squared": 1217.3130808071312, "measurements": 11568}