{"n": 324, "no_trees": 20, "depth": 4, "C": 0.2, "ratio": 1.1, "sampling_factor": 6.0, "n_cores": 10, "wait_time": 10000, "k": 410, "time_uncached": 245.6795310974121, "time_cached": 245.34001660346985, "equality": false, "mse": 3.3662994702517137, "true_fourier_norm_squared": 1388.8115866601522, "computed_fourier_norm_squared": 1387.472297607129, "measurements": 136320}