{"n": 324, "no_trees": 20, "depth": 3, "C": 0.5, "ratio": 1.6, "sampling_factor": 0.4, "n_cores": 10, "wait_time": 1000, "k": 50, "time_uncached": 20.283055782318115, "time_cached": 20.21111226081848, "equality": false, "mse": 404.6369125857267, "true_fourier_norm_squared": 1213.3515525643463, "computed_fourier_norm_squared": 1513.388009887832, "measurements": 1216}