{"n": 324, "no_trees": 20, "depth": 4, "C": 0.09, "ratio": 3.0, "sampling_factor": 1.0, "n_cores": 10, "wait_time": 10000, "k": 410, "time_uncached": 5978.297644853592, "time_cached": 6229.477905511856, "equality": false, "mse": 66.81227759183831, "true_fourier_norm_squared": 1388.8115866601522, "computed_fourier_norm_squared": 1404.7215680047823, "measurements": 4800}