{"n": 324, "no_trees": 20, "depth": 4, "C": 0.04, "ratio": 3.0, "sampling_factor": 3.333333333333333, "n_cores": 10, "wait_time": 10000, "k": 410, "time_uncached": 1790.0571067333221, "time_cached": 1729.032434463501, "equality": false, "mse": 111.74505787301733, "true_fourier_norm_squared": 1388.8115866601522, "computed_fourier_norm_squared": 1225.4535431435406, "measurements": 3152}