{"n": 324, "no_trees": 20, "depth": 4, "C": 0.1, "ratio": 3.0, "sampling_factor": 1.4000000000000001, "n_cores": 10, "wait_time": 10000, "k": 410, "time_uncached": 8335.730536460876, "time_cached": 8368.569137334824, "equality": false, "mse": 68.06183090943556, "true_fourier_norm_squared": 1388.8115866601522, "computed_fourier_norm_squared": 1411.10377745045, "measurements": 6640}