{"n": 324, "no_trees": 20, "depth": 3, "C": 0.5, "ratio": 1.6, "sampling_factor": 1.4000000000000001, "n_cores": 10, "wait_time": 1000, "k": 50, "time_uncached": 103.69659471511841, "time_cached": 100.59787678718567, "equality": false, "mse": 2.927836816640099, "true_fourier_norm_squared": 1213.3515525643463, "computed_fourier_norm_squared": 1208.4356845833602, "measurements": 4224}