{"n": 324, "no_trees": 20, "depth": 4, "C": 0.2, "ratio": 3.0, "sampling_factor": 2.888888888888889, "n_cores": 10, "wait_time": 10000, "k": 410, "time_uncached": 12090.405601978302, "time_cached": 11727.252531766891, "equality": false, "mse": 23.9382729443426, "true_fourier_norm_squared": 1388.8115866601522, "computed_fourier_norm_squared": 1407.4125323969045, "measurements": 30096}