{"n": 324, "no_trees": 20, "depth": 3, "C": 0.9, "ratio": 3.0, "sampling_factor": 1.6, "n_cores": 10, "wait_time": 1000, "k": 50, "time_uncached": 54.41744422912598, "time_cached": 54.3462176322937, "equality": false, "mse": 0.7861407911085877, "true_fourier_norm_squared": 1213.3515525643463, "computed_fourier_norm_squared": 1213.714859885961, "measurements": 6080}