{"n": 324, "no_trees": 20, "depth": 4, "C": 0.09, "ratio": 3.0, "sampling_factor": 0.6000000000000001, "n_cores": 10, "wait_time": 10000, "k": 410, "time_uncached": 5380.922238111496, "time_cached": 5230.897456884384, "equality": false, "mse": 66.53547166681065, "true_fourier_norm_squared": 1388.8115866601522, "computed_fourier_norm_squared": 1158.1648685021792, "measurements": 2880}