{"n": 324, "no_trees": 20, "depth": 3, "C": 0.3, "ratio": 1.1, "sampling_factor": 4.222222222222222, "n_cores": 10, "wait_time": 1000, "k": 50, "time_uncached": 123.10364961624146, "time_cached": 121.871586561203, "equality": false, "mse": 7.254621648007935, "true_fourier_norm_squared": 1213.3515525643463, "computed_fourier_norm_squared": 1222.803745875933, "measurements": 9552}