{"n": 324, "no_trees": 20, "depth": 4, "C": 0.05, "ratio": 1.6, "sampling_factor": 6.0, "n_cores": 10, "wait_time": 10000, "k": 410, "time_uncached": 41.04383873939514, "time_cached": 41.25215125083923, "equality": false, "mse": 54.444984581837936, "true_fourier_norm_squared": 1388.8115866601522, "computed_fourier_norm_squared": 1390.0055085892322, "measurements": 22720}