{"n": 324, "no_trees": 20, "depth": 4, "C": 0.08, "ratio": 1.6, "sampling_factor": 1.6, "n_cores": 10, "wait_time": 10000, "k": 410, "time_uncached": 8688.19916510582, "time_cached": 8743.773516178131, "equality": false, "mse": 38.12826048791525, "true_fourier_norm_squared": 1388.8115866601522, "computed_fourier_norm_squared": 1314.628459336187, "measurements": 7600}