{"n": 324, "no_trees": 20, "depth": 4, "C": 0.03, "ratio": 3.0, "sampling_factor": 2.0, "n_cores": 10, "wait_time": 10000, "k": 410, "time_uncached": 1541.95583486557, "time_cached": 1530.5828113555908, "equality": false, "mse": 138.1939599795164, "true_fourier_norm_squared": 1388.8115866601522, "computed_fourier_norm_squared": 1676.3804559520906, "measurements": 1904}