{"n": 324, "no_trees": 20, "depth": 3, "C": 0.7, "ratio": 1.1, "sampling_factor": 0.8, "n_cores": 10, "wait_time": 1000, "k": 50, "time_uncached": 84.8266212940216, "time_cached": 84.82073473930359, "equality": false, "mse": 0.029322817332733574, "true_fourier_norm_squared": 1213.3515525643463, "computed_fourier_norm_squared": 1213.3505556809168, "measurements": 4864}