{"n": 324, "no_trees": 20, "depth": 4, "C": 0.1, "ratio": 1.1, "sampling_factor": 6.0, "n_cores": 10, "wait_time": 10000, "k": 410, "time_uncached": 136.78643798828125, "time_cached": 149.67316913604736, "equality": false, "mse": 14.871764739534978, "true_fourier_norm_squared": 1388.8115866601522, "computed_fourier_norm_squared": 1361.147743702139, "measurements": 68160}