{"n": 324, "no_trees": 20, "depth": 4, "C": 0.08, "ratio": 1.6, "sampling_factor": 1.4000000000000001, "n_cores": 10, "wait_time": 10000, "k": 410, "time_uncached": 8531.220569610596, "time_cached": 8526.114437580109, "equality": false, "mse": 48.68204284992611, "true_fourier_norm_squared": 1388.8115866601522, "computed_fourier_norm_squared": 1218.425603977702, "measurements": 6640}