{"n": 324, "no_trees": 20, "depth": 3, "C": 0.7, "ratio": 1.1, "sampling_factor": 4.666666666666666, "n_cores": 10, "wait_time": 1000, "k": 50, "time_uncached": 236.04391431808472, "time_cached": 236.98833179473877, "equality": false, "mse": 0.1831933129455278, "true_fourier_norm_squared": 1213.3515525643463, "computed_fourier_norm_squared": 1216.1789442094466, "measurements": 28160}