{"n": 324, "no_trees": 20, "depth": 3, "C": 0.1, "ratio": 1.6, "sampling_factor": 0.4, "n_cores": 10, "wait_time": 1000, "k": 50, "time_uncached": 6.484196662902832, "time_cached": 6.476351022720337, "equality": false, "mse": 658.593690770065, "true_fourier_norm_squared": 1213.3515525643463, "computed_fourier_norm_squared": 1199.6197404472075, "measurements": 228}