{"n": 324, "no_trees": 20, "depth": 4, "C": 0.15, "ratio": 1.1, "sampling_factor": 5.111111111111111, "n_cores": 10, "wait_time": 10000, "k": 410, "time_uncached": 2484.7515318393707, "time_cached": 2501.4655244350433, "equality": false, "mse": 23.23366846507109, "true_fourier_norm_squared": 1388.8115866601522, "computed_fourier_norm_squared": 1417.7113223360705, "measurements": 57984}