{"n": 324, "no_trees": 20, "depth": 4, "C": 0.6, "ratio": 1.1, "sampling_factor": 3.7777777777777777, "n_cores": 10, "wait_time": 10000, "k": 410, "time_uncached": 15719.304660081863, "time_cached": 15858.286201953888, "equality": false, "mse": 0.3831377975343614, "true_fourier_norm_squared": 1388.8115866601522, "computed_fourier_norm_squared": 1390.1717057604474, "measurements": 171264}