{"n": 324, "no_trees": 20, "depth": 4, "C": 0.02, "ratio": 1.1, "sampling_factor": 3.7777777777777777, "n_cores": 10, "wait_time": 10000, "k": 410, "time_uncached": 2565.4865431785583, "time_cached": 2609.411093235016, "equality": false, "mse": 169.75298331161662, "true_fourier_norm_squared": 1388.8115866601522, "computed_fourier_norm_squared": 1565.7130529551391, "measurements": 5352}