{"n": 324, "no_trees": 20, "depth": 3, "C": 0.7, "ratio": 3.0, "sampling_factor": 2.888888888888889, "n_cores": 10, "wait_time": 1000, "k": 50, "time_uncached": 91.60560441017151, "time_cached": 90.96330213546753, "equality": false, "mse": 0.6728289261208413, "true_fourier_norm_squared": 1213.3515525643463, "computed_fourier_norm_squared": 1214.707002933202, "measurements": 10880}