{"n": 324, "no_trees": 20, "depth": 4, "C": 0.6, "ratio": 3.0, "sampling_factor": 2.4444444444444446, "n_cores": 10, "wait_time": 10000, "k": 410, "time_uncached": 12890.5663895607, "time_cached": 12934.55816602707, "equality": false, "mse": 1.9922328854585938, "true_fourier_norm_squared": 1388.8115866601522, "computed_fourier_norm_squared": 1384.721239921209, "measurements": 60320}