{"n": 324, "no_trees": 20, "depth": 4, "C": 0.06, "ratio": 1.1, "sampling_factor": 1.4000000000000001, "n_cores": 10, "wait_time": 10000, "k": 410, "time_uncached": 8572.694910049438, "time_cached": 8404.16989660263, "equality": false, "mse": 40.99382909607899, "true_fourier_norm_squared": 1388.8115866601522, "computed_fourier_norm_squared": 1302.0928156341072, "measurements": 7968}