{"n": 324, "no_trees": 20, "depth": 4, "C": 0.4, "ratio": 1.1, "sampling_factor": 2.4444444444444446, "n_cores": 10, "wait_time": 10000, "k": 410, "time_uncached": 19180.35116291046, "time_cached": 21005.724143743515, "equality": false, "mse": 0.42656832204339784, "true_fourier_norm_squared": 1388.8115866601522, "computed_fourier_norm_squared": 1388.9740576729532, "measurements": 111360}