{"n": 324, "no_trees": 20, "depth": 4, "C": 0.09, "ratio": 1.1, "sampling_factor": 1.0, "n_cores": 10, "wait_time": 10000, "k": 410, "time_uncached": 10694.164521455765, "time_cached": 10719.242156267166, "equality": false, "mse": 44.92557265650724, "true_fourier_norm_squared": 1388.8115866601522, "computed_fourier_norm_squared": 1407.6045105037315, "measurements": 9600}