{"n": 324, "no_trees": 20, "depth": 4, "C": 0.07, "ratio": 1.6, "sampling_factor": 5.111111111111111, "n_cores": 10, "wait_time": 10000, "k": 410, "time_uncached": 1208.0907263755798, "time_cached": 1161.124611377716, "equality": false, "mse": 54.22292729307471, "true_fourier_norm_squared": 1388.8115866601522, "computed_fourier_norm_squared": 1380.7464011007899, "measurements": 24160}