{"n": 324, "no_trees": 20, "depth": 3, "C": 1.0, "ratio": 3.0, "sampling_factor": 3.333333333333333, "n_cores": 10, "wait_time": 1000, "k": 50, "time_uncached": 85.06479263305664, "time_cached": 85.08132815361023, "equality": false, "mse": 0.11818590789442858, "true_fourier_norm_squared": 1213.3515525643463, "computed_fourier_norm_squared": 1214.859798531234, "measurements": 15072}