{"n": 324, "no_trees": 20, "depth": 3, "C": 1.0, "ratio": 3.0, "sampling_factor": 5.111111111111111, "n_cores": 10, "wait_time": 1000, "k": 50, "time_uncached": 95.4222583770752, "time_cached": 94.22243070602417, "equality": false, "mse": 16.626638728942652, "true_fourier_norm_squared": 1213.3515525643463, "computed_fourier_norm_squared": 1195.0972461523108, "measurements": 23136}