{"n": 324, "no_trees": 20, "depth": 4, "C": 0.07, "ratio": 1.6, "sampling_factor": 0.4, "n_cores": 10, "wait_time": 10000, "k": 410, "time_uncached": 229.80921626091003, "time_cached": 228.9139153957367, "equality": false, "mse": 534.7318472141556, "true_fourier_norm_squared": 1388.8115866601522, "computed_fourier_norm_squared": 1740.0143043334838, "measurements": 1920}