{"n": 324, "no_trees": 20, "depth": 4, "C": 0.07, "ratio": 3.0, "sampling_factor": 5.555555555555555, "n_cores": 10, "wait_time": 10000, "k": 410, "time_uncached": 29.50624132156372, "time_cached": 29.7750723361969, "equality": false, "mse": 52.465457068242834, "true_fourier_norm_squared": 1388.8115866601522, "computed_fourier_norm_squared": 1410.031857728291, "measurements": 15744}