{"n": 324, "no_trees": 20, "depth": 4, "C": 0.15, "ratio": 3.0, "sampling_factor": 5.555555555555555, "n_cores": 10, "wait_time": 10000, "k": 410, "time_uncached": 57.84903693199158, "time_cached": 57.938934564590454, "equality": false, "mse": 49.28585582607725, "true_fourier_norm_squared": 1388.8115866601522, "computed_fourier_norm_squared": 1605.0732855219976, "measurements": 31488}