{"n": 324, "no_trees": 20, "depth": 4, "C": 0.1, "ratio": 1.1, "sampling_factor": 2.4444444444444446, "n_cores": 10, "wait_time": 10000, "k": 410, "time_uncached": 17557.85689997673, "time_cached": 17552.381494998932, "equality": false, "mse": 18.597965632425154, "true_fourier_norm_squared": 1388.8115866601522, "computed_fourier_norm_squared": 1352.694804124421, "measurements": 27840}