{"n": 324, "no_trees": 20, "depth": 3, "C": 0.3, "ratio": 3.0, "sampling_factor": 1.4000000000000001, "n_cores": 10, "wait_time": 1000, "k": 50, "time_uncached": 12.729980945587158, "time_cached": 12.68239450454712, "equality": false, "mse": 29.903332884968762, "true_fourier_norm_squared": 1213.3515525643463, "computed_fourier_norm_squared": 1226.6125524932793, "measurements": 1056}