{"n": 324, "no_trees": 20, "depth": 3, "C": 0.9, "ratio": 1.6, "sampling_factor": 2.0, "n_cores": 10, "wait_time": 1000, "k": 50, "time_uncached": 113.02587127685547, "time_cached": 115.19082689285278, "equality": false, "mse": 0.04709329774159799, "true_fourier_norm_squared": 1213.3515525643463, "computed_fourier_norm_squared": 1213.0483122913859, "measurements": 12160}