{"n": 324, "no_trees": 20, "depth": 4, "C": 0.15, "ratio": 3.0, "sampling_factor": 0.4, "n_cores": 10, "wait_time": 10000, "k": 410, "time_uncached": 225.31084871292114, "time_cached": 224.24294209480286, "equality": false, "mse": 333.51651826621253, "true_fourier_norm_squared": 1388.8115866601522, "computed_fourier_norm_squared": 1755.244958079729, "measurements": 2304}