{"n": 324, "no_trees": 20, "depth": 4, "C": 0.2, "ratio": 1.1, "sampling_factor": 0.6000000000000001, "n_cores": 10, "wait_time": 10000, "k": 410, "time_uncached": 21134.219101428986, "time_cached": 21064.60728764534, "equality": false, "mse": 4.840079874643578, "true_fourier_norm_squared": 1388.8115866601522, "computed_fourier_norm_squared": 1385.739669527307, "measurements": 13824}