{"n": 324, "no_trees": 20, "depth": 3, "C": 0.6, "ratio": 1.6, "sampling_factor": 2.0, "n_cores": 10, "wait_time": 1000, "k": 50, "time_uncached": 87.05002784729004, "time_cached": 86.0272855758667, "equality": false, "mse": 4.520880668589715, "true_fourier_norm_squared": 1213.3515525643463, "computed_fourier_norm_squared": 1237.4400674472197, "measurements": 7600}