{"n": 324, "no_trees": 20, "depth": 4, "C": 0.07, "ratio": 1.1, "sampling_factor": 2.888888888888889, "n_cores": 10, "wait_time": 10000, "k": 410, "time_uncached": 7907.297724485397, "time_cached": 7930.576022863388, "equality": false, "mse": 55.54549418528976, "true_fourier_norm_squared": 1388.8115866601522, "computed_fourier_norm_squared": 1302.0405025464358, "measurements": 16416}