{"n": 324, "no_trees": 20, "depth": 3, "C": 0.1, "ratio": 1.1, "sampling_factor": 0.6000000000000001, "n_cores": 10, "wait_time": 1000, "k": 50, "time_uncached": 57.38383364677429, "time_cached": 55.53400278091431, "equality": false, "mse": 45.45010001825717, "true_fourier_norm_squared": 1213.3515525643463, "computed_fourier_norm_squared": 1174.4916464691669, "measurements": 696}