{"n": 324, "no_trees": 20, "depth": 4, "C": 0.2, "ratio": 3.0, "sampling_factor": 6.0, "n_cores": 10, "wait_time": 10000, "k": 410, "time_uncached": 113.25209450721741, "time_cached": 113.56140184402466, "equality": false, "mse": 20.19329577992281, "true_fourier_norm_squared": 1388.8115866601522, "computed_fourier_norm_squared": 1363.6021514407719, "measurements": 62480}