{"n": 324, "no_trees": 20, "depth": 3, "C": 0.6, "ratio": 3.0, "sampling_factor": 6.0, "n_cores": 10, "wait_time": 1000, "k": 50, "time_uncached": 149.67696571350098, "time_cached": 152.01782131195068, "equality": false, "mse": 0.8851592044814299, "true_fourier_norm_squared": 1213.3515525643463, "computed_fourier_norm_squared": 1224.6409900205997, "measurements": 13584}