{"n": 324, "no_trees": 20, "depth": 3, "C": 1.0, "ratio": 3.0, "sampling_factor": 5.555555555555555, "n_cores": 10, "wait_time": 1000, "k": 50, "time_uncached": 194.18413019180298, "time_cached": 200.97864055633545, "equality": false, "mse": 3.143723926363726, "true_fourier_norm_squared": 1213.3515525643463, "computed_fourier_norm_squared": 1213.0647504478588, "measurements": 25152}