{"n": 324, "no_trees": 20, "depth": 3, "C": 1.0, "ratio": 1.6, "sampling_factor": 1.6, "n_cores": 10, "wait_time": 1000, "k": 50, "time_uncached": 84.0650691986084, "time_cached": 83.96836352348328, "equality": false, "mse": 2.973512713898275, "true_fourier_norm_squared": 1213.3515525643463, "computed_fourier_norm_squared": 1213.3794267064825, "measurements": 9728}