{"n": 324, "no_trees": 20, "depth": 4, "C": 0.04, "ratio": 3.0, "sampling_factor": 4.222222222222222, "n_cores": 10, "wait_time": 10000, "k": 410, "time_uncached": 1380.871369600296, "time_cached": 1411.8985698223114, "equality": false, "mse": 116.48925946432398, "true_fourier_norm_squared": 1388.8115866601522, "computed_fourier_norm_squared": 1160.4405933835976, "measurements": 4000}