{"n": 324, "no_trees": 20, "depth": 3, "C": 0.2, "ratio": 3.0, "sampling_factor": 5.111111111111111, "n_cores": 10, "wait_time": 1000, "k": 50, "time_uncached": 19.16146206855774, "time_cached": 19.130210638046265, "equality": false, "mse": 27.620215525678713, "true_fourier_norm_squared": 1213.3515525643463, "computed_fourier_norm_squared": 1198.7285825180993, "measurements": 3856}