{"n": 324, "no_trees": 20, "depth": 4, "C": 0.4, "ratio": 1.1, "sampling_factor": 4.222222222222222, "n_cores": 10, "wait_time": 10000, "k": 410, "time_uncached": 11178.817242860794, "time_cached": 11072.238608121872, "equality": false, "mse": 0.3940152217513243, "true_fourier_norm_squared": 1388.8115866601522, "computed_fourier_norm_squared": 1390.5597398374853, "measurements": 192000}