{"n": 324, "no_trees": 20, "depth": 4, "C": 0.4, "ratio": 1.6, "sampling_factor": 4.222222222222222, "n_cores": 10, "wait_time": 10000, "k": 410, "time_uncached": 16639.299736976624, "time_cached": 16122.654017448425, "equality": false, "mse": 1.5530249247218229, "true_fourier_norm_squared": 1388.8115866601522, "computed_fourier_norm_squared": 1388.6427109250799, "measurements": 128000}