{"n": 324, "no_trees": 20, "depth": 4, "C": 0.05, "ratio": 3.0, "sampling_factor": 1.4000000000000001, "n_cores": 10, "wait_time": 10000, "k": 410, "time_uncached": 2456.2079758644104, "time_cached": 2434.1153514385223, "equality": false, "mse": 58.88327091593157, "true_fourier_norm_squared": 1388.8115866601522, "computed_fourier_norm_squared": 1211.7820437982596, "measurements": 2656}