{"n": 324, "no_trees": 20, "depth": 3, "C": 0.6, "ratio": 1.6, "sampling_factor": 4.222222222222222, "n_cores": 10, "wait_time": 1000, "k": 50, "time_uncached": 298.7142221927643, "time_cached": 304.16363072395325, "equality": false, "mse": 0.17867241392656968, "true_fourier_norm_squared": 1213.3515525643463, "computed_fourier_norm_squared": 1211.493100798559, "measurements": 15920}