{"n": 324, "no_trees": 20, "depth": 3, "C": 0.8, "ratio": 1.6, "sampling_factor": 3.7777777777777777, "n_cores": 10, "wait_time": 1000, "k": 50, "time_uncached": 175.55025100708008, "time_cached": 177.19659113883972, "equality": false, "mse": 0.04866584614360118, "true_fourier_norm_squared": 1213.3515525643463, "computed_fourier_norm_squared": 1213.6523759892816, "measurements": 19936}