{"n": 324, "no_trees": 20, "depth": 3, "C": 1.0, "ratio": 1.1, "sampling_factor": 4.222222222222222, "n_cores": 10, "wait_time": 1000, "k": 50, "time_uncached": 187.011700630188, "time_cached": 188.17812299728394, "equality": false, "mse": 0.021607716749308104, "true_fourier_norm_squared": 1213.3515525643463, "computed_fourier_norm_squared": 1213.3599396543316, "measurements": 38208}