{"n": 324, "no_trees": 20, "depth": 4, "C": 0.2, "ratio": 3.0, "sampling_factor": 1.2, "n_cores": 10, "wait_time": 10000, "k": 410, "time_uncached": 12564.820491313934, "time_cached": 12023.797644615173, "equality": false, "mse": 23.588036484881496, "true_fourier_norm_squared": 1388.8115866601522, "computed_fourier_norm_squared": 1326.388110213479, "measurements": 12496}