{"n": 324, "no_trees": 20, "depth": 4, "C": 0.2, "ratio": 3.0, "sampling_factor": 5.555555555555555, "n_cores": 10, "wait_time": 10000, "k": 410, "time_uncached": 108.18405437469482, "time_cached": 107.30635213851929, "equality": false, "mse": 19.739842462767804, "true_fourier_norm_squared": 1388.8115866601522, "computed_fourier_norm_squared": 1358.7103090979358, "measurements": 57728}