{"n": 324, "no_trees": 20, "depth": 4, "C": 0.05, "ratio": 3.0, "sampling_factor": 1.2, "n_cores": 10, "wait_time": 10000, "k": 410, "time_uncached": 2398.1761898994446, "time_cached": 2403.24263381958, "equality": false, "mse": 55.29505686624751, "true_fourier_norm_squared": 1388.8115866601522, "computed_fourier_norm_squared": 1304.5065595903282, "measurements": 2272}