{"n": 324, "no_trees": 20, "depth": 4, "C": 0.1, "ratio": 3.0, "sampling_factor": 4.222222222222222, "n_cores": 10, "wait_time": 10000, "k": 410, "time_uncached": 6202.976228237152, "time_cached": 6092.673552274704, "equality": false, "mse": 66.92577532588565, "true_fourier_norm_squared": 1388.8115866601522, "computed_fourier_norm_squared": 1311.5988830638948, "measurements": 20000}