{"n": 324, "no_trees": 20, "depth": 4, "C": 0.4, "ratio": 3.0, "sampling_factor": 0.8, "n_cores": 10, "wait_time": 10000, "k": 410, "time_uncached": 15414.27026939392, "time_cached": 15251.626224040985, "equality": false, "mse": 5.540542916453867, "true_fourier_norm_squared": 1388.8115866601522, "computed_fourier_norm_squared": 1392.473792458691, "measurements": 16896}