{"n": 324, "no_trees": 20, "depth": 4, "C": 0.15, "ratio": 3.0, "sampling_factor": 0.8, "n_cores": 10, "wait_time": 10000, "k": 410, "time_uncached": 6686.571820497513, "time_cached": 6596.314124584198, "equality": false, "mse": 42.221050641594594, "true_fourier_norm_squared": 1388.8115866601522, "computed_fourier_norm_squared": 1317.9469359547918, "measurements": 4608}