{"n": 324, "no_trees": 20, "depth": 4, "C": 0.04, "ratio": 1.1, "sampling_factor": 0.2, "n_cores": 10, "wait_time": 10000, "k": 410, "time_uncached": 7.247819185256958, "time_cached": 7.257335186004639, "equality": false, "mse": 980.0539587502856, "true_fourier_norm_squared": 1388.8115866601522, "computed_fourier_norm_squared": 2010.1950777620157, "measurements": 576}