{"n": 324, "no_trees": 20, "depth": 3, "C": 0.4, "ratio": 1.6, "sampling_factor": 5.111111111111111, "n_cores": 10, "wait_time": 1000, "k": 50, "time_uncached": 367.2920825481415, "time_cached": 370.64769673347473, "equality": false, "mse": 2.8687090410806877, "true_fourier_norm_squared": 1213.3515525643463, "computed_fourier_norm_squared": 1218.7681745923335, "measurements": 15424}