{"n": 324, "no_trees": 20, "depth": 4, "C": 0.04, "ratio": 1.6, "sampling_factor": 1.8, "n_cores": 10, "wait_time": 10000, "k": 410, "time_uncached": 3948.194406747818, "time_cached": 4024.849431037903, "equality": false, "mse": 121.12208108563375, "true_fourier_norm_squared": 1388.8115866601522, "computed_fourier_norm_squared": 1543.7008579040526, "measurements": 4280}