{"n": 324, "no_trees": 20, "depth": 3, "C": 0.3, "ratio": 3.0, "sampling_factor": 0.8, "n_cores": 10, "wait_time": 1000, "k": 50, "time_uncached": 11.014326810836792, "time_cached": 11.032311916351318, "equality": false, "mse": 30.691994242530498, "true_fourier_norm_squared": 1213.3515525643463, "computed_fourier_norm_squared": 1201.8003612349514, "measurements": 608}