{"n": 324, "no_trees": 20, "depth": 4, "C": 0.06, "ratio": 1.1, "sampling_factor": 4.666666666666666, "n_cores": 10, "wait_time": 10000, "k": 410, "time_uncached": 6617.320529460907, "time_cached": 6592.446207523346, "equality": false, "mse": 40.60848398273108, "true_fourier_norm_squared": 1388.8115866601522, "computed_fourier_norm_squared": 1340.0244330275193, "measurements": 26496}