{"n": 324, "no_trees": 20, "depth": 3, "C": 0.4, "ratio": 1.1, "sampling_factor": 2.888888888888889, "n_cores": 10, "wait_time": 1000, "k": 50, "time_uncached": 149.6524257659912, "time_cached": 152.783305644989, "equality": false, "mse": 0.2966258011428519, "true_fourier_norm_squared": 1213.3515525643463, "computed_fourier_norm_squared": 1212.4573239534454, "measurements": 13056}