{"n": 324, "no_trees": 20, "depth": 4, "C": 0.06, "ratio": 3.0, "sampling_factor": 0.4, "n_cores": 10, "wait_time": 10000, "k": 410, "time_uncached": 72.48828387260437, "time_cached": 72.45234560966492, "equality": false, "mse": 179.33385833112905, "true_fourier_norm_squared": 1388.8115866601522, "computed_fourier_norm_squared": 1384.307735194519, "measurements": 768}