{"n": 324, "no_trees": 20, "depth": 3, "C": 0.3, "ratio": 1.6, "sampling_factor": 1.8, "n_cores": 10, "wait_time": 1000, "k": 50, "time_uncached": 64.52671551704407, "time_cached": 64.59419226646423, "equality": false, "mse": 14.053465042965698, "true_fourier_norm_squared": 1213.3515525643463, "computed_fourier_norm_squared": 1231.4987798890893, "measurements": 3400}