{"n": 324, "no_trees": 20, "depth": 4, "C": 0.01, "ratio": 1.1, "sampling_factor": 1.8, "n_cores": 10, "wait_time": 10000, "k": 410, "time_uncached": 2012.3911073207855, "time_cached": 1947.192547082901, "equality": false, "mse": 160.54024208158114, "true_fourier_norm_squared": 1388.8115866601522, "computed_fourier_norm_squared": 1215.9477788047127, "measurements": 1284}