{"n": 324, "no_trees": 20, "depth": 4, "C": 0.06, "ratio": 1.1, "sampling_factor": 6.0, "n_cores": 10, "wait_time": 10000, "k": 410, "time_uncached": 61.17874217033386, "time_cached": 62.24330186843872, "equality": false, "mse": 51.95962156178377, "true_fourier_norm_squared": 1388.8115866601522, "computed_fourier_norm_squared": 1393.399988051726, "measurements": 34080}