{"n": 324, "no_trees": 20, "depth": 3, "C": 1.0, "ratio": 1.6, "sampling_factor": 4.666666666666666, "n_cores": 10, "wait_time": 1000, "k": 50, "time_uncached": 215.95979976654053, "time_cached": 217.64729499816895, "equality": false, "mse": 0.1831933129455278, "true_fourier_norm_squared": 1213.3515525643463, "computed_fourier_norm_squared": 1216.1789442094466, "measurements": 28160}