{"n": 324, "no_trees": 20, "depth": 4, "C": 0.09, "ratio": 1.6, "sampling_factor": 6.0, "n_cores": 10, "wait_time": 10000, "k": 410, "time_uncached": 72.34756374359131, "time_cached": 71.96916890144348, "equality": false, "mse": 53.30368260025511, "true_fourier_norm_squared": 1388.8115866601522, "computed_fourier_norm_squared": 1317.822491800453, "measurements": 39760}