{"n": 324, "no_trees": 20, "depth": 4, "C": 0.02, "ratio": 1.1, "sampling_factor": 3.333333333333333, "n_cores": 10, "wait_time": 10000, "k": 410, "time_uncached": 3048.1254649162292, "time_cached": 3023.1393654346466, "equality": false, "mse": 169.75236264072242, "true_fourier_norm_squared": 1388.8115866601522, "computed_fourier_norm_squared": 1548.5470230013086, "measurements": 4728}