{"n": 324, "no_trees": 20, "depth": 4, "C": 0.2, "ratio": 1.6, "sampling_factor": 3.333333333333333, "n_cores": 10, "wait_time": 10000, "k": 410, "time_uncached": 17734.15696120262, "time_cached": 17675.678999185562, "equality": false, "mse": 15.244991501674194, "true_fourier_norm_squared": 1388.8115866601522, "computed_fourier_norm_squared": 1387.4660048037013, "measurements": 50432}