{"n": 324, "no_trees": 20, "depth": 4, "C": 0.08, "ratio": 1.1, "sampling_factor": 2.4444444444444446, "n_cores": 10, "wait_time": 10000, "k": 410, "time_uncached": 11676.074507713318, "time_cached": 11505.739980697632, "equality": false, "mse": 42.77321376059603, "true_fourier_norm_squared": 1388.8115866601522, "computed_fourier_norm_squared": 1349.5811201485508, "measurements": 13920}