{"n": 324, "no_trees": 20, "depth": 4, "C": 0.4, "ratio": 1.1, "sampling_factor": 0.2, "n_cores": 10, "wait_time": 10000, "k": 410, "time_uncached": 80.90065813064575, "time_cached": 80.89402985572815, "equality": false, "mse": 2205.345688563372, "true_fourier_norm_squared": 1388.8115866601522, "computed_fourier_norm_squared": 3351.37178255118, "measurements": 9216}