{"n": 324, "no_trees": 20, "depth": 4, "C": 0.6, "ratio": 1.6, "sampling_factor": 1.0, "n_cores": 10, "wait_time": 10000, "k": 410, "time_uncached": 23833.771861553192, "time_cached": 23326.097079515457, "equality": false, "mse": 0.522816928386577, "true_fourier_norm_squared": 1388.8115866601522, "computed_fourier_norm_squared": 1389.1763383145037, "measurements": 38400}