{"n": 324, "no_trees": 20, "depth": 4, "C": 0.4, "ratio": 1.6, "sampling_factor": 0.4, "n_cores": 10, "wait_time": 10000, "k": 410, "time_uncached": 982.6011199951172, "time_cached": 990.2148749828339, "equality": false, "mse": 383.00557488376234, "true_fourier_norm_squared": 1388.8115866601522, "computed_fourier_norm_squared": 1681.4069768351674, "measurements": 12288}