{"n": 324, "no_trees": 20, "depth": 3, "C": 0.6, "ratio": 1.6, "sampling_factor": 0.4, "n_cores": 10, "wait_time": 1000, "k": 50, "time_uncached": 21.777209281921387, "time_cached": 21.691051483154297, "equality": false, "mse": 402.11404777365203, "true_fourier_norm_squared": 1213.3515525643463, "computed_fourier_norm_squared": 1508.71418288465, "measurements": 1520}