{"n": 324, "no_trees": 20, "depth": 4, "C": 0.2, "ratio": 1.6, "sampling_factor": 0.6000000000000001, "n_cores": 10, "wait_time": 10000, "k": 410, "time_uncached": 21208.88601589203, "time_cached": 21261.12415456772, "equality": false, "mse": 16.70968912667295, "true_fourier_norm_squared": 1388.8115866601522, "computed_fourier_norm_squared": 1402.6482220659523, "measurements": 9216}