{"n": 324, "no_trees": 20, "depth": 4, "C": 0.15, "ratio": 3.0, "sampling_factor": 0.2, "n_cores": 10, "wait_time": 10000, "k": 410, "time_uncached": 11.197811365127563, "time_cached": 11.118550539016724, "equality": false, "mse": 849.6941389715445, "true_fourier_norm_squared": 1388.8115866601522, "computed_fourier_norm_squared": 2049.9091363970188, "measurements": 1152}