{"n": 324, "no_trees": 20, "depth": 3, "C": 0.5, "ratio": 3.0, "sampling_factor": 2.0, "n_cores": 10, "wait_time": 1000, "k": 50, "time_uncached": 27.77718687057495, "time_cached": 28.676706314086914, "equality": false, "mse": 55.41939611186963, "true_fourier_norm_squared": 1213.3515525643463, "computed_fourier_norm_squared": 1157.4342798872606, "measurements": 3040}