{"n": 324, "no_trees": 20, "depth": 3, "C": 0.3, "ratio": 1.1, "sampling_factor": 1.0, "n_cores": 10, "wait_time": 1000, "k": 50, "time_uncached": 56.847357749938965, "time_cached": 56.81078839302063, "equality": false, "mse": 8.283603953414023, "true_fourier_norm_squared": 1213.3515525643463, "computed_fourier_norm_squared": 1209.109614742502, "measurements": 2304}