{"n": 324, "no_trees": 20, "depth": 3, "C": 0.1, "ratio": 1.1, "sampling_factor": 4.666666666666666, "n_cores": 10, "wait_time": 1000, "k": 50, "time_uncached": 396.2717990875244, "time_cached": 396.04753613471985, "equality": false, "mse": 150.3125255611516, "true_fourier_norm_squared": 1213.3515525643463, "computed_fourier_norm_squared": 771.7233513536398, "measurements": 5280}