{"n": 324, "no_trees": 20, "depth": 3, "C": 0.6, "ratio": 1.1, "sampling_factor": 5.555555555555555, "n_cores": 10, "wait_time": 1000, "k": 50, "time_uncached": 160.9805724620819, "time_cached": 163.07346868515015, "equality": false, "mse": 0.029632638992553657, "true_fourier_norm_squared": 1213.3515525643463, "computed_fourier_norm_squared": 1215.2572925720085, "measurements": 25152}