{"n": 324, "no_trees": 20, "depth": 4, "C": 0.6, "ratio": 1.1, "sampling_factor": 5.555555555555555, "n_cores": 10, "wait_time": 10000, "k": 410, "time_uncached": 439.5173177719116, "time_cached": 447.1932020187378, "equality": false, "mse": 0.29295712533382295, "true_fourier_norm_squared": 1388.8115866601522, "computed_fourier_norm_squared": 1386.867056938813, "measurements": 251904}