{"n": 324, "no_trees": 20, "depth": 4, "C": 0.1, "ratio": 1.1, "sampling_factor": 1.2, "n_cores": 10, "wait_time": 10000, "k": 410, "time_uncached": 17997.51444363594, "time_cached": 17765.16759133339, "equality": false, "mse": 16.70893543486915, "true_fourier_norm_squared": 1388.8115866601522, "computed_fourier_norm_squared": 1399.8172894823501, "measurements": 13632}