{"n": 324, "no_trees": 20, "depth": 4, "C": 0.4, "ratio": 3.0, "sampling_factor": 0.2, "n_cores": 10, "wait_time": 10000, "k": 410, "time_uncached": 36.749982595443726, "time_cached": 36.58934664726257, "equality": false, "mse": 3966.3176439346967, "true_fourier_norm_squared": 1388.8115866601522, "computed_fourier_norm_squared": 4455.356760685768, "measurements": 4224}