{"n": 324, "no_trees": 20, "depth": 4, "C": 0.15, "ratio": 1.1, "sampling_factor": 1.6, "n_cores": 10, "wait_time": 10000, "k": 410, "time_uncached": 14054.422153949738, "time_cached": 13502.87194776535, "equality": false, "mse": 15.93344334269813, "true_fourier_norm_squared": 1388.8115866601522, "computed_fourier_norm_squared": 1340.2231152680672, "measurements": 18240}