{"n": 324, "no_trees": 20, "depth": 4, "C": 0.15, "ratio": 1.1, "sampling_factor": 5.555555555555555, "n_cores": 10, "wait_time": 10000, "k": 410, "time_uncached": 115.94440484046936, "time_cached": 115.52005338668823, "equality": false, "mse": 22.463711439128698, "true_fourier_norm_squared": 1388.8115866601522, "computed_fourier_norm_squared": 1411.7437362103833, "measurements": 62976}