{"n": 324, "no_trees": 20, "depth": 3, "C": 0.3, "ratio": 3.0, "sampling_factor": 1.8, "n_cores": 10, "wait_time": 1000, "k": 50, "time_uncached": 13.3980131149292, "time_cached": 14.397926568984985, "equality": false, "mse": 40.974898452842005, "true_fourier_norm_squared": 1213.3515525643463, "computed_fourier_norm_squared": 1182.610061742629, "measurements": 1360}