{"n": 324, "no_trees": 20, "depth": 4, "C": 0.04, "ratio": 3.0, "sampling_factor": 1.8, "n_cores": 10, "wait_time": 10000, "k": 410, "time_uncached": 1471.2342104911804, "time_cached": 1513.2645230293274, "equality": false, "mse": 121.12208108563375, "true_fourier_norm_squared": 1388.8115866601522, "computed_fourier_norm_squared": 1543.7008579040526, "measurements": 1712}