{"n": 324, "no_trees": 20, "depth": 4, "C": 0.07, "ratio": 3.0, "sampling_factor": 4.666666666666666, "n_cores": 10, "wait_time": 10000, "k": 410, "time_uncached": 2950.025013923645, "time_cached": 3032.1967940330505, "equality": false, "mse": 52.7388896066599, "true_fourier_norm_squared": 1388.8115866601522, "computed_fourier_norm_squared": 1332.2889826844942, "measurements": 13248}