{"n": 324, "no_trees": 20, "depth": 4, "C": 0.09, "ratio": 1.6, "sampling_factor": 2.888888888888889, "n_cores": 10, "wait_time": 10000, "k": 410, "time_uncached": 9542.353515863419, "time_cached": 9327.07146859169, "equality": false, "mse": 60.617605385003024, "true_fourier_norm_squared": 1388.8115866601522, "computed_fourier_norm_squared": 1206.6647276384224, "measurements": 19152}