{"n": 324, "no_trees": 20, "depth": 3, "C": 1.0, "ratio": 3.0, "sampling_factor": 1.0, "n_cores": 10, "wait_time": 1000, "k": 50, "time_uncached": 62.342617988586426, "time_cached": 62.288326263427734, "equality": false, "mse": 0.9230191196182256, "true_fourier_norm_squared": 1213.3515525643463, "computed_fourier_norm_squared": 1217.50270947076, "measurements": 4608}