{"n": 324, "no_trees": 20, "depth": 4, "C": 0.4, "ratio": 3.0, "sampling_factor": 1.4000000000000001, "n_cores": 10, "wait_time": 10000, "k": 410, "time_uncached": 15070.170696735382, "time_cached": 14953.15432357788, "equality": false, "mse": 3.9738211860117807, "true_fourier_norm_squared": 1388.8115866601522, "computed_fourier_norm_squared": 1389.3793413017224, "measurements": 29216}