{"n": 324, "no_trees": 20, "depth": 4, "C": 0.08, "ratio": 3.0, "sampling_factor": 3.333333333333333, "n_cores": 10, "wait_time": 10000, "k": 410, "time_uncached": 4200.164245605469, "time_cached": 4101.126790046692, "equality": false, "mse": 62.610334136717476, "true_fourier_norm_squared": 1388.8115866601522, "computed_fourier_norm_squared": 1430.2431848875615, "measurements": 9456}