{"n": 324, "no_trees": 20, "depth": 3, "C": 0.2, "ratio": 3.0, "sampling_factor": 0.4, "n_cores": 10, "wait_time": 1000, "k": 50, "time_uncached": 5.551804780960083, "time_cached": 5.55676794052124, "equality": false, "mse": 235.06710084370138, "true_fourier_norm_squared": 1213.3515525643463, "computed_fourier_norm_squared": 1226.612552493279, "measurements": 304}