{"n": 324, "no_trees": 20, "depth": 4, "C": 0.15, "ratio": 3.0, "sampling_factor": 4.666666666666666, "n_cores": 10, "wait_time": 10000, "k": 410, "time_uncached": 5544.102224349976, "time_cached": 5792.905504703522, "equality": false, "mse": 44.93267120998784, "true_fourier_norm_squared": 1388.8115866601522, "computed_fourier_norm_squared": 1320.3408603046348, "measurements": 26496}