{"n": 324, "no_trees": 20, "depth": 3, "C": 0.3, "ratio": 1.6, "sampling_factor": 0.6000000000000001, "n_cores": 10, "wait_time": 1000, "k": 50, "time_uncached": 56.12326216697693, "time_cached": 57.11059260368347, "equality": false, "mse": 11.325898028971958, "true_fourier_norm_squared": 1213.3515525643463, "computed_fourier_norm_squared": 1215.8211956322207, "measurements": 1160}