{"n": 324, "no_trees": 20, "depth": 3, "C": 0.3, "ratio": 1.1, "sampling_factor": 0.8, "n_cores": 10, "wait_time": 1000, "k": 50, "time_uncached": 60.1747670173645, "time_cached": 60.14064288139343, "equality": false, "mse": 5.764443072551454, "true_fourier_norm_squared": 1213.3515525643463, "computed_fourier_norm_squared": 1191.5092037577772, "measurements": 1824}