{"n": 324, "no_trees": 20, "depth": 3, "C": 0.7, "ratio": 1.6, "sampling_factor": 1.4000000000000001, "n_cores": 10, "wait_time": 1000, "k": 50, "time_uncached": 72.40854692459106, "time_cached": 72.36288547515869, "equality": false, "mse": 0.11046619713273281, "true_fourier_norm_squared": 1213.3515525643463, "computed_fourier_norm_squared": 1213.6766333111605, "measurements": 7392}