{"n": 324, "no_trees": 20, "depth": 3, "C": 0.8, "ratio": 3.0, "sampling_factor": 6.0, "n_cores": 10, "wait_time": 1000, "k": 50, "time_uncached": 164.77886271476746, "time_cached": 165.19653129577637, "equality": false, "mse": 0.6130922025068742, "true_fourier_norm_squared": 1213.3515525643463, "computed_fourier_norm_squared": 1215.1158091846066, "measurements": 22640}