{"n": 324, "no_trees": 20, "depth": 4, "C": 0.4, "ratio": 1.1, "sampling_factor": 4.666666666666666, "n_cores": 10, "wait_time": 10000, "k": 410, "time_uncached": 7154.0165247917175, "time_cached": 7207.604094028473, "equality": false, "mse": 0.21819589485039736, "true_fourier_norm_squared": 1388.8115866601522, "computed_fourier_norm_squared": 1389.2457307787536, "measurements": 211968}