{"n": 324, "no_trees": 20, "depth": 4, "C": 0.6, "ratio": 1.6, "sampling_factor": 6.0, "n_cores": 10, "wait_time": 10000, "k": 410, "time_uncached": 397.8892893791199, "time_cached": 398.7238395214081, "equality": false, "mse": 0.275799862613783, "true_fourier_norm_squared": 1388.8115866601522, "computed_fourier_norm_squared": 1388.9170873255632, "measurements": 227200}