{"n": 324, "no_trees": 20, "depth": 3, "C": 0.7, "ratio": 1.6, "sampling_factor": 4.666666666666666, "n_cores": 10, "wait_time": 1000, "k": 50, "time_uncached": 217.0268633365631, "time_cached": 218.4722535610199, "equality": false, "mse": 0.3908431981679959, "true_fourier_norm_squared": 1213.3515525643463, "computed_fourier_norm_squared": 1212.5939990994832, "measurements": 24640}