{"n": 324, "no_trees": 20, "depth": 4, "C": 0.15, "ratio": 3.0, "sampling_factor": 2.4444444444444446, "n_cores": 10, "wait_time": 10000, "k": 410, "time_uncached": 7372.641336917877, "time_cached": 7246.622349262238, "equality": false, "mse": 62.17531572648405, "true_fourier_norm_squared": 1388.8115866601522, "computed_fourier_norm_squared": 1552.0832438265952, "measurements": 13920}