{"n": 324, "no_trees": 20, "depth": 4, "C": 0.2, "ratio": 3.0, "sampling_factor": 0.6000000000000001, "n_cores": 10, "wait_time": 10000, "k": 410, "time_uncached": 11538.46226644516, "time_cached": 11596.227513074875, "equality": false, "mse": 29.71089618703035, "true_fourier_norm_squared": 1388.8115866601522, "computed_fourier_norm_squared": 1396.6954948548535, "measurements": 6336}