{"n": 324, "no_trees": 20, "depth": 4, "C": 0.07, "ratio": 1.6, "sampling_factor": 2.888888888888889, "n_cores": 10, "wait_time": 10000, "k": 410, "time_uncached": 7147.076568841934, "time_cached": 7587.481222629547, "equality": false, "mse": 66.57861707111492, "true_fourier_norm_squared": 1388.8115866601522, "computed_fourier_norm_squared": 1298.8683577636543, "measurements": 13680}