{"n": 324, "no_trees": 20, "depth": 3, "C": 0.2, "ratio": 1.6, "sampling_factor": 0.2, "n_cores": 10, "wait_time": 1000, "k": 50, "time_uncached": 4.7365944385528564, "time_cached": 4.747337579727173, "equality": false, "mse": 1379.9511212415423, "true_fourier_norm_squared": 1213.3515525643463, "computed_fourier_norm_squared": 2367.923060351484, "measurements": 320}