{"n": 324, "no_trees": 20, "depth": 3, "C": 0.7, "ratio": 1.1, "sampling_factor": 3.333333333333333, "n_cores": 10, "wait_time": 1000, "k": 50, "time_uncached": 102.49845170974731, "time_cached": 101.84001183509827, "equality": false, "mse": 0.026133238013339666, "true_fourier_norm_squared": 1213.3515525643463, "computed_fourier_norm_squared": 1213.4147598486225, "measurements": 20096}