{"n": 324, "no_trees": 20, "depth": 3, "C": 0.9, "ratio": 1.1, "sampling_factor": 4.222222222222222, "n_cores": 10, "wait_time": 1000, "k": 50, "time_uncached": 188.81660556793213, "time_cached": 190.77758169174194, "equality": false, "mse": 0.021607716749308104, "true_fourier_norm_squared": 1213.3515525643463, "computed_fourier_norm_squared": 1213.3599396543316, "measurements": 38208}