{"n": 324, "no_trees": 20, "depth": 4, "C": 0.01, "ratio": 3.0, "sampling_factor": 1.4000000000000001, "n_cores": 10, "wait_time": 10000, "k": 410, "time_uncached": 4.0531158447265625e-05, "time_cached": 7.867813110351562e-06, "equality": false, "mse": 1388.811586660151, "true_fourier_norm_squared": 1388.8115866601522, "computed_fourier_norm_squared": 0, "measurements": 0}