{"n": 324, "no_trees": 20, "depth": 4, "C": 0.02, "ratio": 1.6, "sampling_factor": 4.666666666666666, "n_cores": 10, "wait_time": 10000, "k": 410, "time_uncached": 1942.6447031497955, "time_cached": 1956.6415174007416, "equality": false, "mse": 151.3024204638938, "true_fourier_norm_squared": 1388.8115866601522, "computed_fourier_norm_squared": 1278.518137885509, "measurements": 5520}