{"n": 324, "no_trees": 20, "depth": 4, "C": 0.09, "ratio": 3.0, "sampling_factor": 1.8, "n_cores": 10, "wait_time": 10000, "k": 410, "time_uncached": 6530.248976945877, "time_cached": 6426.297465801239, "equality": false, "mse": 59.19234515405808, "true_fourier_norm_squared": 1388.8115866601522, "computed_fourier_norm_squared": 1195.7108983122628, "measurements": 8560}