{"n": 324, "no_trees": 20, "depth": 3, "C": 0.4, "ratio": 3.0, "sampling_factor": 5.111111111111111, "n_cores": 10, "wait_time": 1000, "k": 50, "time_uncached": 38.543511629104614, "time_cached": 38.527825117111206, "equality": false, "mse": 8.108191896679253, "true_fourier_norm_squared": 1213.3515525643463, "computed_fourier_norm_squared": 1224.7877424642888, "measurements": 7712}