{"n": 324, "no_trees": 20, "depth": 4, "C": 0.08, "ratio": 1.6, "sampling_factor": 1.2, "n_cores": 10, "wait_time": 10000, "k": 410, "time_uncached": 8543.610301017761, "time_cached": 8639.838562250137, "equality": false, "mse": 53.493661175440685, "true_fourier_norm_squared": 1388.8115866601522, "computed_fourier_norm_squared": 1296.042478316683, "measurements": 5680}