{"n": 324, "no_trees": 20, "depth": 4, "C": 0.1, "ratio": 1.6, "sampling_factor": 1.0, "n_cores": 10, "wait_time": 10000, "k": 410, "time_uncached": 19575.225647449493, "time_cached": 16240.061879873276, "equality": false, "mse": 51.73003690244489, "true_fourier_norm_squared": 1388.8115866601522, "computed_fourier_norm_squared": 1395.429501070242, "measurements": 7680}