{"n": 324, "no_trees": 20, "depth": 4, "C": 0.15, "ratio": 1.6, "sampling_factor": 3.7777777777777777, "n_cores": 10, "wait_time": 10000, "k": 410, "time_uncached": 12132.159607887268, "time_cached": 12431.113598823547, "equality": false, "mse": 26.79149163130993, "true_fourier_norm_squared": 1388.8115866601522, "computed_fourier_norm_squared": 1354.6165184258834, "measurements": 35680}