{"n": 324, "no_trees": 20, "depth": 4, "C": 0.04, "ratio": 1.1, "sampling_factor": 4.222222222222222, "n_cores": 10, "wait_time": 10000, "k": 410, "time_uncached": 4602.359752416611, "time_cached": 4574.878542661667, "equality": false, "mse": 111.49954852477585, "true_fourier_norm_squared": 1388.8115866601522, "computed_fourier_norm_squared": 1178.0484715834104, "measurements": 12000}