{"n": 324, "no_trees": 20, "depth": 4, "C": 0.15, "ratio": 1.6, "sampling_factor": 2.888888888888889, "n_cores": 10, "wait_time": 10000, "k": 410, "time_uncached": 14133.19271993637, "time_cached": 13119.3283264637, "equality": false, "mse": 27.32021137979324, "true_fourier_norm_squared": 1388.8115866601522, "computed_fourier_norm_squared": 1461.808511628481, "measurements": 27360}