{"n": 324, "no_trees": 20, "depth": 3, "C": 0.1, "ratio": 1.1, "sampling_factor": 0.4, "n_cores": 10, "wait_time": 1000, "k": 50, "time_uncached": 7.937836647033691, "time_cached": 7.957910537719727, "equality": false, "mse": 1541.4686284759973, "true_fourier_norm_squared": 1213.3515525643463, "computed_fourier_norm_squared": 2097.4658772246257, "measurements": 456}