{"n": 324, "no_trees": 20, "depth": 4, "C": 0.08, "ratio": 1.6, "sampling_factor": 0.2, "n_cores": 10, "wait_time": 10000, "k": 410, "time_uncached": 10.420833587646484, "time_cached": 10.412707805633545, "equality": false, "mse": 1876.9562951262415, "true_fourier_norm_squared": 1388.8115866601522, "computed_fourier_norm_squared": 3063.9790709015897, "measurements": 960}