{"n": 324, "no_trees": 20, "depth": 4, "C": 0.07, "ratio": 3.0, "sampling_factor": 0.4, "n_cores": 10, "wait_time": 10000, "k": 410, "time_uncached": 117.173828125, "time_cached": 121.12227249145508, "equality": false, "mse": 277.87210759802747, "true_fourier_norm_squared": 1388.8115866601522, "computed_fourier_norm_squared": 1509.0541528116726, "measurements": 1152}