{"n": 324, "no_trees": 20, "depth": 4, "C": 0.1, "ratio": 1.1, "sampling_factor": 4.666666666666666, "n_cores": 10, "wait_time": 10000, "k": 410, "time_uncached": 10514.36645770073, "time_cached": 9776.262080430984, "equality": false, "mse": 21.72103980951193, "true_fourier_norm_squared": 1388.8115866601522, "computed_fourier_norm_squared": 1362.3805136224405, "measurements": 52992}