{"n": 324, "no_trees": 20, "depth": 3, "C": 1.0, "ratio": 1.1, "sampling_factor": 1.8, "n_cores": 10, "wait_time": 1000, "k": 50, "time_uncached": 85.45073962211609, "time_cached": 85.3777904510498, "equality": false, "mse": 0.0038061827775835223, "true_fourier_norm_squared": 1213.3515525643463, "computed_fourier_norm_squared": 1213.347746381569, "measurements": 16320}