{"n": 324, "no_trees": 20, "depth": 3, "C": 0.9, "ratio": 1.1, "sampling_factor": 2.888888888888889, "n_cores": 10, "wait_time": 1000, "k": 50, "time_uncached": 113.87626886367798, "time_cached": 114.84740281105042, "equality": false, "mse": 0.01913747591636199, "true_fourier_norm_squared": 1213.3515525643463, "computed_fourier_norm_squared": 1212.862388151425, "measurements": 26112}