{"n": 324, "no_trees": 20, "depth": 4, "C": 0.1, "ratio": 1.1, "sampling_factor": 0.2, "n_cores": 10, "wait_time": 10000, "k": 410, "time_uncached": 22.368290662765503, "time_cached": 22.3756320476532, "equality": false, "mse": 3504.892013649175, "true_fourier_norm_squared": 1388.8115866601522, "computed_fourier_norm_squared": 4033.240805591858, "measurements": 2304}