{"n": 324, "no_trees": 20, "depth": 3, "C": 0.7, "ratio": 1.1, "sampling_factor": 1.4000000000000001, "n_cores": 10, "wait_time": 1000, "k": 50, "time_uncached": 69.99892735481262, "time_cached": 70.00502943992615, "equality": false, "mse": 0.7555638900773596, "true_fourier_norm_squared": 1213.3515525643463, "computed_fourier_norm_squared": 1217.158850255014, "measurements": 8448}