{"n": 324, "no_trees": 20, "depth": 4, "C": 0.1, "ratio": 3.0, "sampling_factor": 5.111111111111111, "n_cores": 10, "wait_time": 10000, "k": 410, "time_uncached": 983.8940620422363, "time_cached": 963.3276696205139, "equality": false, "mse": 67.65164614010027, "true_fourier_norm_squared": 1388.8115866601522, "computed_fourier_norm_squared": 1586.162146689532, "measurements": 24160}