{"n": 324, "no_trees": 20, "depth": 4, "C": 0.06, "ratio": 1.1, "sampling_factor": 0.8, "n_cores": 10, "wait_time": 10000, "k": 410, "time_uncached": 7712.832109451294, "time_cached": 8100.220611333847, "equality": false, "mse": 45.54186358875009, "true_fourier_norm_squared": 1388.8115866601522, "computed_fourier_norm_squared": 1272.3325668579675, "measurements": 4608}