{"n": 324, "no_trees": 20, "depth": 4, "C": 0.4, "ratio": 3.0, "sampling_factor": 5.111111111111111, "n_cores": 10, "wait_time": 10000, "k": 410, "time_uncached": 1867.2784464359283, "time_cached": 1862.426990032196, "equality": false, "mse": 6.143245578443646, "true_fourier_norm_squared": 1388.8115866601522, "computed_fourier_norm_squared": 1388.150267305728, "measurements": 106304}