{"n": 324, "no_trees": 20, "depth": 3, "C": 0.8, "ratio": 3.0, "sampling_factor": 2.4444444444444446, "n_cores": 10, "wait_time": 1000, "k": 50, "time_uncached": 90.52865147590637, "time_cached": 91.51796650886536, "equality": false, "mse": 0.8266441782662433, "true_fourier_norm_squared": 1213.3515525643463, "computed_fourier_norm_squared": 1211.7803737541637, "measurements": 9200}