{"n": 324, "no_trees": 20, "depth": 3, "C": 0.3, "ratio": 1.6, "sampling_factor": 1.4000000000000001, "n_cores": 10, "wait_time": 1000, "k": 50, "time_uncached": 61.75783658027649, "time_cached": 60.67231464385986, "equality": false, "mse": 13.978469166321347, "true_fourier_norm_squared": 1213.3515525643463, "computed_fourier_norm_squared": 1224.2574288858475, "measurements": 2640}