{"n": 324, "no_trees": 20, "depth": 3, "C": 0.1, "ratio": 1.6, "sampling_factor": 2.4444444444444446, "n_cores": 10, "wait_time": 1000, "k": 50, "time_uncached": 41.335975646972656, "time_cached": 41.343647956848145, "equality": false, "mse": 154.29056085183984, "true_fourier_norm_squared": 1213.3515525643463, "computed_fourier_norm_squared": 730.2691697913092, "measurements": 1380}