{"n": 324, "no_trees": 20, "depth": 4, "C": 0.02, "ratio": 1.6, "sampling_factor": 5.111111111111111, "n_cores": 10, "wait_time": 10000, "k": 410, "time_uncached": 427.18342566490173, "time_cached": 438.2576665878296, "equality": false, "mse": 165.1530238186801, "true_fourier_norm_squared": 1388.8115866601522, "computed_fourier_norm_squared": 1441.6265925366415, "measurements": 6040}