{"n": 324, "no_trees": 20, "depth": 4, "C": 0.05, "ratio": 1.6, "sampling_factor": 4.666666666666666, "n_cores": 10, "wait_time": 10000, "k": 410, "time_uncached": 4349.573411464691, "time_cached": 4424.0587656497955, "equality": false, "mse": 52.7388896066599, "true_fourier_norm_squared": 1388.8115866601522, "computed_fourier_norm_squared": 1332.2889826844942, "measurements": 17664}