{"n": 324, "no_trees": 20, "depth": 3, "C": 0.6, "ratio": 3.0, "sampling_factor": 5.111111111111111, "n_cores": 10, "wait_time": 1000, "k": 50, "time_uncached": 231.46367263793945, "time_cached": 234.13407635688782, "equality": false, "mse": 4.844867196510698, "true_fourier_norm_squared": 1213.3515525643463, "computed_fourier_norm_squared": 1229.2335681896686, "measurements": 11568}