{"n": 324, "no_trees": 20, "depth": 4, "C": 0.6, "ratio": 1.1, "sampling_factor": 5.111111111111111, "n_cores": 10, "wait_time": 10000, "k": 410, "time_uncached": 1480.5713801383972, "time_cached": 1492.93625664711, "equality": false, "mse": 0.7765471273845731, "true_fourier_norm_squared": 1388.8115866601522, "computed_fourier_norm_squared": 1389.0173993774993, "measurements": 231936}