{"n": 324, "no_trees": 20, "depth": 3, "C": 0.5, "ratio": 1.6, "sampling_factor": 1.6, "n_cores": 10, "wait_time": 1000, "k": 50, "time_uncached": 81.89885067939758, "time_cached": 80.96708345413208, "equality": false, "mse": 0.2342205151091576, "true_fourier_norm_squared": 1213.3515525643463, "computed_fourier_norm_squared": 1214.7000130450765, "measurements": 4864}