{"n": 324, "no_trees": 20, "depth": 4, "C": 0.07, "ratio": 1.6, "sampling_factor": 3.7777777777777777, "n_cores": 10, "wait_time": 10000, "k": 410, "time_uncached": 6805.803673028946, "time_cached": 6959.700959444046, "equality": false, "mse": 52.2687265226163, "true_fourier_norm_squared": 1388.8115866601522, "computed_fourier_norm_squared": 1342.7612345569632, "measurements": 17840}