{"n": 324, "no_trees": 20, "depth": 4, "C": 0.02, "ratio": 1.6, "sampling_factor": 0.4, "n_cores": 10, "wait_time": 10000, "k": 410, "time_uncached": 61.01529812812805, "time_cached": 61.05147695541382, "equality": false, "mse": 727.0092745254431, "true_fourier_norm_squared": 1388.8115866601522, "computed_fourier_norm_squared": 2021.841092364943, "measurements": 480}