{"n": 324, "no_trees": 20, "depth": 4, "C": 0.08, "ratio": 1.1, "sampling_factor": 4.222222222222222, "n_cores": 10, "wait_time": 10000, "k": 410, "time_uncached": 11225.524660110474, "time_cached": 11039.111222028732, "equality": false, "mse": 50.84984042971222, "true_fourier_norm_squared": 1388.8115866601522, "computed_fourier_norm_squared": 1252.4504686227513, "measurements": 24000}