{"n": 324, "no_trees": 20, "depth": 3, "C": 0.5, "ratio": 1.6, "sampling_factor": 0.6000000000000001, "n_cores": 10, "wait_time": 1000, "k": 50, "time_uncached": 105.4614462852478, "time_cached": 105.5044298171997, "equality": false, "mse": 4.66001985786484, "true_fourier_norm_squared": 1213.3515525643463, "computed_fourier_norm_squared": 1223.8488006994871, "measurements": 1856}