{"n": 324, "no_trees": 20, "depth": 4, "C": 0.09, "ratio": 1.6, "sampling_factor": 3.333333333333333, "n_cores": 10, "wait_time": 10000, "k": 410, "time_uncached": 9664.414420843124, "time_cached": 9592.414627552032, "equality": false, "mse": 43.89664414753312, "true_fourier_norm_squared": 1388.8115866601522, "computed_fourier_norm_squared": 1380.9382021821057, "measurements": 22064}