{"n": 324, "no_trees": 20, "depth": 4, "C": 0.01, "ratio": 1.6, "sampling_factor": 2.4444444444444446, "n_cores": 10, "wait_time": 10000, "k": 410, "time_uncached": 674.677976846695, "time_cached": 681.7692196369171, "equality": false, "mse": 239.7509892917703, "true_fourier_norm_squared": 1388.8115866601522, "computed_fourier_norm_squared": 1202.8396618568663, "measurements": 580}