{"n": 324, "no_trees": 20, "depth": 4, "C": 0.1, "ratio": 1.1, "sampling_factor": 0.6000000000000001, "n_cores": 10, "wait_time": 10000, "k": 410, "time_uncached": 13145.694291114807, "time_cached": 12301.60739517212, "equality": false, "mse": 21.000037940067685, "true_fourier_norm_squared": 1388.8115866601522, "computed_fourier_norm_squared": 1396.5319712333485, "measurements": 6912}