{"n": 324, "no_trees": 20, "depth": 3, "C": 0.5, "ratio": 3.0, "sampling_factor": 0.2, "n_cores": 10, "wait_time": 1000, "k": 50, "time_uncached": 3.616441011428833, "time_cached": 3.6069717407226562, "equality": false, "mse": 818.951535479761, "true_fourier_norm_squared": 1213.3515525643463, "computed_fourier_norm_squared": 1224.8421832446127, "measurements": 320}