{"n": 324, "no_trees": 20, "depth": 3, "C": 0.1, "ratio": 1.1, "sampling_factor": 0.8, "n_cores": 10, "wait_time": 1000, "k": 50, "time_uncached": 50.71469283103943, "time_cached": 50.65891408920288, "equality": false, "mse": 96.59637025834736, "true_fourier_norm_squared": 1213.3515525643463, "computed_fourier_norm_squared": 1464.6212488019296, "measurements": 912}