{"n": 324, "no_trees": 20, "depth": 4, "C": 0.07, "ratio": 3.0, "sampling_factor": 4.222222222222222, "n_cores": 10, "wait_time": 10000, "k": 410, "time_uncached": 3724.640649318695, "time_cached": 3705.5038936138153, "equality": false, "mse": 62.57752402566556, "true_fourier_norm_squared": 1388.8115866601522, "computed_fourier_norm_squared": 1239.6738069696964, "measurements": 12000}