{"n": 324, "no_trees": 20, "depth": 3, "C": 0.2, "ratio": 1.6, "sampling_factor": 2.4444444444444446, "n_cores": 10, "wait_time": 1000, "k": 50, "time_uncached": 59.85929989814758, "time_cached": 59.854554891586304, "equality": false, "mse": 25.009515109019173, "true_fourier_norm_squared": 1213.3515525643463, "computed_fourier_norm_squared": 1195.1612471920332, "measurements": 3680}