{"n": 324, "no_trees": 20, "depth": 4, "C": 0.6, "ratio": 1.1, "sampling_factor": 0.8, "n_cores": 10, "wait_time": 10000, "k": 410, "time_uncached": 24416.832629442215, "time_cached": 25302.769163131714, "equality": false, "mse": 0.5521084594237762, "true_fourier_norm_squared": 1388.8115866601522, "computed_fourier_norm_squared": 1388.1324902019783, "measurements": 36864}