{"n": 324, "no_trees": 20, "depth": 4, "C": 0.2, "ratio": 1.6, "sampling_factor": 0.4, "n_cores": 10, "wait_time": 10000, "k": 410, "time_uncached": 572.7771127223969, "time_cached": 577.6539015769958, "equality": false, "mse": 630.9424328406493, "true_fourier_norm_squared": 1388.8115866601522, "computed_fourier_norm_squared": 1834.6279978119924, "measurements": 6144}