{"n": 324, "no_trees": 20, "depth": 4, "C": 0.04, "ratio": 1.1, "sampling_factor": 4.666666666666666, "n_cores": 10, "wait_time": 10000, "k": 410, "time_uncached": 3667.2578723430634, "time_cached": 3727.1327245235443, "equality": false, "mse": 100.55230128248955, "true_fourier_norm_squared": 1388.8115866601522, "computed_fourier_norm_squared": 1274.2042866781799, "measurements": 13248}