{"n": 324, "no_trees": 20, "depth": 4, "C": 0.01, "ratio": 1.1, "sampling_factor": 1.6, "n_cores": 10, "wait_time": 10000, "k": 410, "time_uncached": 2129.357264280319, "time_cached": 2091.203062057495, "equality": false, "mse": 147.49633346618322, "true_fourier_norm_squared": 1388.8115866601522, "computed_fourier_norm_squared": 1266.58160335031, "measurements": 1140}