{"n": 324, "no_trees": 20, "depth": 4, "C": 0.6, "ratio": 3.0, "sampling_factor": 5.555555555555555, "n_cores": 10, "wait_time": 10000, "k": 410, "time_uncached": 244.09513092041016, "time_cached": 244.5790557861328, "equality": false, "mse": 1.5013503351845034, "true_fourier_norm_squared": 1388.8115866601522, "computed_fourier_norm_squared": 1390.4969510127667, "measurements": 136448}