{"n": 324, "no_trees": 20, "depth": 4, "C": 0.09, "ratio": 1.6, "sampling_factor": 0.2, "n_cores": 10, "wait_time": 10000, "k": 410, "time_uncached": 13.68458867073059, "time_cached": 13.698114156723022, "equality": false, "mse": 1474.2984545708182, "true_fourier_norm_squared": 1388.8115866601522, "computed_fourier_norm_squared": 2674.513451996292, "measurements": 1344}