{"n": 324, "no_trees": 20, "depth": 4, "C": 0.04, "ratio": 1.1, "sampling_factor": 1.6, "n_cores": 10, "wait_time": 10000, "k": 410, "time_uncached": 5179.6275634765625, "time_cached": 5089.020298242569, "equality": false, "mse": 68.02715710280799, "true_fourier_norm_squared": 1388.8115866601522, "computed_fourier_norm_squared": 1201.0874130670152, "measurements": 4560}