{"n": 324, "no_trees": 20, "depth": 3, "C": 0.5, "ratio": 3.0, "sampling_factor": 0.4, "n_cores": 10, "wait_time": 1000, "k": 50, "time_uncached": 6.093396186828613, "time_cached": 6.112401723861694, "equality": false, "mse": 120.23727684295046, "true_fourier_norm_squared": 1213.3515525643463, "computed_fourier_norm_squared": 1224.8421832446124, "measurements": 608}