{"n": 324, "no_trees": 20, "depth": 4, "C": 0.03, "ratio": 3.0, "sampling_factor": 0.2, "n_cores": 10, "wait_time": 10000, "k": 410, "time_uncached": 2.423912525177002, "time_cached": 2.4053685665130615, "equality": false, "mse": 878.2540985977897, "true_fourier_norm_squared": 1388.8115866601522, "computed_fourier_norm_squared": 1471.7961068991808, "measurements": 192}