{"n": 324, "no_trees": 20, "depth": 3, "C": 1.0, "ratio": 1.6, "sampling_factor": 3.333333333333333, "n_cores": 10, "wait_time": 1000, "k": 50, "time_uncached": 103.81119179725647, "time_cached": 103.84786772727966, "equality": false, "mse": 0.026133238013339666, "true_fourier_norm_squared": 1213.3515525643463, "computed_fourier_norm_squared": 1213.4147598486222, "measurements": 20096}