{"n": 324, "no_trees": 20, "depth": 4, "C": 0.09, "ratio": 3.0, "sampling_factor": 1.6, "n_cores": 10, "wait_time": 10000, "k": 410, "time_uncached": 6309.49848818779, "time_cached": 6358.059320449829, "equality": false, "mse": 54.24120271284615, "true_fourier_norm_squared": 1388.8115866601522, "computed_fourier_norm_squared": 1337.2382223315306, "measurements": 7600}