{"n": 324, "no_trees": 20, "depth": 3, "C": 0.6, "ratio": 3.0, "sampling_factor": 2.4444444444444446, "n_cores": 10, "wait_time": 1000, "k": 50, "time_uncached": 76.74079394340515, "time_cached": 75.69036269187927, "equality": false, "mse": 5.379821674079513, "true_fourier_norm_squared": 1213.3515525643463, "computed_fourier_norm_squared": 1209.8725168843334, "measurements": 5520}