{"n": 324, "no_trees": 20, "depth": 3, "C": 0.8, "ratio": 1.6, "sampling_factor": 5.111111111111111, "n_cores": 10, "wait_time": 1000, "k": 50, "time_uncached": 201.24876499176025, "time_cached": 204.42339754104614, "equality": false, "mse": 0.050142218294786337, "true_fourier_norm_squared": 1213.3515525643463, "computed_fourier_norm_squared": 1213.4422787434994, "measurements": 26992}