{"n": 324, "no_trees": 20, "depth": 4, "C": 0.01, "ratio": 1.1, "sampling_factor": 6.0, "n_cores": 10, "wait_time": 10000, "k": 410, "time_uncached": 9.728973865509033, "time_cached": 9.651762008666992, "equality": false, "mse": 176.31280361910532, "true_fourier_norm_squared": 1388.8115866601522, "computed_fourier_norm_squared": 912.094732349649, "measurements": 4260}