{"n": 324, "no_trees": 20, "depth": 4, "C": 0.6, "ratio": 1.1, "sampling_factor": 1.6, "n_cores": 10, "wait_time": 10000, "k": 410, "time_uncached": 26907.268555164337, "time_cached": 29229.12750339508, "equality": false, "mse": 0.2526309434272293, "true_fourier_norm_squared": 1388.8115866601522, "computed_fourier_norm_squared": 1388.8208040279571, "measurements": 72960}