{"n": 324, "no_trees": 20, "depth": 4, "C": 0.04, "ratio": 3.0, "sampling_factor": 3.7777777777777777, "n_cores": 10, "wait_time": 10000, "k": 410, "time_uncached": 1579.2527251243591, "time_cached": 1538.2882947921753, "equality": false, "mse": 115.62708347200137, "true_fourier_norm_squared": 1388.8115866601522, "computed_fourier_norm_squared": 1460.3008216758392, "measurements": 3568}