{"n": 324, "no_trees": 20, "depth": 3, "C": 1.0, "ratio": 3.0, "sampling_factor": 2.888888888888889, "n_cores": 10, "wait_time": 1000, "k": 50, "time_uncached": 81.90516066551208, "time_cached": 81.03798055648804, "equality": false, "mse": 1.1209753925563857, "true_fourier_norm_squared": 1213.3515525643463, "computed_fourier_norm_squared": 1210.9016771232305, "measurements": 13056}