{"n": 324, "no_trees": 20, "depth": 3, "C": 0.4, "ratio": 1.1, "sampling_factor": 4.222222222222222, "n_cores": 10, "wait_time": 1000, "k": 50, "time_uncached": 367.28276658058167, "time_cached": 369.56462264060974, "equality": false, "mse": 0.2405870588677058, "true_fourier_norm_squared": 1213.3515525643463, "computed_fourier_norm_squared": 1200.863780010828, "measurements": 19104}