{"n": 324, "no_trees": 20, "depth": 4, "C": 0.07, "ratio": 1.6, "sampling_factor": 1.0, "n_cores": 10, "wait_time": 10000, "k": 410, "time_uncached": 7021.418372869492, "time_cached": 6758.495586872101, "equality": false, "mse": 51.55288376923239, "true_fourier_norm_squared": 1388.8115866601522, "computed_fourier_norm_squared": 1472.3615419767013, "measurements": 4800}