{"n": 324, "no_trees": 20, "depth": 4, "C": 0.03, "ratio": 3.0, "sampling_factor": 3.333333333333333, "n_cores": 10, "wait_time": 10000, "k": 410, "time_uncached": 1671.681541442871, "time_cached": 1616.7590699195862, "equality": false, "mse": 111.74505787301733, "true_fourier_norm_squared": 1388.8115866601522, "computed_fourier_norm_squared": 1225.4535431435406, "measurements": 3152}