{"n": 324, "no_trees": 20, "depth": 3, "C": 1.0, "ratio": 1.1, "sampling_factor": 0.4, "n_cores": 10, "wait_time": 1000, "k": 50, "time_uncached": 35.20678472518921, "time_cached": 35.11557745933533, "equality": false, "mse": 658.2990194882374, "true_fourier_norm_squared": 1213.3515525643463, "computed_fourier_norm_squared": 1707.2766310420682, "measurements": 3648}