{"n": 324, "no_trees": 20, "depth": 4, "C": 0.4, "ratio": 1.6, "sampling_factor": 0.6000000000000001, "n_cores": 10, "wait_time": 10000, "k": 410, "time_uncached": 22205.49756884575, "time_cached": 22085.569721221924, "equality": false, "mse": 1.7121755141585573, "true_fourier_norm_squared": 1388.8115866601522, "computed_fourier_norm_squared": 1387.4618497255988, "measurements": 18432}