{"n": 324, "no_trees": 20, "depth": 4, "C": 0.07, "ratio": 3.0, "sampling_factor": 1.6, "n_cores": 10, "wait_time": 10000, "k": 410, "time_uncached": 4405.24298286438, "time_cached": 4421.947337627411, "equality": false, "mse": 55.19087473282557, "true_fourier_norm_squared": 1388.8115866601522, "computed_fourier_norm_squared": 1309.2440189572626, "measurements": 4560}