{"n": 324, "no_trees": 20, "depth": 3, "C": 0.1, "ratio": 1.1, "sampling_factor": 5.555555555555555, "n_cores": 10, "wait_time": 1000, "k": 50, "time_uncached": 270.116171836853, "time_cached": 269.14187717437744, "equality": false, "mse": 31.79533659640948, "true_fourier_norm_squared": 1213.3515525643463, "computed_fourier_norm_squared": 1217.4192912561045, "measurements": 6288}