{"n": 500, "k": 30, "degree": 10, "C": 1.4, "ratio": 3.0, "time_uncached": 65.33419847488403, "time_cached": 16.567260265350342, "equality": false, "mse": 36086.0, "true_fourier_norm_squared": 127444, "computed_fourier_norm_squared": 115600.0, "measurements": 13840}