{"n": 500, "k": 30, "degree": 2, "C": 0.6, "ratio": 3.0, "time_uncached": 19.730791807174683, "time_cached": 16.546055793762207, "equality": false, "mse": 28525.0, "true_fourier_norm_squared": 85352, "computed_fourier_norm_squared": 93031.0, "measurements": 928}