{"n": 500, "k": 30, "degree": 2, "C": 2.0, "ratio": 3.0, "time_uncached": 21.7040696144104, "time_cached": 13.14021921157837, "equality": true, "mse": 0.0, "true_fourier_norm_squared": 85352, "computed_fourier_norm_squared": 85352.0, "measurements": 2784}