{"n": 500, "k": 30, "degree": 4, "C": 0.1, "ratio": 1.1, "time_uncached": 19.63498592376709, "time_cached": 16.284403800964355, "equality": false, "mse": 89563.0, "true_fourier_norm_squared": 96430, "computed_fourier_norm_squared": 3969.0, "measurements": 780}