{"n": 500, "k": 30, "degree": 2, "C": 1.2, "ratio": 1.6, "time_uncached": 22.00091862678528, "time_cached": 12.225934505462646, "equality": true, "mse": 0.0, "true_fourier_norm_squared": 85352, "computed_fourier_norm_squared": 85352.0, "measurements": 3248}