{"n": 500, "k": 30, "degree": 5, "C": 1.4, "ratio": 1.1, "time_uncached": 72.90229535102844, "time_cached": 15.725807428359985, "equality": true, "mse": 0.0, "true_fourier_norm_squared": 105143, "computed_fourier_norm_squared": 105143.0, "measurements": 15936}