{"n": 500, "k": 30, "degree": 5, "C": 0.15, "ratio": 1.1, "time_uncached": 17.689741373062134, "time_cached": 14.210962295532227, "equality": false, "mse": 105143, "true_fourier_norm_squared": 105143, "computed_fourier_norm_squared": 0, "measurements": 996}