{"n": 500, "k": 30, "degree": 2, "C": 2.0, "ratio": 1.1, "time_uncached": 38.505640506744385, "time_cached": 17.033257961273193, "equality": true, "mse": 0.0, "true_fourier_norm_squared": 85352, "computed_fourier_norm_squared": 85352.0, "measurements": 5568}