{"n": 500, "k": 30, "degree": 3, "C": 0.2, "ratio": 1.6, "time_uncached": 18.124916076660156, "time_cached": 15.900434017181396, "equality": false, "mse": 142783.0, "true_fourier_norm_squared": 124915, "computed_fourier_norm_squared": 100368.0, "measurements": 564}