{"n": 500, "k": 30, "degree": 3, "C": 0.05, "ratio": 3.0, "time_uncached": 3.4332275390625e-05, "time_cached": 1.1205673217773438e-05, "equality": false, "mse": 124915, "true_fourier_norm_squared": 124915, "computed_fourier_norm_squared": 0, "measurements": 0}