{"n": 500, "k": 30, "degree": 10, "C": 2.0, "ratio": 1.6, "time_uncached": 101.53546190261841, "time_cached": 15.126306295394897, "equality": true, "mse": 0.0, "true_fourier_norm_squared": 127444, "computed_fourier_norm_squared": 127444.0, "measurements": 27680}