{"n": 500, "k": 30, "degree": 10, "C": 3.0, "ratio": 3.0, "time_uncached": 111.31110143661499, "time_cached": 15.542223691940308, "equality": true, "mse": 0.0, "true_fourier_norm_squared": 127444, "computed_fourier_norm_squared": 127444.0, "measurements": 30448}