{"n": 500, "k": 30, "degree": 20, "C": 0.8, "ratio": 1.1, "time_uncached": 131.61487317085266, "time_cached": 18.188729524612427, "equality": true, "mse": 0.0, "true_fourier_norm_squared": 89286, "computed_fourier_norm_squared": 89286.0, "measurements": 33888}