{"n": 500, "k": 30, "degree": 20, "C": 2.0, "ratio": 1.6, "time_uncached": 196.74975275993347, "time_cached": 18.72243857383728, "equality": true, "mse": 0.0, "true_fourier_norm_squared": 89286, "computed_fourier_norm_squared": 89286.0, "measurements": 56480}