{"n": 500, "k": 30, "degree": 10, "C": 1.0, "ratio": 1.6, "time_uncached": 62.01720190048218, "time_cached": 15.389631986618042, "equality": true, "mse": 0.0, "true_fourier_norm_squared": 127444, "computed_fourier_norm_squared": 127444.0, "measurements": 13840}