{"n": 500, "k": 30, "degree": 10, "C": 1.4, "ratio": 1.6, "time_uncached": 87.04932069778442, "time_cached": 15.416922330856323, "equality": true, "mse": 0.0, "true_fourier_norm_squared": 127444, "computed_fourier_norm_squared": 127444.0, "measurements": 22144}