{"n": 500, "k": 30, "degree": 10, "C": 0.05, "ratio": 1.1, "time_uncached": 2.193450927734375e-05, "time_cached": 6.9141387939453125e-06, "equality": false, "mse": 127444, "true_fourier_norm_squared": 127444, "computed_fourier_norm_squared": 0, "measurements": 0}