{"n": 500, "k": 30, "degree": 2, "C": 0.2, "ratio": 3.0, "time_uncached": 3.147125244140625e-05, "time_cached": 1.2159347534179688e-05, "equality": false, "mse": 85352, "true_fourier_norm_squared": 85352, "computed_fourier_norm_squared": 0, "measurements": 0}