{"n": 500, "k": 30, "degree": 3, "C": 0.2, "ratio": 1.1, "time_uncached": 16.656471967697144, "time_cached": 13.102322340011597, "equality": false, "mse": 69294.0, "true_fourier_norm_squared": 124915, "computed_fourier_norm_squared": 95701.0, "measurements": 1128}