{"n": 500, "k": 30, "degree": 10, "C": 1.0, "ratio": 1.1, "time_uncached": 70.73701071739197, "time_cached": 15.560410499572754, "equality": true, "mse": 0.0, "true_fourier_norm_squared": 127444, "computed_fourier_norm_squared": 127444.0, "measurements": 16608}