{"n": 500, "k": 30, "degree": 2, "C": 1.4, "ratio": 3.0, "time_uncached": 25.831107139587402, "time_cached": 16.93271803855896, "equality": false, "mse": 3822.0, "true_fourier_norm_squared": 88467, "computed_fourier_norm_squared": 95495.0, "measurements": 2320}