{"n": 500, "k": 30, "degree": 2, "C": 1.4, "ratio": 1.1, "time_uncached": 38.312373638153076, "time_cached": 16.922130584716797, "equality": true, "mse": 0.0, "true_fourier_norm_squared": 85352, "computed_fourier_norm_squared": 85352.0, "measurements": 5568}