{"n": 500, "k": 30, "degree": 4, "C": 1.8, "ratio": 1.6, "time_uncached": 46.93355369567871, "time_cached": 13.976569652557373, "equality": true, "mse": 0.0, "true_fourier_norm_squared": 96430, "computed_fourier_norm_squared": 96430.0, "measurements": 10400}