{"n": 500, "k": 30, "degree": 5, "C": 1.2, "ratio": 1.6, "time_uncached": 51.46554350852966, "time_cached": 17.529054641723633, "equality": true, "mse": 0.0, "true_fourier_norm_squared": 105143, "computed_fourier_norm_squared": 105143.0, "measurements": 9296}