{"n": 500, "k": 30, "degree": 3, "C": 1.2, "ratio": 1.1, "time_uncached": 43.94568705558777, "time_cached": 16.822925567626953, "equality": true, "mse": 0.0, "true_fourier_norm_squared": 124959, "computed_fourier_norm_squared": 124959.0, "measurements": 7520}