{"n": 500, "k": 30, "degree": 2, "C": 1.4, "ratio": 1.6, "time_uncached": 31.000861883163452, "time_cached": 16.9011013507843, "equality": true, "mse": 0.0, "true_fourier_norm_squared": 88652, "computed_fourier_norm_squared": 88652.0, "measurements": 3712}