{"n": 500, "k": 30, "degree": 4, "C": 1.6, "ratio": 1.1, "time_uncached": 62.329532623291016, "time_cached": 17.58711290359497, "equality": true, "mse": 0.0, "true_fourier_norm_squared": 96430, "computed_fourier_norm_squared": 96430.0, "measurements": 12480}