{"n": 500, "k": 30, "degree": 5, "C": 1.6, "ratio": 3.0, "time_uncached": 41.352232217788696, "time_cached": 16.892091035842896, "equality": false, "mse": 23514.0, "true_fourier_norm_squared": 105143, "computed_fourier_norm_squared": 89975.0, "measurements": 6640}