{"n": 500, "k": 30, "degree": 20, "C": 1.6, "ratio": 1.6, "time_uncached": 159.53069138526917, "time_cached": 17.455977201461792, "equality": true, "mse": 0.0, "true_fourier_norm_squared": 89286, "computed_fourier_norm_squared": 89286.0, "measurements": 45184}