{"n": 500, "k": 30, "degree": 5, "C": 1.0, "ratio": 1.6, "time_uncached": 41.76101899147034, "time_cached": 17.296650171279907, "equality": false, "mse": 7688.0, "true_fourier_norm_squared": 105143, "computed_fourier_norm_squared": 110971.0, "measurements": 6640}