{"n": 500, "k": 30, "degree": 20, "C": 3.0, "ratio": 1.6, "time_uncached": 300.46636986732483, "time_cached": 20.265408515930176, "equality": true, "mse": 0.0, "true_fourier_norm_squared": 89286, "computed_fourier_norm_squared": 89286.0, "measurements": 90368}