{"n": 500, "k": 30, "degree": 5, "C": 1.8, "ratio": 3.0, "time_uncached": 45.693177461624146, "time_cached": 16.961637258529663, "equality": true, "mse": 0.0, "true_fourier_norm_squared": 105143, "computed_fourier_norm_squared": 105143.0, "measurements": 7968}