{"n": 500, "k": 30, "degree": 2, "C": 3.0, "ratio": 3.0, "time_uncached": 35.88344192504883, "time_cached": 17.378220319747925, "equality": true, "mse": 0.0, "true_fourier_norm_squared": 85352, "computed_fourier_norm_squared": 85352.0, "measurements": 5104}