{"n": 500, "k": 30, "degree": 3, "C": 1.8, "ratio": 1.6, "time_uncached": 44.895872354507446, "time_cached": 16.859490633010864, "equality": true, "mse": 0.0, "true_fourier_norm_squared": 124915, "computed_fourier_norm_squared": 124915.0, "measurements": 7520}