{"n": 500, "k": 30, "degree": 10, "C": 3.0, "ratio": 1.1, "time_uncached": 240.39719319343567, "time_cached": 17.876959562301636, "equality": true, "mse": 0.0, "true_fourier_norm_squared": 127444, "computed_fourier_norm_squared": 127444.0, "measurements": 66432}