{"n": 500, "k": 30, "degree": 2, "C": 0.05, "ratio": 1.6, "time_uncached": 3.552436828613281e-05, "time_cached": 1.1682510375976562e-05, "equality": false, "mse": 85352, "true_fourier_norm_squared": 85352, "computed_fourier_norm_squared": 0, "measurements": 0}