{"n": 500, "k": 30, "degree": 4, "C": 0.15, "ratio": 1.1, "time_uncached": 19.49857258796692, "time_cached": 16.147458791732788, "equality": false, "mse": 96427.0, "true_fourier_norm_squared": 96430, "computed_fourier_norm_squared": 1.0, "measurements": 780}