{"n": 500, "k": 30, "degree": 5, "C": 1.6, "ratio": 1.1, "time_uncached": 77.44615292549133, "time_cached": 17.775105953216553, "equality": true, "mse": 0.0, "true_fourier_norm_squared": 105143, "computed_fourier_norm_squared": 105143.0, "measurements": 15936}