{"n": 500, "k": 30, "degree": 20, "C": 3.0, "ratio": 1.1, "time_uncached": 457.577175617218, "time_cached": 25.114197254180908, "equality": true, "mse": 0.0, "true_fourier_norm_squared": 89286, "computed_fourier_norm_squared": 89286.0, "measurements": 135552}