{"n": 500, "k": 30, "degree": 2, "C": 3.0, "ratio": 1.1, "time_uncached": 59.404935121536255, "time_cached": 17.076709747314453, "equality": true, "mse": 0.0, "true_fourier_norm_squared": 85352, "computed_fourier_norm_squared": 85352.0, "measurements": 11136}