{"n": 500, "k": 30, "degree": 3, "C": 0.05, "ratio": 1.1, "time_uncached": 3.147125244140625e-05, "time_cached": 1.2636184692382812e-05, "equality": false, "mse": 124915, "true_fourier_norm_squared": 124915, "computed_fourier_norm_squared": 0, "measurements": 0}