{"n": 500, "k": 30, "degree": 20, "C": 0.05, "ratio": 3.0, "time_uncached": 2.193450927734375e-05, "time_cached": 7.152557373046875e-06, "equality": false, "mse": 89286, "true_fourier_norm_squared": 89286, "computed_fourier_norm_squared": 0, "measurements": 0}