{"n": 500, "k": 30, "degree": 2, "C": 1.8, "ratio": 1.6, "time_uncached": 29.112608671188354, "time_cached": 13.726395606994629, "equality": true, "mse": 0.0, "true_fourier_norm_squared": 85352, "computed_fourier_norm_squared": 85352.0, "measurements": 4640}