{"n": 500, "k": 30, "degree": 2, "C": 1.6, "ratio": 1.1, "time_uncached": 38.671098947525024, "time_cached": 17.126930952072144, "equality": true, "mse": 0.0, "true_fourier_norm_squared": 85352, "computed_fourier_norm_squared": 85352.0, "measurements": 5568}