{"n": 500, "k": 30, "degree": 10, "C": 0.1, "ratio": 3.0, "time_uncached": 1.71661376953125e-05, "time_cached": 7.152557373046875e-06, "equality": false, "mse": 127444, "true_fourier_norm_squared": 127444, "computed_fourier_norm_squared": 0, "measurements": 0}