{"n": 500, "k": 30, "degree": 4, "C": 0.6, "ratio": 3.0, "time_uncached": 23.99055027961731, "time_cached": 16.458245992660522, "equality": false, "mse": 63623.0, "true_fourier_norm_squared": 96430, "computed_fourier_norm_squared": 44875.0, "measurements": 2080}