{"n": 500, "k": 30, "degree": 2, "C": 0.2, "ratio": 1.6, "time_uncached": 17.58638310432434, "time_cached": 16.190287590026855, "equality": false, "mse": 84067.0, "true_fourier_norm_squared": 89523, "computed_fourier_norm_squared": 9634.0, "measurements": 348}