{"n": 500, "k": 30, "degree": 5, "C": 0.15, "ratio": 3.0, "time_uncached": 3.170967102050781e-05, "time_cached": 1.239776611328125e-05, "equality": false, "mse": 105143, "true_fourier_norm_squared": 105143, "computed_fourier_norm_squared": 0, "measurements": 0}