{"n": 500, "k": 30, "degree": 4, "C": 1.6, "ratio": 1.6, "time_uncached": 47.90828776359558, "time_cached": 16.985373735427856, "equality": true, "mse": 0.0, "true_fourier_norm_squared": 96430, "computed_fourier_norm_squared": 96430.0, "measurements": 8320}