{"n": 500, "k": 30, "degree": 2, "C": 0.6, "ratio": 1.6, "time_uncached": 22.2730610370636, "time_cached": 16.93537998199463, "equality": false, "mse": 9668.0, "true_fourier_norm_squared": 85352, "computed_fourier_norm_squared": 108162.0, "measurements": 1624}