{"n": 500, "k": 30, "degree": 2, "C": 1.0, "ratio": 1.1, "time_uncached": 27.63750433921814, "time_cached": 16.900953769683838, "equality": false, "mse": 682.0, "true_fourier_norm_squared": 85352, "computed_fourier_norm_squared": 82116.0, "measurements": 2784}