{"n": 500, "k": 30, "degree": 3, "C": 2.0, "ratio": 1.1, "time_uncached": 50.75051259994507, "time_cached": 16.777308464050293, "equality": true, "mse": 0.0, "true_fourier_norm_squared": 124915, "computed_fourier_norm_squared": 124915.0, "measurements": 9024}