{"n": 500, "k": 30, "degree": 2, "C": 3.0, "ratio": 1.6, "time_uncached": 43.29276180267334, "time_cached": 16.471123456954956, "equality": true, "mse": 0.0, "true_fourier_norm_squared": 85352, "computed_fourier_norm_squared": 85352.0, "measurements": 7424}