{"n": 500, "k": 30, "degree": 2, "C": 1.0, "ratio": 1.6, "time_uncached": 25.987668752670288, "time_cached": 16.986202239990234, "equality": false, "mse": 1010.0, "true_fourier_norm_squared": 91264, "computed_fourier_norm_squared": 98496.0, "measurements": 2320}