{"n": 500, "k": 30, "degree": 10, "C": 0.8, "ratio": 1.6, "time_uncached": 54.29656744003296, "time_cached": 15.858306884765625, "equality": false, "mse": 29885.0, "true_fourier_norm_squared": 127444, "computed_fourier_norm_squared": 111479.0, "measurements": 11072}