{"n": 500, "k": 30, "degree": 10, "C": 0.6, "ratio": 1.6, "time_uncached": 43.625858783721924, "time_cached": 14.017482042312622, "equality": false, "mse": 23637.0, "true_fourier_norm_squared": 127444, "computed_fourier_norm_squared": 146325.0, "measurements": 9688}