{"n": 500, "k": 30, "degree": 3, "C": 1.4, "ratio": 1.1, "time_uncached": 45.7462854385376, "time_cached": 14.592544078826904, "equality": true, "mse": 0.0, "true_fourier_norm_squared": 124915, "computed_fourier_norm_squared": 124915.0, "measurements": 9024}