{"n": 500, "k": 30, "degree": 10, "C": 3.0, "ratio": 1.6, "time_uncached": 162.0215048789978, "time_cached": 17.15870690345764, "equality": true, "mse": 0.0, "true_fourier_norm_squared": 127444, "computed_fourier_norm_squared": 127444.0, "measurements": 44288}