{"n": 500, "k": 30, "degree": 2, "C": 1.6, "ratio": 3.0, "time_uncached": 25.679404735565186, "time_cached": 16.76814889907837, "equality": false, "mse": 3854.0, "true_fourier_norm_squared": 85352, "computed_fourier_norm_squared": 79242.0, "measurements": 2320}