{"n": 500, "k": 30, "degree": 20, "C": 1.8, "ratio": 1.6, "time_uncached": 210.3689625263214, "time_cached": 19.806345462799072, "equality": true, "mse": 0.0, "true_fourier_norm_squared": 89286, "computed_fourier_norm_squared": 89286.0, "measurements": 56480}