{"n": 500, "k": 30, "degree": 2, "C": 0.6, "ratio": 1.1, "time_uncached": 22.61950659751892, "time_cached": 14.456466913223267, "equality": false, "mse": 1016.0, "true_fourier_norm_squared": 85352, "computed_fourier_norm_squared": 84752.0, "measurements": 2320}