{"n": 500, "k": 30, "degree": 2, "C": 0.8, "ratio": 1.1, "time_uncached": 26.68892550468445, "time_cached": 16.95048952102661, "equality": true, "mse": 0.0, "true_fourier_norm_squared": 85352, "computed_fourier_norm_squared": 85352.0, "measurements": 2784}