{"n": 500, "k": 30, "degree": 4, "C": 0.6, "ratio": 1.1, "time_uncached": 35.61535620689392, "time_cached": 16.617321014404297, "equality": false, "mse": 8.0, "true_fourier_norm_squared": 96430, "computed_fourier_norm_squared": 96466.0, "measurements": 5200}