{"n": 500, "k": 30, "degree": 3, "C": 3.0, "ratio": 1.1, "time_uncached": 75.01285147666931, "time_cached": 13.920381307601929, "equality": true, "mse": 0.0, "true_fourier_norm_squared": 124915, "computed_fourier_norm_squared": 124915.0, "measurements": 18048}