{"n": 500, "k": 30, "degree": 5, "C": 1.8, "ratio": 1.1, "time_uncached": 74.4097306728363, "time_cached": 17.597317934036255, "equality": true, "mse": 0.0, "true_fourier_norm_squared": 105143, "computed_fourier_norm_squared": 105143.0, "measurements": 15936}