{"n": 500, "k": 30, "degree": 3, "C": 0.8, "ratio": 1.1, "time_uncached": 33.70415234565735, "time_cached": 16.543171644210815, "equality": false, "mse": 882.0, "true_fourier_norm_squared": 124915, "computed_fourier_norm_squared": 124831.0, "measurements": 4512}