{"n": 500, "k": 30, "degree": 5, "C": 0.6, "ratio": 1.1, "time_uncached": 37.20400333404541, "time_cached": 14.881481885910034, "equality": false, "mse": 2.0, "true_fourier_norm_squared": 105143, "computed_fourier_norm_squared": 105013.0, "measurements": 6640}