{"n": 500, "k": 30, "degree": 4, "C": 0.4, "ratio": 1.6, "time_uncached": 24.837223291397095, "time_cached": 16.48690915107727, "equality": false, "mse": 31634.0, "true_fourier_norm_squared": 96430, "computed_fourier_norm_squared": 100762.0, "measurements": 2080}