{"n": 500, "k": 30, "degree": 3, "C": 1.6, "ratio": 1.6, "time_uncached": 38.21601390838623, "time_cached": 16.556720733642578, "equality": true, "mse": 0.0, "true_fourier_norm_squared": 124915, "computed_fourier_norm_squared": 124915.0, "measurements": 6016}