{"n": 500, "k": 30, "degree": 20, "C": 0.2, "ratio": 1.1, "time_uncached": 42.33316397666931, "time_cached": 16.38200831413269, "equality": false, "mse": 56541.0, "true_fourier_norm_squared": 89286, "computed_fourier_norm_squared": 60585.0, "measurements": 8472}