{"n": 500, "k": 30, "degree": 20, "C": 1.8, "ratio": 1.1, "time_uncached": 249.87760257720947, "time_cached": 19.815346717834473, "equality": true, "mse": 0.0, "true_fourier_norm_squared": 89286, "computed_fourier_norm_squared": 89286.0, "measurements": 67776}