{"n": 500, "k": 30, "degree": 20, "C": 2.0, "ratio": 1.1, "time_uncached": 248.60327672958374, "time_cached": 19.53933358192444, "equality": true, "mse": 0.0, "true_fourier_norm_squared": 89286, "computed_fourier_norm_squared": 89286.0, "measurements": 67776}