{"n": 500, "k": 30, "degree": 4, "C": 0.6, "ratio": 1.6, "time_uncached": 29.378041744232178, "time_cached": 16.58199715614319, "equality": false, "mse": 13130.0, "true_fourier_norm_squared": 96430, "computed_fourier_norm_squared": 95470.0, "measurements": 3640}