{"n": 500, "k": 30, "degree": 2, "C": 0.15, "ratio": 1.1, "time_uncached": 17.876946926116943, "time_cached": 16.43130612373352, "equality": false, "mse": 84940.0, "true_fourier_norm_squared": 85352, "computed_fourier_norm_squared": 7012.0, "measurements": 348}