{"n": 500, "k": 30, "degree": 4, "C": 1.0, "ratio": 1.6, "time_uncached": 32.354456424713135, "time_cached": 14.457468748092651, "equality": false, "mse": 6924.0, "true_fourier_norm_squared": 96430, "computed_fourier_norm_squared": 91644.0, "measurements": 5200}