{"n": 500, "k": 30, "degree": 4, "C": 3.0, "ratio": 3.0, "time_uncached": 59.661091327667236, "time_cached": 17.188326358795166, "equality": true, "mse": 0.0, "true_fourier_norm_squared": 96430, "computed_fourier_norm_squared": 96430.0, "measurements": 11440}