{"n": 500, "k": 30, "degree": 10, "C": 0.2, "ratio": 3.0, "time_uncached": 2.384185791015625e-05, "time_cached": 8.58306884765625e-06, "equality": false, "mse": 127444, "true_fourier_norm_squared": 127444, "computed_fourier_norm_squared": 0, "measurements": 0}