{"n": 500, "k": 30, "degree": 10, "C": 0.4, "ratio": 1.1, "time_uncached": 40.70549917221069, "time_cached": 13.834287166595459, "equality": false, "mse": 33651.0, "true_fourier_norm_squared": 127444, "computed_fourier_norm_squared": 135681.0, "measurements": 8304}