{"n": 500, "k": 30, "degree": 4, "C": 1.4, "ratio": 1.6, "time_uncached": 47.323376417160034, "time_cached": 17.245272159576416, "equality": false, "mse": 52.0, "true_fourier_norm_squared": 96430, "computed_fourier_norm_squared": 95654.0, "measurements": 8320}