{"n": 500, "k": 30, "degree": 5, "C": 0.2, "ratio": 3.0, "time_uncached": 2.6464462280273438e-05, "time_cached": 1.1682510375976562e-05, "equality": false, "mse": 105143, "true_fourier_norm_squared": 105143, "computed_fourier_norm_squared": 0, "measurements": 0}