{"n": 500, "k": 30, "degree": 4, "C": 1.0, "ratio": 1.1, "time_uncached": 32.402387380599976, "time_cached": 12.99552035331726, "equality": true, "mse": 0.0, "true_fourier_norm_squared": 96430, "computed_fourier_norm_squared": 96430.0, "measurements": 6240}