{"n": 500, "k": 30, "degree": 3, "C": 1.4, "ratio": 1.6, "time_uncached": 35.56367468833923, "time_cached": 13.565729856491089, "equality": true, "mse": 0.0, "true_fourier_norm_squared": 124915, "computed_fourier_norm_squared": 124915.0, "measurements": 6016}