{"n": 500, "k": 30, "degree": 2, "C": 0.4, "ratio": 3.0, "time_uncached": 14.984339714050293, "time_cached": 13.437768936157227, "equality": false, "mse": 52471.0, "true_fourier_norm_squared": 85352, "computed_fourier_norm_squared": 27345.0, "measurements": 464}