{"n": 500, "k": 30, "degree": 20, "C": 1.6, "ratio": 1.1, "time_uncached": 231.81624913215637, "time_cached": 18.791199207305908, "equality": true, "mse": 0.0, "true_fourier_norm_squared": 89286, "computed_fourier_norm_squared": 89286.0, "measurements": 67776}