{"n": 500, "k": 30, "degree": 4, "C": 3.0, "ratio": 1.6, "time_uncached": 77.51369214057922, "time_cached": 17.429243803024292, "equality": true, "mse": 0.0, "true_fourier_norm_squared": 94901, "computed_fourier_norm_squared": 94901.0, "measurements": 16640}