{"n": 500, "k": 30, "degree": 2, "C": 1.8, "ratio": 1.1, "time_uncached": 29.964103937149048, "time_cached": 12.672464370727539, "equality": true, "mse": 0.0, "true_fourier_norm_squared": 85352, "computed_fourier_norm_squared": 85352.0, "measurements": 5568}