{"n": 500, "k": 30, "degree": 10, "C": 1.2, "ratio": 3.0, "time_uncached": 60.30935835838318, "time_cached": 14.805989742279053, "equality": false, "mse": 1568.0, "true_fourier_norm_squared": 127444, "computed_fourier_norm_squared": 123972.0, "measurements": 13840}