{"1": [2, 0.2576643912970915], "2": [22, 0.4340368074468711], "3": [128, 0.5669605834329359], "4": [820, 0.6190911334429616], "5": [4458, 0.6348779795959367], "6": [20301, 0.6445663026590511], "7": [79221, 0.6452258568770386], "8": [232067, 0.6521627932181986], "9": [419790, 0.6534378870953113], "10": [529244, 0.6479080347318611], "11": [545403, 0.6372355672980758], "12": [546625, 0.6343898633076159]}