{"1": [2, 0.5439574807143206], "2": [6, 0.6385768806974637], "3": [50, 0.6858133329098313], "4": [410, 0.7298399124400013], "5": [2544, 0.762448930123022], "6": [14646, 0.8063220655793365], "7": [71576, 0.8386556918665814], "8": [308622, 0.8621423604542439], "9": [1183427, 0.8819397940889941], "10": [4083523, 0.8956290935737592], "11": [12784812, 0.9043843550837264], "12": [35198139, 0.9108665057368501]}