{"n": 324, "no_trees": 20, "depth": 3, "C": 1.4, "ratio": 1.1, "sampling_factor": 0.4666666666666667, "n_cores": 10, "wait_time": 100, "k": 50, "time_uncached": 291.3132779598236, "time_cached": 291.00635385513306, "equality": false, "mse": 84.79630295535627, "true_fourier_norm_squared": 1213.3515525643463, "computed_fourier_norm_squared": 1272.4516633038168, "measurements": 5632}