{"n": 324, "no_trees": 20, "depth": 3, "C": 1.0, "ratio": 1.85, "sampling_factor": 0.7333333333333334, "n_cores": 10, "wait_time": 100, "k": 50, "time_uncached": 285.44973969459534, "time_cached": 285.35192608833313, "equality": false, "mse": 0.6106921540593296, "true_fourier_norm_squared": 1213.3515525643463, "computed_fourier_norm_squared": 1212.427863066708, "measurements": 3920}