{"n": 324, "no_trees": 20, "depth": 2, "C": 1.6, "ratio": 2.1, "sampling_factor": 0.4666666666666667, "n_cores": 10, "wait_time": 100, "k": 6, "time_uncached": 1.0722737312316895, "time_cached": 1.0789153575897217, "equality": false, "mse": 11.240849976355516, "true_fourier_norm_squared": 1398.8587243216887, "computed_fourier_norm_squared": 1398.8587243216891, "measurements": 256}