{"n": 324, "no_trees": 20, "depth": 3, "C": 1.2000000000000002, "ratio": 2.1, "sampling_factor": 1.4, "n_cores": 10, "wait_time": 100, "k": 50, "time_uncached": 150.6413266658783, "time_cached": 150.8604552745819, "equality": false, "mse": 0.11046619713273281, "true_fourier_norm_squared": 1213.3515525643463, "computed_fourier_norm_squared": 1213.6766333111605, "measurements": 7392}