{"n": 324, "no_trees": 20, "depth": 3, "C": 1.6, "ratio": 2.1, "sampling_factor": 1.0, "n_cores": 10, "wait_time": 100, "k": 50, "time_uncached": 161.43701577186584, "time_cached": 161.12425875663757, "equality": true, "mse": 3.5517614848400526e-29, "true_fourier_norm_squared": 1213.3515525643463, "computed_fourier_norm_squared": 1213.3515525643475, "measurements": 10752}