{"n": 324, "no_trees": 20, "depth": 2, "C": 1.6, "ratio": 1.6, "sampling_factor": 0.4666666666666667, "n_cores": 10, "wait_time": 100, "k": 6, "time_uncached": 1.7313172817230225, "time_cached": 1.783292531967163, "equality": false, "mse": 33.72254992906656, "true_fourier_norm_squared": 1398.8587243216887, "computed_fourier_norm_squared": 1421.3404242744004, "measurements": 448}