{"n": 324, "no_trees": 20, "depth": 3, "C": 1.2000000000000002, "ratio": 1.35, "sampling_factor": 1.1333333333333333, "n_cores": 10, "wait_time": 100, "k": 50, "time_uncached": 207.52887082099915, "time_cached": 208.1851568222046, "equality": false, "mse": 0.0038061827775834767, "true_fourier_norm_squared": 1213.3515525643463, "computed_fourier_norm_squared": 1213.3880359554673, "measurements": 10368}