{"n": 324, "no_trees": 20, "depth": 2, "C": 0.6, "ratio": 1.35, "sampling_factor": 0.2, "n_cores": 10, "wait_time": 100, "k": 6, "time_uncached": 0.3973855972290039, "time_cached": 0.3825702667236328, "equality": false, "mse": 4100.028134781374, "true_fourier_norm_squared": 1398.8587243216887, "computed_fourier_norm_squared": 5009.448462617063, "measurements": 56}