{"n": 324, "no_trees": 20, "depth": 4, "C": 0.6, "ratio": 1.35, "sampling_factor": 0.2, "n_cores": 10, "wait_time": 100, "k": 410, "time_uncached": 45.112131118774414, "time_cached": 46.30307912826538, "equality": false, "mse": 2205.345688563372, "true_fourier_norm_squared": 1388.8115866601522, "computed_fourier_norm_squared": 3351.3717825511794, "measurements": 9216}