{"n": 324, "no_trees": 20, "depth": 3, "C": 0.6, "ratio": 1.1, "sampling_factor": 0.6000000000000001, "n_cores": 10, "wait_time": 100, "k": 50, "time_uncached": 332.66687750816345, "time_cached": 328.9624228477478, "equality": false, "mse": 0.40668679101680394, "true_fourier_norm_squared": 1213.3515525643463, "computed_fourier_norm_squared": 1212.5281098475336, "measurements": 2784}