{"n": 324, "no_trees": 20, "depth": 2, "C": 1.0, "ratio": 1.85, "sampling_factor": 0.33333333333333337, "n_cores": 10, "wait_time": 100, "k": 6, "time_uncached": 0.3318440914154053, "time_cached": 0.32540273666381836, "equality": false, "mse": 191.9866341093616, "true_fourier_norm_squared": 1398.8587243216887, "computed_fourier_norm_squared": 1398.858724321689, "measurements": 96}