{"n": 324, "no_trees": 20, "depth": 3, "C": 1.6, "ratio": 1.1, "sampling_factor": 0.4666666666666667, "n_cores": 10, "wait_time": 100, "k": 50, "time_uncached": 324.325318813324, "time_cached": 375.9166738986969, "equality": false, "mse": 131.81928274026026, "true_fourier_norm_squared": 1213.3515525643463, "computed_fourier_norm_squared": 1272.1514425616729, "measurements": 8448}