{"n": 324, "no_trees": 20, "depth": 4, "C": 1.6, "ratio": 1.6, "sampling_factor": 0.2, "n_cores": 10, "wait_time": 100, "k": 410, "time_uncached": 100.6325991153717, "time_cached": 102.2632155418396, "equality": false, "mse": 877.7831248064457, "true_fourier_norm_squared": 1388.8115866601522, "computed_fourier_norm_squared": 2047.5566773412577, "measurements": 24576}