{"n": 324, "no_trees": 20, "depth": 3, "C": 1.4, "ratio": 1.6, "sampling_factor": 0.2, "n_cores": 10, "wait_time": 100, "k": 50, "time_uncached": 7.034917831420898, "time_cached": 6.934863805770874, "equality": false, "mse": 997.9448187850487, "true_fourier_norm_squared": 1213.3515525643463, "computed_fourier_norm_squared": 1937.9849235944776, "measurements": 2240}