{"n": 324, "no_trees": 20, "depth": 3, "C": 0.6, "ratio": 2.1, "sampling_factor": 1.2666666666666666, "n_cores": 10, "wait_time": 100, "k": 50, "time_uncached": 160.06194043159485, "time_cached": 179.4641089439392, "equality": false, "mse": 1.1657829356325302, "true_fourier_norm_squared": 1213.3515525643463, "computed_fourier_norm_squared": 1223.4240835397632, "measurements": 3360}