{"n": 324, "no_trees": 20, "depth": 3, "C": 1.2000000000000002, "ratio": 1.85, "sampling_factor": 0.4666666666666667, "n_cores": 10, "wait_time": 100, "k": 50, "time_uncached": 247.73663902282715, "time_cached": 247.77548623085022, "equality": false, "mse": 59.45619833668261, "true_fourier_norm_squared": 1213.3515525643463, "computed_fourier_norm_squared": 1273.7225338498074, "measurements": 3520}