{"n": 324, "no_trees": 20, "depth": 2, "C": 0.8, "ratio": 1.6, "sampling_factor": 0.2, "n_cores": 10, "wait_time": 100, "k": 6, "time_uncached": 0.14977049827575684, "time_cached": 0.11924481391906738, "equality": false, "mse": 1311.9604060239874, "true_fourier_norm_squared": 1398.8587243216887, "computed_fourier_norm_squared": 2361.493126446484, "measurements": 28}