{"n": 324, "no_trees": 20, "depth": 2, "C": 1.2000000000000002, "ratio": 2.1, "sampling_factor": 0.4666666666666667, "n_cores": 10, "wait_time": 100, "k": 6, "time_uncached": 0.5555105209350586, "time_cached": 0.562474250793457, "equality": true, "mse": 2.5637979419682884e-29, "true_fourier_norm_squared": 1398.8587243216887, "computed_fourier_norm_squared": 1398.858724321689, "measurements": 128}