{"n": 324, "no_trees": 20, "depth": 3, "C": 1.0, "ratio": 2.1, "sampling_factor": 1.1333333333333333, "n_cores": 10, "wait_time": 100, "k": 50, "time_uncached": 201.88523650169373, "time_cached": 212.94292330741882, "equality": false, "mse": 0.01913747591636228, "true_fourier_norm_squared": 1213.3515525643463, "computed_fourier_norm_squared": 1213.879519159906, "measurements": 6048}