{"n": 324, "no_trees": 20, "depth": 4, "C": 1.0, "ratio": 1.35, "sampling_factor": 0.2, "n_cores": 10, "wait_time": 100, "k": 410, "time_uncached": 52.69180083274841, "time_cached": 52.73203134536743, "equality": false, "mse": 2079.186060406312, "true_fourier_norm_squared": 1388.8115866601522, "computed_fourier_norm_squared": 3230.410279035825, "measurements": 15360}