{"n": 324, "no_trees": 20, "depth": 3, "C": 0.6, "ratio": 1.35, "sampling_factor": 0.4666666666666667, "n_cores": 10, "wait_time": 100, "k": 50, "time_uncached": 232.39129209518433, "time_cached": 229.7955093383789, "equality": false, "mse": 136.85206042457662, "true_fourier_norm_squared": 1213.3515525643463, "computed_fourier_norm_squared": 1321.1774428025872, "measurements": 2112}