{"n": 324, "no_trees": 20, "depth": 3, "C": 0.6, "ratio": 1.6, "sampling_factor": 0.4666666666666667, "n_cores": 10, "wait_time": 100, "k": 50, "time_uncached": 195.31841802597046, "time_cached": 196.50762176513672, "equality": false, "mse": 56.79290942565518, "true_fourier_norm_squared": 1213.3515525643463, "computed_fourier_norm_squared": 1232.876889023231, "measurements": 1760}