{"n": 324, "no_trees": 20, "depth": 2, "C": 1.0, "ratio": 1.6, "sampling_factor": 0.33333333333333337, "n_cores": 10, "wait_time": 100, "k": 6, "time_uncached": 0.4479787349700928, "time_cached": 0.4437832832336426, "equality": false, "mse": 485.36368820620766, "true_fourier_norm_squared": 1398.8587243216887, "computed_fourier_norm_squared": 1692.235778418535, "measurements": 144}