{"n": 324, "no_trees": 20, "depth": 3, "C": 1.0, "ratio": 1.6, "sampling_factor": 0.8666666666666667, "n_cores": 10, "wait_time": 100, "k": 50, "time_uncached": 237.23240661621094, "time_cached": 237.3741192817688, "equality": false, "mse": 0.17516989682667503, "true_fourier_norm_squared": 1213.3515525643463, "computed_fourier_norm_squared": 1216.795842115128, "measurements": 5248}