{"n": 324, "no_trees": 20, "depth": 4, "C": 1.2000000000000002, "ratio": 1.6, "sampling_factor": 0.2, "n_cores": 10, "wait_time": 100, "k": 410, "time_uncached": 64.96086883544922, "time_cached": 67.87360668182373, "equality": false, "mse": 2079.186060406312, "true_fourier_norm_squared": 1388.8115866601522, "computed_fourier_norm_squared": 3230.410279035826, "measurements": 15360}