{"n": 324, "no_trees": 20, "depth": 3, "C": 0.8, "ratio": 1.85, "sampling_factor": 0.4666666666666667, "n_cores": 10, "wait_time": 100, "k": 50, "time_uncached": 250.6884994506836, "time_cached": 253.4705901145935, "equality": false, "mse": 154.3726386591783, "true_fourier_norm_squared": 1213.3515525643463, "computed_fourier_norm_squared": 1334.281338576975, "measurements": 2464}