{"n": 324, "no_trees": 20, "depth": 3, "C": 0.8, "ratio": 1.6, "sampling_factor": 0.8666666666666667, "n_cores": 10, "wait_time": 100, "k": 50, "time_uncached": 186.2937717437744, "time_cached": 186.1330282688141, "equality": false, "mse": 0.07040000888130099, "true_fourier_norm_squared": 1213.3515525643463, "computed_fourier_norm_squared": 1213.328045868931, "measurements": 4592}