{"n": 324, "no_trees": 20, "depth": 2, "C": 0.6, "ratio": 1.35, "sampling_factor": 0.7333333333333334, "n_cores": 10, "wait_time": 100, "k": 6, "time_uncached": 2.2122669219970703, "time_cached": 2.2561888694763184, "equality": false, "mse": 293.82369820759413, "true_fourier_norm_squared": 1398.8587243216887, "computed_fourier_norm_squared": 1469.7506282538477, "measurements": 200}