{"n": 324, "no_trees": 20, "depth": 3, "C": 1.6, "ratio": 1.85, "sampling_factor": 0.33333333333333337, "n_cores": 10, "wait_time": 100, "k": 50, "time_uncached": 34.31976079940796, "time_cached": 34.28521370887756, "equality": false, "mse": 1068.8833178965428, "true_fourier_norm_squared": 1213.3515525643463, "computed_fourier_norm_squared": 2109.381990906384, "measurements": 3584}