{"n": 324, "no_trees": 20, "depth": 2, "C": 0.6, "ratio": 1.6, "sampling_factor": 0.7333333333333334, "n_cores": 10, "wait_time": 100, "k": 6, "time_uncached": 0.2378098964691162, "time_cached": 0.2363297939300537, "equality": false, "mse": 383.973268218723, "true_fourier_norm_squared": 1398.8587243216887, "computed_fourier_norm_squared": 436.2243221968943, "measurements": 100}