{"n": 324, "no_trees": 20, "depth": 3, "C": 1.6, "ratio": 2.1, "sampling_factor": 0.8666666666666667, "n_cores": 10, "wait_time": 100, "k": 50, "time_uncached": 198.91599369049072, "time_cached": 199.4386022090912, "equality": false, "mse": 0.015224731110334299, "true_fourier_norm_squared": 1213.3515525643463, "computed_fourier_norm_squared": 1213.6083936793368, "measurements": 9184}