{"n": 324, "no_trees": 20, "depth": 3, "C": 0.8, "ratio": 1.35, "sampling_factor": 0.6000000000000001, "n_cores": 10, "wait_time": 100, "k": 50, "time_uncached": 236.27216148376465, "time_cached": 247.6135277748108, "equality": false, "mse": 0.022635370771182464, "true_fourier_norm_squared": 1213.3515525643463, "computed_fourier_norm_squared": 1213.2954159087697, "measurements": 3712}