{"n": 324, "no_trees": 20, "depth": 2, "C": 1.0, "ratio": 1.85, "sampling_factor": 0.2, "n_cores": 10, "wait_time": 100, "k": 6, "time_uncached": 0.3480377197265625, "time_cached": 0.3357813358306885, "equality": false, "mse": 1051.276334520041, "true_fourier_norm_squared": 1398.8587243216887, "computed_fourier_norm_squared": 1398.8587243216891, "measurements": 56}