{"n": 324, "no_trees": 20, "depth": 3, "C": 1.2000000000000002, "ratio": 1.35, "sampling_factor": 1.2666666666666666, "n_cores": 10, "wait_time": 100, "k": 50, "time_uncached": 173.32309412956238, "time_cached": 169.3029453754425, "equality": false, "mse": 0.07970461998911403, "true_fourier_norm_squared": 1213.3515525643463, "computed_fourier_norm_squared": 1213.3208988927486, "measurements": 11520}