{"n": 324, "no_trees": 20, "depth": 5, "C": 1.0, "ratio": 1.6, "sampling_factor": 0.2, "n_cores": 10, "wait_time": 100, "k": 2540, "time_uncached": 680.1238026618958, "time_cached": 713.5595262050629, "equality": false, "mse": 1137.1606065526466, "true_fourier_norm_squared": 1443.4416470758852, "computed_fourier_norm_squared": 2312.9785374660887, "measurements": 107520}