{"n": 324, "no_trees": 20, "depth": 2, "C": 1.0, "ratio": 1.1, "sampling_factor": 0.4666666666666667, "n_cores": 10, "wait_time": 100, "k": 6, "time_uncached": 1.0127058029174805, "time_cached": 1.0008771419525146, "equality": true, "mse": 2.5637979419682884e-29, "true_fourier_norm_squared": 1398.8587243216887, "computed_fourier_norm_squared": 1398.858724321689, "measurements": 384}