{"n": 324, "no_trees": 20, "depth": 4, "C": 0.6, "ratio": 1.85, "sampling_factor": 0.33333333333333337, "n_cores": 10, "wait_time": 100, "k": 410, "time_uncached": 834.7877297401428, "time_cached": 825.9274644851685, "equality": false, "mse": 567.1947695221094, "true_fourier_norm_squared": 1388.8115866601522, "computed_fourier_norm_squared": 1813.6217930252512, "measurements": 12800}