{"n": 324, "no_trees": 20, "depth": 3, "C": 1.2000000000000002, "ratio": 2.1, "sampling_factor": 0.33333333333333337, "n_cores": 10, "wait_time": 100, "k": 50, "time_uncached": 21.17559576034546, "time_cached": 21.13827657699585, "equality": false, "mse": 471.46023737400157, "true_fourier_norm_squared": 1213.3515525643463, "computed_fourier_norm_squared": 1521.5904618758977, "measurements": 1792}