{"n": 324, "no_trees": 20, "depth": 4, "C": 0.6, "ratio": 1.6, "sampling_factor": 0.2, "n_cores": 10, "wait_time": 100, "k": 410, "time_uncached": 34.22229337692261, "time_cached": 36.22433662414551, "equality": false, "mse": 3299.162455556043, "true_fourier_norm_squared": 1388.8115866601522, "computed_fourier_norm_squared": 3825.661963073805, "measurements": 7680}