{"n": 324, "no_trees": 20, "depth": 4, "C": 1.6, "ratio": 1.85, "sampling_factor": 0.2, "n_cores": 10, "wait_time": 100, "k": 410, "time_uncached": 91.67641234397888, "time_cached": 95.68520307540894, "equality": false, "mse": 858.3583601405472, "true_fourier_norm_squared": 1388.8115866601522, "computed_fourier_norm_squared": 2012.3370127913045, "measurements": 21504}