{"n": 324, "no_trees": 20, "depth": 4, "C": 0.6, "ratio": 2.1, "sampling_factor": 0.33333333333333337, "n_cores": 10, "wait_time": 100, "k": 410, "time_uncached": 568.1796419620514, "time_cached": 572.0764322280884, "equality": false, "mse": 637.2604298285509, "true_fourier_norm_squared": 1388.8115866601522, "computed_fourier_norm_squared": 1902.4735139480838, "measurements": 8960}