{"n": 324, "no_trees": 20, "depth": 2, "C": 0.6, "ratio": 2.1, "sampling_factor": 0.7333333333333334, "n_cores": 10, "wait_time": 100, "k": 6, "time_uncached": 3.647804260253906e-05, "time_cached": 1.0728836059570312e-05, "equality": false, "mse": 1398.8587243216887, "true_fourier_norm_squared": 1398.8587243216887, "computed_fourier_norm_squared": 0, "measurements": 0}