{"n": 324, "no_trees": 20, "depth": 3, "C": 1.000000000000001, "ratio": 1.6, "sampling_factor": 1.0, "n_cores": 10, "wait_time": 100, "k": 50, "time_uncached": 65.19798707962036, "time_cached": 65.32060813903809, "equality": false, "mse": 0.04871594081509022, "true_fourier_norm_squared": 1213.3515525643463, "computed_fourier_norm_squared": 1213.2422905148749, "measurements": 6144}