{"n": 324, "no_trees": 20, "depth": 2, "C": 1.6, "ratio": 1.6, "sampling_factor": 0.2, "n_cores": 10, "wait_time": 100, "k": 6, "time_uncached": 0.8152561187744141, "time_cached": 0.8087453842163086, "equality": false, "mse": 4255.033388278681, "true_fourier_norm_squared": 1398.8587243216887, "computed_fourier_norm_squared": 4602.61577808033, "measurements": 196}