{"n": 324, "no_trees": 20, "depth": 3, "C": 1.0, "ratio": 1.6, "sampling_factor": 1.2666666666666666, "n_cores": 10, "wait_time": 100, "k": 50, "time_uncached": 192.64816522598267, "time_cached": 196.79379296302795, "equality": false, "mse": 0.13565320545546006, "true_fourier_norm_squared": 1213.3515525643463, "computed_fourier_norm_squared": 1213.2649203185556, "measurements": 7680}