{"n": 324, "no_trees": 20, "depth": 2, "C": 1.2000000000000002, "ratio": 1.1, "sampling_factor": 0.33333333333333337, "n_cores": 10, "wait_time": 100, "k": 6, "time_uncached": 1.589914083480835, "time_cached": 1.6000330448150635, "equality": false, "mse": 756.7056864610909, "true_fourier_norm_squared": 1398.8587243216887, "computed_fourier_norm_squared": 1963.5777766734182, "measurements": 288}