{"n": 324, "no_trees": 20, "depth": 3, "C": 0.8, "ratio": 2.1, "sampling_factor": 1.4, "n_cores": 10, "wait_time": 100, "k": 50, "time_uncached": 157.93244886398315, "time_cached": 158.28289699554443, "equality": false, "mse": 0.11046619713273281, "true_fourier_norm_squared": 1213.3515525643463, "computed_fourier_norm_squared": 1213.6766333111605, "measurements": 7392}