{"n": 324, "no_trees": 20, "depth": 3, "C": 1.0, "ratio": 2.1, "sampling_factor": 0.4666666666666667, "n_cores": 10, "wait_time": 100, "k": 50, "time_uncached": 213.93999195098877, "time_cached": 214.24235773086548, "equality": false, "mse": 154.3726386591783, "true_fourier_norm_squared": 1213.3515525643463, "computed_fourier_norm_squared": 1334.281338576975, "measurements": 2464}