{"n": 324, "no_trees": 20, "depth": 3, "C": 1.0, "ratio": 1.1, "sampling_factor": 0.7333333333333334, "n_cores": 10, "wait_time": 100, "k": 50, "time_uncached": 211.80465698242188, "time_cached": 211.33281254768372, "equality": true, "mse": 4.84282788235948e-29, "true_fourier_norm_squared": 1213.3515525643463, "computed_fourier_norm_squared": 1213.3515525643465, "measurements": 6720}