{"n": 324, "no_trees": 20, "depth": 3, "C": 0.6, "ratio": 1.35, "sampling_factor": 1.1333333333333333, "n_cores": 10, "wait_time": 100, "k": 50, "time_uncached": 242.23120713233948, "time_cached": 239.70760345458984, "equality": false, "mse": 0.04615105945179009, "true_fourier_norm_squared": 1213.3515525643463, "computed_fourier_norm_squared": 1213.7849798298566, "measurements": 5184}