{"n": 324, "no_trees": 20, "depth": 3, "C": 1.6, "ratio": 1.35, "sampling_factor": 0.2, "n_cores": 10, "wait_time": 100, "k": 50, "time_uncached": 9.104942083358765, "time_cached": 9.030585765838623, "equality": false, "mse": 917.9039339738869, "true_fourier_norm_squared": 1213.3515525643463, "computed_fourier_norm_squared": 1530.3571546147073, "measurements": 2560}