{"n": 324, "no_trees": 20, "depth": 2, "C": 1.6, "ratio": 1.35, "sampling_factor": 1.0, "n_cores": 10, "wait_time": 100, "k": 6, "time_uncached": 2.087606430053711, "time_cached": 1.9882044792175293, "equality": true, "mse": 1.0452406994178406e-28, "true_fourier_norm_squared": 1398.8587243216887, "computed_fourier_norm_squared": 1398.8587243216891, "measurements": 1088}