{"n": 324, "no_trees": 20, "depth": 5, "C": 1.2000000000000002, "ratio": 1.1, "sampling_factor": 0.2, "n_cores": 10, "wait_time": 100, "k": 2540, "time_uncached": 1306.274981021881, "time_cached": 1290.478444814682, "equality": false, "mse": 1058.4821896395003, "true_fourier_norm_squared": 1443.4416470758852, "computed_fourier_norm_squared": 2231.9726911960274, "measurements": 184320}