{"n": 324, "no_trees": 20, "depth": 2, "C": 0.8, "ratio": 2.1, "sampling_factor": 0.33333333333333337, "n_cores": 10, "wait_time": 100, "k": 6, "time_uncached": 3.6716461181640625e-05, "time_cached": 1.049041748046875e-05, "equality": false, "mse": 1398.8587243216887, "true_fourier_norm_squared": 1398.8587243216887, "computed_fourier_norm_squared": 0, "measurements": 0}