{"n": 324, "no_trees": 20, "depth": 3, "C": 1.0, "ratio": 1.35, "sampling_factor": 0.8666666666666667, "n_cores": 10, "wait_time": 100, "k": 50, "time_uncached": 179.3904514312744, "time_cached": 182.86108875274658, "equality": false, "mse": 0.01543408339236281, "true_fourier_norm_squared": 1213.3515525643463, "computed_fourier_norm_squared": 1213.3774033029993, "measurements": 6560}