{"n": 324, "no_trees": 20, "depth": 3, "C": 1.2000000000000002, "ratio": 1.85, "sampling_factor": 0.6000000000000001, "n_cores": 10, "wait_time": 100, "k": 50, "time_uncached": 290.41821122169495, "time_cached": 287.9632816314697, "equality": true, "mse": 3.073052337863161e-29, "true_fourier_norm_squared": 1213.3515525643463, "computed_fourier_norm_squared": 1213.3515525643465, "measurements": 4640}