{"n": 324, "no_trees": 20, "depth": 5, "C": 1.2000000000000002, "ratio": 1.85, "sampling_factor": 0.2, "n_cores": 10, "wait_time": 100, "k": 2540, "time_uncached": 597.137510061264, "time_cached": 566.2739927768707, "equality": false, "mse": 1137.1606065526466, "true_fourier_norm_squared": 1443.4416470758852, "computed_fourier_norm_squared": 2312.978537466089, "measurements": 107520}