{"n": 324, "no_trees": 20, "depth": 2, "C": 1.6, "ratio": 1.85, "sampling_factor": 0.8666666666666667, "n_cores": 10, "wait_time": 100, "k": 6, "time_uncached": 1.7358312606811523, "time_cached": 1.7706594467163086, "equality": true, "mse": 1.0452406994178406e-28, "true_fourier_norm_squared": 1398.8587243216887, "computed_fourier_norm_squared": 1398.8587243216891, "measurements": 696}