{"n": 324, "no_trees": 20, "depth": 2, "C": 1.6, "ratio": 1.1, "sampling_factor": 0.2, "n_cores": 10, "wait_time": 100, "k": 6, "time_uncached": 1.293138027191162, "time_cached": 1.2693474292755127, "equality": false, "mse": 5061.359479621458, "true_fourier_norm_squared": 1398.8587243216887, "computed_fourier_norm_squared": 5408.941869423105, "measurements": 336}