{"n": 324, "no_trees": 20, "depth": 3, "C": 0.6, "ratio": 1.35, "sampling_factor": 1.2666666666666666, "n_cores": 10, "wait_time": 100, "k": 50, "time_uncached": 185.4842734336853, "time_cached": 185.09176564216614, "equality": false, "mse": 0.20330306493318265, "true_fourier_norm_squared": 1213.3515525643463, "computed_fourier_norm_squared": 1213.6023093663425, "measurements": 5760}