{"n": 324, "no_trees": 20, "depth": 3, "C": 1.0, "ratio": 1.6, "sampling_factor": 0.4666666666666667, "n_cores": 10, "wait_time": 100, "k": 50, "time_uncached": 265.7870454788208, "time_cached": 267.35508155822754, "equality": false, "mse": 49.69228236932509, "true_fourier_norm_squared": 1213.3515525643463, "computed_fourier_norm_squared": 1259.1895586239868, "measurements": 2816}