{"n": 324, "no_trees": 20, "depth": 3, "C": 1.2000000000000002, "ratio": 1.85, "sampling_factor": 0.2, "n_cores": 10, "wait_time": 100, "k": 50, "time_uncached": 6.718775272369385, "time_cached": 6.784683465957642, "equality": false, "mse": 3068.9799911003684, "true_fourier_norm_squared": 1213.3515525643463, "computed_fourier_norm_squared": 3605.9211438390685, "measurements": 1600}