{"n": 324, "no_trees": 20, "depth": 3, "C": 0.8, "ratio": 1.85, "sampling_factor": 1.1333333333333333, "n_cores": 10, "wait_time": 100, "k": 50, "time_uncached": 228.00456190109253, "time_cached": 227.74066376686096, "equality": false, "mse": 0.01913747591636228, "true_fourier_norm_squared": 1213.3515525643463, "computed_fourier_norm_squared": 1213.8795191599058, "measurements": 6048}