{"n": 324, "no_trees": 20, "depth": 3, "C": 0.6, "ratio": 2.1, "sampling_factor": 0.7333333333333334, "n_cores": 10, "wait_time": 100, "k": 50, "time_uncached": 219.92776489257812, "time_cached": 213.5572829246521, "equality": false, "mse": 0.8529063843916177, "true_fourier_norm_squared": 1213.3515525643463, "computed_fourier_norm_squared": 1224.258965234583, "measurements": 1960}