{"n": 324, "no_trees": 20, "depth": 3, "C": 1.6, "ratio": 1.1, "sampling_factor": 1.2666666666666666, "n_cores": 10, "wait_time": 100, "k": 50, "time_uncached": 199.85185480117798, "time_cached": 213.17267751693726, "equality": true, "mse": 4.6957831311055146e-29, "true_fourier_norm_squared": 1213.3515525643463, "computed_fourier_norm_squared": 1213.3515525643472, "measurements": 23040}