{"n": 324, "no_trees": 20, "depth": 3, "C": 1.4, "ratio": 1.85, "sampling_factor": 0.33333333333333337, "n_cores": 10, "wait_time": 100, "k": 50, "time_uncached": 30.387041091918945, "time_cached": 30.54473638534546, "equality": false, "mse": 1068.8833178965428, "true_fourier_norm_squared": 1213.3515525643463, "computed_fourier_norm_squared": 2109.3819909063845, "measurements": 3584}