{"n": 324, "no_trees": 20, "depth": 2, "C": 1.6, "ratio": 1.85, "sampling_factor": 0.33333333333333337, "n_cores": 10, "wait_time": 100, "k": 6, "time_uncached": 1.1015052795410156, "time_cached": 1.0950093269348145, "equality": false, "mse": 33.72254992906656, "true_fourier_norm_squared": 1398.8587243216887, "computed_fourier_norm_squared": 1421.3404242744002, "measurements": 288}