{"n": 324, "no_trees": 20, "depth": 3, "C": 1.2000000000000002, "ratio": 1.35, "sampling_factor": 1.4, "n_cores": 10, "wait_time": 100, "k": 50, "time_uncached": 147.73887014389038, "time_cached": 147.98467993736267, "equality": false, "mse": 0.024694533427780718, "true_fourier_norm_squared": 1213.3515525643463, "computed_fourier_norm_squared": 1213.3764509404234, "measurements": 12672}