{"n": 324, "no_trees": 20, "depth": 2, "C": 0.6, "ratio": 1.35, "sampling_factor": 1.0, "n_cores": 10, "wait_time": 100, "k": 6, "time_uncached": 0.7630605697631836, "time_cached": 0.7582364082336426, "equality": false, "mse": 22.481699952711047, "true_fourier_norm_squared": 1398.8587243216887, "computed_fourier_norm_squared": 1452.36249345185, "measurements": 272}