{"n": 324, "no_trees": 20, "depth": 4, "C": 0.6, "ratio": 1.1, "sampling_factor": 0.33333333333333337, "n_cores": 10, "wait_time": 100, "k": 410, "time_uncached": 916.327395439148, "time_cached": 930.9492528438568, "equality": false, "mse": 589.5220959365429, "true_fourier_norm_squared": 1388.8115866601522, "computed_fourier_norm_squared": 1835.9257619832267, "measurements": 15360}