{"n": 324, "no_trees": 20, "depth": 3, "C": 1.6, "ratio": 1.85, "sampling_factor": 0.2, "n_cores": 10, "wait_time": 100, "k": 50, "time_uncached": 6.800171136856079, "time_cached": 6.687197685241699, "equality": false, "mse": 997.9448187850487, "true_fourier_norm_squared": 1213.3515525643463, "computed_fourier_norm_squared": 1937.9849235944776, "measurements": 2240}