{"n": 324, "no_trees": 20, "depth": 2, "C": 1.0, "ratio": 1.35, "sampling_factor": 1.2666666666666666, "n_cores": 10, "wait_time": 100, "k": 6, "time_uncached": 4.407487154006958, "time_cached": 4.269120931625366, "equality": true, "mse": 2.5637979419682884e-29, "true_fourier_norm_squared": 1398.8587243216887, "computed_fourier_norm_squared": 1398.8587243216891, "measurements": 840}