{"n": 324, "no_trees": 20, "depth": 2, "C": 1.6, "ratio": 2.1, "sampling_factor": 1.4, "n_cores": 10, "wait_time": 100, "k": 6, "time_uncached": 4.269269704818726, "time_cached": 4.052630186080933, "equality": false, "mse": 95.9933170546808, "true_fourier_norm_squared": 1398.8587243216887, "computed_fourier_norm_squared": 1302.8654072670083, "measurements": 752}