{"n": 324, "no_trees": 20, "depth": 2, "C": 0.6, "ratio": 1.1, "sampling_factor": 0.4666666666666667, "n_cores": 10, "wait_time": 100, "k": 6, "time_uncached": 1.3559813499450684, "time_cached": 1.3418090343475342, "equality": false, "mse": 44.96339990542207, "true_fourier_norm_squared": 1398.8587243216887, "computed_fourier_norm_squared": 1511.4899942855293, "measurements": 192}