{"n": 324, "no_trees": 20, "depth": 4, "C": 0.8, "ratio": 1.85, "sampling_factor": 0.2, "n_cores": 10, "wait_time": 100, "k": 410, "time_uncached": 45.63697171211243, "time_cached": 46.8320472240448, "equality": false, "mse": 3371.053371896379, "true_fourier_norm_squared": 1388.8115866601522, "computed_fourier_norm_squared": 3913.088751217953, "measurements": 10752}