{"n": 324, "no_trees": 20, "depth": 3, "C": 0.6, "ratio": 2.1, "sampling_factor": 0.6000000000000001, "n_cores": 10, "wait_time": 100, "k": 50, "time_uncached": 251.83134603500366, "time_cached": 250.33815550804138, "equality": false, "mse": 1.0211590316305297, "true_fourier_norm_squared": 1213.3515525643463, "computed_fourier_norm_squared": 1221.5434685840241, "measurements": 1624}