{"n": 324, "no_trees": 20, "depth": 3, "C": 1.0, "ratio": 1.35, "sampling_factor": 0.2, "n_cores": 10, "wait_time": 100, "k": 50, "time_uncached": 7.101506471633911, "time_cached": 7.009117364883423, "equality": false, "mse": 3068.9799911003684, "true_fourier_norm_squared": 1213.3515525643463, "computed_fourier_norm_squared": 3605.9211438390685, "measurements": 1600}