{"n": 324, "no_trees": 20, "depth": 3, "C": 0.8, "ratio": 1.35, "sampling_factor": 0.33333333333333337, "n_cores": 10, "wait_time": 100, "k": 50, "time_uncached": 21.29447913169861, "time_cached": 21.370469093322754, "equality": false, "mse": 419.25206397288866, "true_fourier_norm_squared": 1213.3515525643463, "computed_fourier_norm_squared": 1494.5993114084185, "measurements": 2048}