{"n": 324, "no_trees": 20, "depth": 2, "C": 0.6, "ratio": 1.6, "sampling_factor": 0.2, "n_cores": 10, "wait_time": 100, "k": 6, "time_uncached": 0.1397867202758789, "time_cached": 0.14060091972351074, "equality": false, "mse": 1311.9604060239874, "true_fourier_norm_squared": 1398.8587243216887, "computed_fourier_norm_squared": 2361.493126446484, "measurements": 28}