{"n": 324, "no_trees": 20, "depth": 2, "C": 1.6, "ratio": 1.1, "sampling_factor": 0.6000000000000001, "n_cores": 10, "wait_time": 100, "k": 6, "time_uncached": 2.7278528213500977, "time_cached": 2.669875383377075, "equality": true, "mse": 1.0452406994178406e-28, "true_fourier_norm_squared": 1398.8587243216887, "computed_fourier_norm_squared": 1398.8587243216891, "measurements": 960}