{"n": 324, "no_trees": 20, "depth": 3, "C": 1.4, "ratio": 1.35, "sampling_factor": 0.6000000000000001, "n_cores": 10, "wait_time": 100, "k": 50, "time_uncached": 198.77672410011292, "time_cached": 198.0180892944336, "equality": true, "mse": 3.2857905595201753e-29, "true_fourier_norm_squared": 1213.3515525643463, "computed_fourier_norm_squared": 1213.3515525643472, "measurements": 7424}