{"n": 324, "no_trees": 20, "depth": 3, "C": 0.6, "ratio": 2.1, "sampling_factor": 1.0, "n_cores": 10, "wait_time": 100, "k": 50, "time_uncached": 164.32925176620483, "time_cached": 166.76834559440613, "equality": false, "mse": 30.646701640093134, "true_fourier_norm_squared": 1213.3515525643463, "computed_fourier_norm_squared": 1185.073203910344, "measurements": 2688}