{"n": 324, "no_trees": 20, "depth": 3, "C": 1.2000000000000002, "ratio": 1.6, "sampling_factor": 1.2666666666666666, "n_cores": 10, "wait_time": 100, "k": 50, "time_uncached": 183.09356832504272, "time_cached": 175.51473379135132, "equality": false, "mse": 0.14097567290919935, "true_fourier_norm_squared": 1213.3515525643463, "computed_fourier_norm_squared": 1212.5923289456016, "measurements": 9600}