{"n": 324, "no_trees": 20, "depth": 3, "C": 0.8, "ratio": 2.1, "sampling_factor": 0.33333333333333337, "n_cores": 10, "wait_time": 100, "k": 50, "time_uncached": 16.636828422546387, "time_cached": 17.077704191207886, "equality": false, "mse": 471.46023737400157, "true_fourier_norm_squared": 1213.3515525643463, "computed_fourier_norm_squared": 1521.5904618758975, "measurements": 1792}