{"n": 324, "no_trees": 20, "depth": 2, "C": 1.2000000000000002, "ratio": 1.6, "sampling_factor": 1.2666666666666666, "n_cores": 10, "wait_time": 100, "k": 6, "time_uncached": 4.5136072635650635, "time_cached": 4.403034210205078, "equality": true, "mse": 2.5637979419682884e-29, "true_fourier_norm_squared": 1398.8587243216887, "computed_fourier_norm_squared": 1398.8587243216891, "measurements": 840}