{"n": 324, "no_trees": 20, "depth": 2, "C": 1.2000000000000002, "ratio": 2.1, "sampling_factor": 0.2, "n_cores": 10, "wait_time": 100, "k": 6, "time_uncached": 0.32007575035095215, "time_cached": 0.3107600212097168, "equality": false, "mse": 1051.276334520041, "true_fourier_norm_squared": 1398.8587243216887, "computed_fourier_norm_squared": 1398.858724321689, "measurements": 56}