{"n": 324, "no_trees": 20, "depth": 4, "C": 1.4, "ratio": 2.1, "sampling_factor": 0.33333333333333337, "n_cores": 10, "wait_time": 100, "k": 410, "time_uncached": 1655.707020998001, "time_cached": 1658.6366078853607, "equality": false, "mse": 642.9244587120677, "true_fourier_norm_squared": 1388.8115866601522, "computed_fourier_norm_squared": 1898.1637188382113, "measurements": 35840}