{"n": 324, "no_trees": 20, "depth": 3, "C": 0.8, "ratio": 1.6, "sampling_factor": 0.6000000000000001, "n_cores": 10, "wait_time": 100, "k": 50, "time_uncached": 274.9374797344208, "time_cached": 274.65021300315857, "equality": false, "mse": 0.7057189493880016, "true_fourier_norm_squared": 1213.3515525643463, "computed_fourier_norm_squared": 1214.1328398497724, "measurements": 3248}