{"n": 324, "no_trees": 20, "depth": 5, "C": 1.6, "ratio": 1.85, "sampling_factor": 0.2, "n_cores": 10, "wait_time": 100, "k": 2540, "time_uncached": 1170.5499260425568, "time_cached": 1200.1918816566467, "equality": false, "mse": 1066.7942570829832, "true_fourier_norm_squared": 1443.4416470758852, "computed_fourier_norm_squared": 2259.27604031561, "measurements": 153600}