{"n": 324, "no_trees": 20, "depth": 3, "C": 0.6, "ratio": 1.85, "sampling_factor": 1.1333333333333333, "n_cores": 10, "wait_time": 100, "k": 50, "time_uncached": 191.5026032924652, "time_cached": 192.29638743400574, "equality": false, "mse": 0.0683133634897087, "true_fourier_norm_squared": 1213.3515525643463, "computed_fourier_norm_squared": 1213.5459305068225, "measurements": 4320}