{"n": 324, "no_trees": 20, "depth": 2, "C": 1.2000000000000002, "ratio": 2.1, "sampling_factor": 0.33333333333333337, "n_cores": 10, "wait_time": 100, "k": 6, "time_uncached": 0.34671592712402344, "time_cached": 0.3376781940460205, "equality": false, "mse": 191.9866341093616, "true_fourier_norm_squared": 1398.8587243216887, "computed_fourier_norm_squared": 1398.858724321689, "measurements": 96}