{"n": 324, "no_trees": 20, "depth": 3, "C": 1.0, "ratio": 1.35, "sampling_factor": 1.0, "n_cores": 10, "wait_time": 100, "k": 50, "time_uncached": 189.6122224330902, "time_cached": 189.83180809020996, "equality": false, "mse": 0.028295163310859274, "true_fourier_norm_squared": 1213.3515525643463, "computed_fourier_norm_squared": 1213.4256724748261, "measurements": 7680}