{"n": 324, "no_trees": 20, "depth": 4, "C": 0.8, "ratio": 1.6, "sampling_factor": 0.33333333333333337, "n_cores": 10, "wait_time": 100, "k": 410, "time_uncached": 1133.4698419570923, "time_cached": 1141.1562476158142, "equality": false, "mse": 629.4913004401656, "true_fourier_norm_squared": 1388.8115866601522, "computed_fourier_norm_squared": 1869.7559890115674, "measurements": 20480}