{"n": 324, "no_trees": 20, "depth": 3, "C": 0.6, "ratio": 2.1, "sampling_factor": 0.4666666666666667, "n_cores": 10, "wait_time": 100, "k": 50, "time_uncached": 171.41708970069885, "time_cached": 171.76409220695496, "equality": false, "mse": 179.0391453055672, "true_fourier_norm_squared": 1213.3515525643463, "computed_fourier_norm_squared": 1391.0104439107117, "measurements": 1232}