{"n": 324, "no_trees": 20, "depth": 3, "C": 1.4, "ratio": 1.35, "sampling_factor": 0.7333333333333334, "n_cores": 10, "wait_time": 100, "k": 50, "time_uncached": 125.93646788597107, "time_cached": 125.2821135520935, "equality": true, "mse": 3.474165767380691e-29, "true_fourier_norm_squared": 1213.3515525643463, "computed_fourier_norm_squared": 1213.3515525643472, "measurements": 8960}