{"n": 324, "no_trees": 20, "depth": 3, "C": 1.0, "ratio": 1.1, "sampling_factor": 0.33333333333333337, "n_cores": 10, "wait_time": 100, "k": 50, "time_uncached": 36.55506777763367, "time_cached": 36.37275052070618, "equality": false, "mse": 635.6760518678301, "true_fourier_norm_squared": 1213.3515525643463, "computed_fourier_norm_squared": 1684.4589432581092, "measurements": 3072}