{"n": 324, "no_trees": 20, "depth": 3, "C": 0.6, "ratio": 2.1, "sampling_factor": 1.1333333333333333, "n_cores": 10, "wait_time": 100, "k": 50, "time_uncached": 204.49673461914062, "time_cached": 205.49634861946106, "equality": false, "mse": 1.728016077575005, "true_fourier_norm_squared": 1213.3515525643463, "computed_fourier_norm_squared": 1214.5109386059814, "measurements": 3024}