{"n": 324, "no_trees": 20, "depth": 3, "C": 1.6, "ratio": 1.1, "sampling_factor": 0.7333333333333334, "n_cores": 10, "wait_time": 100, "k": 50, "time_uncached": 159.01359128952026, "time_cached": 221.7406928539276, "equality": true, "mse": 3.305492822851257e-29, "true_fourier_norm_squared": 1213.3515525643463, "computed_fourier_norm_squared": 1213.3515525643472, "measurements": 13440}