{"n": 324, "no_trees": 20, "depth": 3, "C": 1.2000000000000002, "ratio": 2.1, "sampling_factor": 1.0, "n_cores": 10, "wait_time": 100, "k": 50, "time_uncached": 156.57391738891602, "time_cached": 156.23338317871094, "equality": false, "mse": 0.33126088888726984, "true_fourier_norm_squared": 1213.3515525643463, "computed_fourier_norm_squared": 1215.6380601633587, "measurements": 5376}