{"n": 324, "no_trees": 20, "depth": 2, "C": 0.8, "ratio": 1.85, "sampling_factor": 0.8666666666666667, "n_cores": 10, "wait_time": 100, "k": 6, "time_uncached": 0.31011056900024414, "time_cached": 0.25006699562072754, "equality": false, "mse": 383.973268218723, "true_fourier_norm_squared": 1398.8587243216887, "computed_fourier_norm_squared": 543.2318604572164, "measurements": 116}