{"n": 324, "no_trees": 20, "depth": 3, "C": 1.0, "ratio": 1.35, "sampling_factor": 1.2666666666666666, "n_cores": 10, "wait_time": 100, "k": 50, "time_uncached": 193.71897053718567, "time_cached": 196.00446200370789, "equality": false, "mse": 0.14097567290919935, "true_fourier_norm_squared": 1213.3515525643463, "computed_fourier_norm_squared": 1212.5923289456016, "measurements": 9600}