{"n": 324, "no_trees": 20, "depth": 2, "C": 1.6, "ratio": 2.1, "sampling_factor": 0.6000000000000001, "n_cores": 10, "wait_time": 100, "k": 6, "time_uncached": 1.3922359943389893, "time_cached": 1.400529384613037, "equality": true, "mse": 1.0452406994178406e-28, "true_fourier_norm_squared": 1398.8587243216887, "computed_fourier_norm_squared": 1398.8587243216894, "measurements": 320}