{"n": 324, "no_trees": 20, "depth": 3, "C": 0.8, "ratio": 1.35, "sampling_factor": 1.2666666666666666, "n_cores": 10, "wait_time": 100, "k": 50, "time_uncached": 188.83546113967896, "time_cached": 188.99110674858093, "equality": false, "mse": 0.13565320545546006, "true_fourier_norm_squared": 1213.3515525643463, "computed_fourier_norm_squared": 1213.2649203185556, "measurements": 7680}