{"n": 324, "no_trees": 20, "depth": 3, "C": 0.6, "ratio": 2.1, "sampling_factor": 0.33333333333333337, "n_cores": 10, "wait_time": 100, "k": 50, "time_uncached": 11.137152910232544, "time_cached": 10.835752010345459, "equality": false, "mse": 384.42412983059694, "true_fourier_norm_squared": 1213.3515525643463, "computed_fourier_norm_squared": 1420.5609780692444, "measurements": 896}