{"n": 324, "no_trees": 20, "depth": 3, "C": 1.4, "ratio": 2.1, "sampling_factor": 0.33333333333333337, "n_cores": 10, "wait_time": 100, "k": 50, "time_uncached": 32.43247675895691, "time_cached": 32.563907623291016, "equality": false, "mse": 1068.8833178965428, "true_fourier_norm_squared": 1213.3515525643463, "computed_fourier_norm_squared": 2109.381990906384, "measurements": 3584}