{"n": 324, "no_trees": 20, "depth": 3, "C": 1.0, "ratio": 1.6, "sampling_factor": 0.7333333333333334, "n_cores": 10, "wait_time": 100, "k": 50, "time_uncached": 259.88987493515015, "time_cached": 260.9145312309265, "equality": false, "mse": 0.13362543474738445, "true_fourier_norm_squared": 1213.3515525643463, "computed_fourier_norm_squared": 1212.2362377645504, "measurements": 4480}