{"n": 324, "no_trees": 20, "depth": 3, "C": 0.8, "ratio": 1.6, "sampling_factor": 0.4666666666666667, "n_cores": 10, "wait_time": 100, "k": 50, "time_uncached": 202.46026635169983, "time_cached": 202.68220257759094, "equality": false, "mse": 154.3726386591783, "true_fourier_norm_squared": 1213.3515525643463, "computed_fourier_norm_squared": 1334.281338576975, "measurements": 2464}