{"n": 324, "no_trees": 20, "depth": 3, "C": 0.8, "ratio": 1.1, "sampling_factor": 1.1333333333333333, "n_cores": 10, "wait_time": 100, "k": 50, "time_uncached": 190.31995177268982, "time_cached": 190.97365403175354, "equality": false, "mse": 0.0038061827775834767, "true_fourier_norm_squared": 1213.3515525643463, "computed_fourier_norm_squared": 1213.3880359554676, "measurements": 10368}