{"n": 324, "no_trees": 20, "depth": 3, "C": 1.0, "ratio": 1.35, "sampling_factor": 0.6000000000000001, "n_cores": 10, "wait_time": 100, "k": 50, "time_uncached": 286.30736660957336, "time_cached": 286.16398882865906, "equality": true, "mse": 3.073052337863161e-29, "true_fourier_norm_squared": 1213.3515525643463, "computed_fourier_norm_squared": 1213.3515525643465, "measurements": 4640}