{"n": 324, "no_trees": 20, "depth": 2, "C": 1.6, "ratio": 1.6, "sampling_factor": 1.4, "n_cores": 10, "wait_time": 100, "k": 6, "time_uncached": 5.867717504501343, "time_cached": 5.5595104694366455, "equality": true, "mse": 1.1872356623576228e-28, "true_fourier_norm_squared": 1398.8587243216887, "computed_fourier_norm_squared": 1398.8587243216894, "measurements": 1316}