{"n": 324, "no_trees": 20, "depth": 3, "C": 1.2000000000000002, "ratio": 1.35, "sampling_factor": 0.8666666666666667, "n_cores": 10, "wait_time": 100, "k": 50, "time_uncached": 153.05648159980774, "time_cached": 158.52580618858337, "equality": false, "mse": 0.027884112747174616, "true_fourier_norm_squared": 1213.3515525643463, "computed_fourier_norm_squared": 1213.7440772105017, "measurements": 7872}