{"n": 324, "no_trees": 20, "depth": 2, "C": 1.2000000000000002, "ratio": 2.1, "sampling_factor": 1.0, "n_cores": 10, "wait_time": 100, "k": 6, "time_uncached": 3.4533684253692627, "time_cached": 3.4396355152130127, "equality": false, "mse": 5.620424988177761, "true_fourier_norm_squared": 1398.8587243216887, "computed_fourier_norm_squared": 1393.2382993335111, "measurements": 272}