{"n": 324, "no_trees": 20, "depth": 2, "C": 1.0, "ratio": 1.1, "sampling_factor": 1.0, "n_cores": 10, "wait_time": 100, "k": 6, "time_uncached": 4.165780305862427, "time_cached": 4.145886421203613, "equality": true, "mse": 2.721570123012491e-29, "true_fourier_norm_squared": 1398.8587243216887, "computed_fourier_norm_squared": 1398.8587243216891, "measurements": 816}