{"n": 324, "no_trees": 20, "depth": 3, "C": 0.8, "ratio": 1.1, "sampling_factor": 0.8666666666666667, "n_cores": 10, "wait_time": 100, "k": 50, "time_uncached": 157.5502896308899, "time_cached": 166.1068696975708, "equality": false, "mse": 0.027884112747174616, "true_fourier_norm_squared": 1213.3515525643463, "computed_fourier_norm_squared": 1213.7440772105017, "measurements": 7872}