{"n": 324, "no_trees": 20, "depth": 3, "C": 0.8, "ratio": 1.1, "sampling_factor": 0.2, "n_cores": 10, "wait_time": 100, "k": 50, "time_uncached": 8.319813251495361, "time_cached": 8.360597372055054, "equality": false, "mse": 3287.312573396801, "true_fourier_norm_squared": 1213.3515525643463, "computed_fourier_norm_squared": 3685.6886103404654, "measurements": 1920}