{"n": 324, "no_trees": 20, "depth": 3, "C": 1.0, "ratio": 1.6, "sampling_factor": 1.1333333333333333, "n_cores": 10, "wait_time": 100, "k": 50, "time_uncached": 218.83694529533386, "time_cached": 223.68854880332947, "equality": false, "mse": 0.009568737958181063, "true_fourier_norm_squared": 1213.3515525643463, "computed_fourier_norm_squared": 1213.1808486188008, "measurements": 6912}