{"n": 324, "no_trees": 20, "depth": 2, "C": 0.6, "ratio": 1.1, "sampling_factor": 1.1333333333333333, "n_cores": 10, "wait_time": 100, "k": 6, "time_uncached": 5.531800031661987, "time_cached": 5.755323886871338, "equality": false, "mse": 22.481699952711047, "true_fourier_norm_squared": 1398.8587243216887, "computed_fourier_norm_squared": 1489.0082943328184, "measurements": 456}