{"n": 324, "no_trees": 20, "depth": 3, "C": 1.6, "ratio": 1.6, "sampling_factor": 1.2666666666666666, "n_cores": 10, "wait_time": 100, "k": 50, "time_uncached": 177.75208520889282, "time_cached": 182.08225417137146, "equality": false, "mse": 0.01334690411850228, "true_fourier_norm_squared": 1213.3515525643463, "computed_fourier_norm_squared": 1213.3382056602288, "measurements": 13440}