{"n": 324, "no_trees": 20, "depth": 4, "C": 1.2000000000000002, "ratio": 1.35, "sampling_factor": 0.33333333333333337, "n_cores": 10, "wait_time": 100, "k": 410, "time_uncached": 1541.6182618141174, "time_cached": 1571.7250473499298, "equality": false, "mse": 578.5258270574084, "true_fourier_norm_squared": 1388.8115866601522, "computed_fourier_norm_squared": 1854.0283172060595, "measurements": 30720}