{"n": 324, "no_trees": 20, "depth": 3, "C": 1.6, "ratio": 1.85, "sampling_factor": 0.8666666666666667, "n_cores": 10, "wait_time": 100, "k": 50, "time_uncached": 232.35900115966797, "time_cached": 233.3817002773285, "equality": false, "mse": 0.015224731110334299, "true_fourier_norm_squared": 1213.3515525643463, "computed_fourier_norm_squared": 1213.6083936793368, "measurements": 9184}