{"n": 324, "no_trees": 20, "depth": 3, "C": 0.6, "ratio": 1.35, "sampling_factor": 1.4, "n_cores": 10, "wait_time": 100, "k": 50, "time_uncached": 151.1819760799408, "time_cached": 148.66833925247192, "equality": false, "mse": 0.1360195465047745, "true_fourier_norm_squared": 1213.3515525643463, "computed_fourier_norm_squared": 1216.1901864821664, "measurements": 6336}