{"n": 324, "no_trees": 20, "depth": 2, "C": 1.2000000000000002, "ratio": 2.1, "sampling_factor": 1.4, "n_cores": 10, "wait_time": 100, "k": 6, "time_uncached": 1.5974938869476318, "time_cached": 1.833643913269043, "equality": false, "mse": 90.37289206650304, "true_fourier_norm_squared": 1398.8587243216887, "computed_fourier_norm_squared": 1308.485832255186, "measurements": 376}