{"n": 324, "no_trees": 20, "depth": 2, "C": 1.6, "ratio": 1.35, "sampling_factor": 0.8666666666666667, "n_cores": 10, "wait_time": 100, "k": 6, "time_uncached": 1.9631803035736084, "time_cached": 1.9230644702911377, "equality": true, "mse": 1.0452406994178406e-28, "true_fourier_norm_squared": 1398.8587243216887, "computed_fourier_norm_squared": 1398.8587243216894, "measurements": 928}