{"n": 324, "no_trees": 20, "depth": 3, "C": 1.4, "ratio": 1.1, "sampling_factor": 0.2, "n_cores": 10, "wait_time": 100, "k": 50, "time_uncached": 9.003714561462402, "time_cached": 8.823749780654907, "equality": false, "mse": 917.9039339738869, "true_fourier_norm_squared": 1213.3515525643463, "computed_fourier_norm_squared": 1530.357154614707, "measurements": 2560}