{"n": 324, "no_trees": 20, "depth": 5, "C": 1.2000000000000002, "ratio": 1.35, "sampling_factor": 0.2, "n_cores": 10, "wait_time": 100, "k": 2540, "time_uncached": 1025.7146527767181, "time_cached": 823.7253398895264, "equality": false, "mse": 1066.7942570829832, "true_fourier_norm_squared": 1443.4416470758852, "computed_fourier_norm_squared": 2259.27604031561, "measurements": 153600}