{"n": 324, "no_trees": 20, "depth": 3, "C": 1.6, "ratio": 1.1, "sampling_factor": 0.6000000000000001, "n_cores": 10, "wait_time": 100, "k": 50, "time_uncached": 272.2627110481262, "time_cached": 287.3073537349701, "equality": true, "mse": 3.44745311905204e-29, "true_fourier_norm_squared": 1213.3515525643463, "computed_fourier_norm_squared": 1213.3515525643472, "measurements": 11136}