{"n": 324, "no_trees": 20, "depth": 2, "C": 0.6, "ratio": 1.6, "sampling_factor": 0.33333333333333337, "n_cores": 10, "wait_time": 100, "k": 6, "time_uncached": 0.17148137092590332, "time_cached": 0.14014697074890137, "equality": false, "mse": 383.97326821872343, "true_fourier_norm_squared": 1398.8587243216887, "computed_fourier_norm_squared": 2254.485588186162, "measurements": 48}