{"n": 324, "no_trees": 20, "depth": 3, "C": 1.2000000000000002, "ratio": 1.1, "sampling_factor": 1.2666666666666666, "n_cores": 10, "wait_time": 100, "k": 50, "time_uncached": 155.73107028007507, "time_cached": 156.2964792251587, "equality": false, "mse": 0.07970461998911403, "true_fourier_norm_squared": 1213.3515525643463, "computed_fourier_norm_squared": 1213.3208988927486, "measurements": 11520}