{"n": 324, "no_trees": 20, "depth": 3, "C": 1.0, "ratio": 1.35, "sampling_factor": 0.7333333333333334, "n_cores": 10, "wait_time": 100, "k": 50, "time_uncached": 221.77764987945557, "time_cached": 224.77149438858032, "equality": false, "mse": 0.006173633356945296, "true_fourier_norm_squared": 1213.3515525643463, "computed_fourier_norm_squared": 1212.9474514120516, "measurements": 5600}