{"n": 324, "no_trees": 20, "depth": 4, "C": 1.0, "ratio": 1.6, "sampling_factor": 0.2, "n_cores": 10, "wait_time": 100, "k": 410, "time_uncached": 59.10671639442444, "time_cached": 61.196311473846436, "equality": false, "mse": 2079.186060406312, "true_fourier_norm_squared": 1388.8115866601522, "computed_fourier_norm_squared": 3230.4102790358256, "measurements": 15360}