{"n": 324, "no_trees": 20, "depth": 3, "C": 1.2000000000000002, "ratio": 1.6, "sampling_factor": 1.4, "n_cores": 10, "wait_time": 100, "k": 50, "time_uncached": 138.22543025016785, "time_cached": 136.68201780319214, "equality": false, "mse": 0.012655554636653878, "true_fourier_norm_squared": 1213.3515525643463, "computed_fourier_norm_squared": 1213.390854044286, "measurements": 10560}