{"n": 324, "no_trees": 20, "depth": 3, "C": 1.2000000000000002, "ratio": 1.85, "sampling_factor": 0.33333333333333337, "n_cores": 10, "wait_time": 100, "k": 50, "time_uncached": 28.261730194091797, "time_cached": 27.918364763259888, "equality": false, "mse": 542.7093799997891, "true_fourier_norm_squared": 1213.3515525643463, "computed_fourier_norm_squared": 1619.9424861125847, "measurements": 2560}