{"n": 324, "no_trees": 20, "depth": 5, "C": 1.6, "ratio": 1.35, "sampling_factor": 0.2, "n_cores": 10, "wait_time": 100, "k": 2540, "time_uncached": 1465.6242468357086, "time_cached": 1472.8971345424652, "equality": false, "mse": 1058.4821896395003, "true_fourier_norm_squared": 1443.4416470758852, "computed_fourier_norm_squared": 2231.972691196028, "measurements": 184320}