{"n": 324, "no_trees": 20, "depth": 3, "C": 1.6, "ratio": 1.35, "sampling_factor": 0.33333333333333337, "n_cores": 10, "wait_time": 100, "k": 50, "time_uncached": 38.14900994300842, "time_cached": 43.46148228645325, "equality": false, "mse": 1005.9768949437333, "true_fourier_norm_squared": 1213.3515525643463, "computed_fourier_norm_squared": 2021.4192295776397, "measurements": 4096}