{"n": 324, "no_trees": 20, "depth": 4, "C": 1.0, "ratio": 2.1, "sampling_factor": 0.33333333333333337, "n_cores": 10, "wait_time": 100, "k": 410, "time_uncached": 987.5975179672241, "time_cached": 1031.8995516300201, "equality": false, "mse": 681.8350931773981, "true_fourier_norm_squared": 1388.8115866601522, "computed_fourier_norm_squared": 1920.8827718749462, "measurements": 17920}