{"n": 324, "no_trees": 20, "depth": 4, "C": 0.8, "ratio": 2.1, "sampling_factor": 0.33333333333333337, "n_cores": 10, "wait_time": 100, "k": 410, "time_uncached": 896.7085473537445, "time_cached": 904.0439023971558, "equality": false, "mse": 681.8350931773981, "true_fourier_norm_squared": 1388.8115866601522, "computed_fourier_norm_squared": 1920.8827718749465, "measurements": 17920}