{"n": 324, "no_trees": 20, "depth": 3, "C": 0.6, "ratio": 2.1, "sampling_factor": 0.8666666666666667, "n_cores": 10, "wait_time": 100, "k": 50, "time_uncached": 262.99409914016724, "time_cached": 263.4919912815094, "equality": false, "mse": 3.304311896487448, "true_fourier_norm_squared": 1213.3515525643463, "computed_fourier_norm_squared": 1201.4849263866547, "measurements": 2296}