{"n": 324, "no_trees": 20, "depth": 3, "C": 1.0, "ratio": 2.1, "sampling_factor": 0.7333333333333334, "n_cores": 10, "wait_time": 100, "k": 50, "time_uncached": 256.8565323352814, "time_cached": 263.45216512680054, "equality": false, "mse": 0.6106921540593296, "true_fourier_norm_squared": 1213.3515525643463, "computed_fourier_norm_squared": 1212.427863066708, "measurements": 3920}