{"n": 324, "no_trees": 20, "depth": 3, "C": 0.6, "ratio": 1.35, "sampling_factor": 0.33333333333333337, "n_cores": 10, "wait_time": 100, "k": 50, "time_uncached": 21.128618478775024, "time_cached": 20.98568344116211, "equality": false, "mse": 522.22220230063, "true_fourier_norm_squared": 1213.3515525643463, "computed_fourier_norm_squared": 1579.9426293295196, "measurements": 1536}