{"n": 324, "no_trees": 20, "depth": 4, "C": 0.8, "ratio": 1.1, "sampling_factor": 0.33333333333333337, "n_cores": 10, "wait_time": 100, "k": 410, "time_uncached": 1546.1511633396149, "time_cached": 1544.2702441215515, "equality": false, "mse": 578.5258270574084, "true_fourier_norm_squared": 1388.8115866601522, "computed_fourier_norm_squared": 1854.0283172060595, "measurements": 30720}