{"n": 324, "no_trees": 20, "depth": 3, "C": 0.6, "ratio": 1.85, "sampling_factor": 0.33333333333333337, "n_cores": 10, "wait_time": 100, "k": 50, "time_uncached": 15.017157793045044, "time_cached": 14.856635808944702, "equality": false, "mse": 344.30805500340165, "true_fourier_norm_squared": 1213.3515525643463, "computed_fourier_norm_squared": 1378.943475420879, "measurements": 1280}