{"n": 324, "no_trees": 20, "depth": 3, "C": 1.6, "ratio": 1.1, "sampling_factor": 0.2, "n_cores": 10, "wait_time": 100, "k": 50, "time_uncached": 11.05129861831665, "time_cached": 10.970121145248413, "equality": false, "mse": 1006.6427626874836, "true_fourier_norm_squared": 1213.3515525643463, "computed_fourier_norm_squared": 1978.4612507330125, "measurements": 3840}