{"n": 324, "no_trees": 20, "depth": 3, "C": 0.8, "ratio": 1.35, "sampling_factor": 0.8666666666666667, "n_cores": 10, "wait_time": 100, "k": 50, "time_uncached": 223.17541003227234, "time_cached": 215.08455085754395, "equality": false, "mse": 0.17516989682667503, "true_fourier_norm_squared": 1213.3515525643463, "computed_fourier_norm_squared": 1216.7958421151277, "measurements": 5248}