{"n": 324, "no_trees": 20, "depth": 3, "C": 1.0, "ratio": 1.1, "sampling_factor": 1.4, "n_cores": 10, "wait_time": 100, "k": 50, "time_uncached": 123.48976159095764, "time_cached": 123.2306067943573, "equality": false, "mse": 0.024694533427780718, "true_fourier_norm_squared": 1213.3515525643463, "computed_fourier_norm_squared": 1213.3764509404234, "measurements": 12672}