{"n": 324, "no_trees": 20, "depth": 3, "C": 0.6, "ratio": 1.6, "sampling_factor": 0.8666666666666667, "n_cores": 10, "wait_time": 100, "k": 50, "time_uncached": 312.9898419380188, "time_cached": 311.25648164749146, "equality": false, "mse": 0.1616259265525263, "true_fourier_norm_squared": 1213.3515525643463, "computed_fourier_norm_squared": 1201.4005071957167, "measurements": 3280}