{"n": 324, "no_trees": 20, "depth": 2, "C": 1.6, "ratio": 1.85, "sampling_factor": 0.4666666666666667, "n_cores": 10, "wait_time": 100, "k": 6, "time_uncached": 1.371673822402954, "time_cached": 1.4186110496520996, "equality": false, "mse": 11.240849976355523, "true_fourier_norm_squared": 1398.8587243216887, "computed_fourier_norm_squared": 1398.8587243216891, "measurements": 384}