{"n": 324, "no_trees": 20, "depth": 3, "C": 1.0, "ratio": 2.1, "sampling_factor": 1.0, "n_cores": 10, "wait_time": 100, "k": 50, "time_uncached": 158.40325236320496, "time_cached": 160.22583532333374, "equality": false, "mse": 0.33126088888726984, "true_fourier_norm_squared": 1213.3515525643463, "computed_fourier_norm_squared": 1215.6380601633587, "measurements": 5376}