{"n": 324, "no_trees": 20, "depth": 3, "C": 0.8, "ratio": 1.85, "sampling_factor": 1.2666666666666666, "n_cores": 10, "wait_time": 100, "k": 50, "time_uncached": 216.81469559669495, "time_cached": 202.6591899394989, "equality": false, "mse": 0.2918782800887714, "true_fourier_norm_squared": 1213.3515525643463, "computed_fourier_norm_squared": 1214.500969734143, "measurements": 6720}