{"n": 324, "no_trees": 20, "depth": 2, "C": 0.6, "ratio": 1.1, "sampling_factor": 0.7333333333333334, "n_cores": 10, "wait_time": 100, "k": 6, "time_uncached": 3.173258066177368, "time_cached": 3.1557400226593018, "equality": false, "mse": 22.48169995271104, "true_fourier_norm_squared": 1398.8587243216887, "computed_fourier_norm_squared": 1398.8587243216891, "measurements": 300}