{"n": 324, "no_trees": 20, "depth": 2, "C": 1.4, "ratio": 1.35, "sampling_factor": 0.33333333333333337, "n_cores": 10, "wait_time": 100, "k": 6, "time_uncached": 1.5342888832092285, "time_cached": 1.5186619758605957, "equality": false, "mse": 756.7056864610909, "true_fourier_norm_squared": 1398.8587243216887, "computed_fourier_norm_squared": 1963.5777766734182, "measurements": 288}