{"n": 324, "no_trees": 20, "depth": 4, "C": 0.6, "ratio": 1.1, "sampling_factor": 0.2, "n_cores": 10, "wait_time": 100, "k": 410, "time_uncached": 44.44505333900452, "time_cached": 44.96088266372681, "equality": false, "mse": 2205.345688563372, "true_fourier_norm_squared": 1388.8115866601522, "computed_fourier_norm_squared": 3351.37178255118, "measurements": 9216}