{"n": 324, "no_trees": 20, "depth": 3, "C": 0.6, "ratio": 1.1, "sampling_factor": 1.0, "n_cores": 10, "wait_time": 100, "k": 50, "time_uncached": 218.45628547668457, "time_cached": 217.46497082710266, "equality": false, "mse": 0.6230725276299841, "true_fourier_norm_squared": 1213.3515525643463, "computed_fourier_norm_squared": 1212.890853566721, "measurements": 4608}