{"n": 324, "no_trees": 20, "depth": 3, "C": 1.6, "ratio": 1.35, "sampling_factor": 1.1333333333333333, "n_cores": 10, "wait_time": 100, "k": 50, "time_uncached": 194.79344296455383, "time_cached": 210.41435313224792, "equality": true, "mse": 3.008052202240092e-29, "true_fourier_norm_squared": 1213.3515525643463, "computed_fourier_norm_squared": 1213.3515525643472, "measurements": 13824}