{"n": 324, "no_trees": 20, "depth": 3, "C": 1.2000000000000002, "ratio": 2.1, "sampling_factor": 0.7333333333333334, "n_cores": 10, "wait_time": 100, "k": 50, "time_uncached": 272.0419683456421, "time_cached": 274.24479603767395, "equality": false, "mse": 0.6106921540593296, "true_fourier_norm_squared": 1213.3515525643463, "computed_fourier_norm_squared": 1212.427863066708, "measurements": 3920}