{"n": 324, "no_trees": 20, "depth": 3, "C": 1.4, "ratio": 1.6, "sampling_factor": 1.0, "n_cores": 10, "wait_time": 100, "k": 50, "time_uncached": 168.83875226974487, "time_cached": 168.30483484268188, "equality": true, "mse": 3.5517614848400526e-29, "true_fourier_norm_squared": 1213.3515525643463, "computed_fourier_norm_squared": 1213.3515525643475, "measurements": 10752}