{"n": 324, "no_trees": 20, "depth": 2, "C": 1.0, "ratio": 1.85, "sampling_factor": 1.0, "n_cores": 10, "wait_time": 100, "k": 6, "time_uncached": 2.972327709197998, "time_cached": 2.967513084411621, "equality": false, "mse": 5.620424988177761, "true_fourier_norm_squared": 1398.8587243216887, "computed_fourier_norm_squared": 1393.2382993335111, "measurements": 272}