{"n": 324, "no_trees": 20, "depth": 2, "C": 1.4, "ratio": 1.35, "sampling_factor": 1.1333333333333333, "n_cores": 10, "wait_time": 100, "k": 6, "time_uncached": 3.462982654571533, "time_cached": 3.3310093879699707, "equality": true, "mse": 2.5637979419682884e-29, "true_fourier_norm_squared": 1398.8587243216887, "computed_fourier_norm_squared": 1398.8587243216891, "measurements": 912}