{"n": 324, "no_trees": 20, "depth": 3, "C": 0.8, "ratio": 1.35, "sampling_factor": 0.7333333333333334, "n_cores": 10, "wait_time": 100, "k": 50, "time_uncached": 269.72015285491943, "time_cached": 272.12231397628784, "equality": false, "mse": 0.13362543474738445, "true_fourier_norm_squared": 1213.3515525643463, "computed_fourier_norm_squared": 1212.2362377645504, "measurements": 4480}