{"n": 324, "no_trees": 20, "depth": 2, "C": 1.2000000000000002, "ratio": 1.85, "sampling_factor": 0.33333333333333337, "n_cores": 10, "wait_time": 100, "k": 6, "time_uncached": 0.43662214279174805, "time_cached": 0.43086862564086914, "equality": false, "mse": 485.3636882062076, "true_fourier_norm_squared": 1398.8587243216887, "computed_fourier_norm_squared": 1692.235778418535, "measurements": 144}