{"n": 324, "no_trees": 20, "depth": 4, "C": 0.6, "ratio": 1.85, "sampling_factor": 0.2, "n_cores": 10, "wait_time": 100, "k": 410, "time_uncached": 32.87992596626282, "time_cached": 35.52789282798767, "equality": false, "mse": 3299.162455556043, "true_fourier_norm_squared": 1388.8115866601522, "computed_fourier_norm_squared": 3825.661963073805, "measurements": 7680}