{"n": 324, "no_trees": 20, "depth": 2, "C": 1.4, "ratio": 2.1, "sampling_factor": 0.6000000000000001, "n_cores": 10, "wait_time": 100, "k": 6, "time_uncached": 1.133298397064209, "time_cached": 1.0361318588256836, "equality": true, "mse": 2.5637979419682884e-29, "true_fourier_norm_squared": 1398.8587243216887, "computed_fourier_norm_squared": 1398.858724321689, "measurements": 160}