{"n": 324, "no_trees": 20, "depth": 5, "C": 0.6, "ratio": 1.35, "sampling_factor": 0.2, "n_cores": 10, "wait_time": 100, "k": 2540, "time_uncached": 595.4408442974091, "time_cached": 595.4995846748352, "equality": false, "mse": 1055.1065553274987, "true_fourier_norm_squared": 1443.4416470758852, "computed_fourier_norm_squared": 2255.5634751928633, "measurements": 76800}