{"n": 324, "no_trees": 20, "depth": 2, "C": 1.0, "ratio": 1.85, "sampling_factor": 0.8666666666666667, "n_cores": 10, "wait_time": 100, "k": 6, "time_uncached": 1.609548568725586, "time_cached": 1.6048243045806885, "equality": true, "mse": 2.5637979419682884e-29, "true_fourier_norm_squared": 1398.8587243216887, "computed_fourier_norm_squared": 1398.8587243216891, "measurements": 232}