{"n": 324, "no_trees": 20, "depth": 2, "C": 1.4, "ratio": 1.85, "sampling_factor": 0.33333333333333337, "n_cores": 10, "wait_time": 100, "k": 6, "time_uncached": 0.7023825645446777, "time_cached": 0.7045214176177979, "equality": false, "mse": 383.97326821872326, "true_fourier_norm_squared": 1398.8587243216887, "computed_fourier_norm_squared": 1590.8453584310505, "measurements": 192}