{"n": 324, "no_trees": 20, "depth": 2, "C": 1.2000000000000002, "ratio": 1.6, "sampling_factor": 1.4, "n_cores": 10, "wait_time": 100, "k": 6, "time_uncached": 3.0260775089263916, "time_cached": 2.9700191020965576, "equality": true, "mse": 2.5637979419682884e-29, "true_fourier_norm_squared": 1398.8587243216887, "computed_fourier_norm_squared": 1398.858724321689, "measurements": 940}