{"n": 324, "no_trees": 20, "depth": 3, "C": 1.2000000000000002, "ratio": 1.6, "sampling_factor": 0.4666666666666667, "n_cores": 10, "wait_time": 100, "k": 50, "time_uncached": 211.89487385749817, "time_cached": 215.45524430274963, "equality": false, "mse": 59.45619833668261, "true_fourier_norm_squared": 1213.3515525643463, "computed_fourier_norm_squared": 1273.7225338498074, "measurements": 3520}