{"n": 324, "no_trees": 20, "depth": 3, "C": 1.2000000000000002, "ratio": 1.1, "sampling_factor": 0.7333333333333334, "n_cores": 10, "wait_time": 100, "k": 50, "time_uncached": 177.03468489646912, "time_cached": 176.89610648155212, "equality": true, "mse": 4.84282788235948e-29, "true_fourier_norm_squared": 1213.3515525643463, "computed_fourier_norm_squared": 1213.3515525643468, "measurements": 6720}