{"n": 324, "no_trees": 20, "depth": 2, "C": 1.6, "ratio": 1.85, "sampling_factor": 0.6000000000000001, "n_cores": 10, "wait_time": 100, "k": 6, "time_uncached": 1.8553626537322998, "time_cached": 1.9507758617401123, "equality": true, "mse": 1.0452406994178406e-28, "true_fourier_norm_squared": 1398.8587243216887, "computed_fourier_norm_squared": 1398.8587243216894, "measurements": 480}