{"n": 324, "no_trees": 20, "depth": 3, "C": 1.4, "ratio": 1.35, "sampling_factor": 1.1333333333333333, "n_cores": 10, "wait_time": 100, "k": 50, "time_uncached": 190.86412048339844, "time_cached": 190.27845215797424, "equality": true, "mse": 3.008052202240092e-29, "true_fourier_norm_squared": 1213.3515525643463, "computed_fourier_norm_squared": 1213.3515525643472, "measurements": 13824}