{"n": 324, "no_trees": 20, "depth": 3, "C": 0.6, "ratio": 1.6, "sampling_factor": 1.1333333333333333, "n_cores": 10, "wait_time": 100, "k": 50, "time_uncached": 199.97695684432983, "time_cached": 195.8756721019745, "equality": false, "mse": 0.0683133634897087, "true_fourier_norm_squared": 1213.3515525643463, "computed_fourier_norm_squared": 1213.5459305068225, "measurements": 4320}