{"n": 324, "no_trees": 20, "depth": 3, "C": 1.2000000000000002, "ratio": 1.6, "sampling_factor": 1.0, "n_cores": 10, "wait_time": 100, "k": 50, "time_uncached": 189.7135190963745, "time_cached": 188.82172179222107, "equality": false, "mse": 0.028295163310859274, "true_fourier_norm_squared": 1213.3515525643463, "computed_fourier_norm_squared": 1213.4256724748261, "measurements": 7680}