{"n": 324, "no_trees": 20, "depth": 2, "C": 1.0, "ratio": 1.6, "sampling_factor": 0.2, "n_cores": 10, "wait_time": 100, "k": 6, "time_uncached": 0.6132426261901855, "time_cached": 0.6038274765014648, "equality": false, "mse": 2011.9564549182053, "true_fourier_norm_squared": 1398.8587243216887, "computed_fourier_norm_squared": 2359.538844719853, "measurements": 84}