{"n": 324, "no_trees": 20, "depth": 2, "C": 1.6, "ratio": 2.1, "sampling_factor": 0.33333333333333337, "n_cores": 10, "wait_time": 100, "k": 6, "time_uncached": 0.6025481224060059, "time_cached": 0.6043245792388916, "equality": false, "mse": 22.481699952711043, "true_fourier_norm_squared": 1398.8587243216887, "computed_fourier_norm_squared": 1398.8587243216891, "measurements": 192}