{"n": 324, "no_trees": 20, "depth": 2, "C": 1.0, "ratio": 1.85, "sampling_factor": 1.1333333333333333, "n_cores": 10, "wait_time": 100, "k": 6, "time_uncached": 2.0578014850616455, "time_cached": 2.0472168922424316, "equality": true, "mse": 2.5637979419682884e-29, "true_fourier_norm_squared": 1398.8587243216887, "computed_fourier_norm_squared": 1398.858724321689, "measurements": 304}