{"n": 324, "no_trees": 20, "depth": 3, "C": 1.6, "ratio": 2.1, "sampling_factor": 0.4666666666666667, "n_cores": 10, "wait_time": 100, "k": 50, "time_uncached": 249.94342589378357, "time_cached": 249.84566450119019, "equality": false, "mse": 54.433980195423125, "true_fourier_norm_squared": 1213.3515525643463, "computed_fourier_norm_squared": 1221.133331861199, "measurements": 4928}