{"n": 324, "no_trees": 20, "depth": 4, "C": 1.2000000000000002, "ratio": 1.85, "sampling_factor": 0.33333333333333337, "n_cores": 10, "wait_time": 100, "k": 410, "time_uncached": 1344.4680247306824, "time_cached": 1310.894199848175, "equality": false, "mse": 557.9268235786726, "true_fourier_norm_squared": 1388.8115866601522, "computed_fourier_norm_squared": 1814.3882657300107, "measurements": 25600}