{"n": 324, "no_trees": 20, "depth": 3, "C": 1.4, "ratio": 2.1, "sampling_factor": 0.2, "n_cores": 10, "wait_time": 100, "k": 50, "time_uncached": 6.014315366744995, "time_cached": 5.98818039894104, "equality": false, "mse": 997.9448187850487, "true_fourier_norm_squared": 1213.3515525643463, "computed_fourier_norm_squared": 1937.9849235944773, "measurements": 2240}