{"n": 324, "no_trees": 20, "depth": 3, "C": 1.0, "ratio": 1.1, "sampling_factor": 0.8666666666666667, "n_cores": 10, "wait_time": 100, "k": 50, "time_uncached": 187.91212511062622, "time_cached": 188.2826325893402, "equality": false, "mse": 0.027884112747174616, "true_fourier_norm_squared": 1213.3515525643463, "computed_fourier_norm_squared": 1213.7440772105017, "measurements": 7872}