{"n": 324, "no_trees": 20, "depth": 3, "C": 1.0, "ratio": 1.85, "sampling_factor": 0.2, "n_cores": 10, "wait_time": 100, "k": 50, "time_uncached": 4.784225940704346, "time_cached": 4.743929386138916, "equality": false, "mse": 2575.7445493535365, "true_fourier_norm_squared": 1213.3515525643463, "computed_fourier_norm_squared": 3502.0184577313453, "measurements": 1120}