{"n": 324, "no_trees": 20, "depth": 3, "C": 0.6, "ratio": 1.35, "sampling_factor": 0.8666666666666667, "n_cores": 10, "wait_time": 100, "k": 50, "time_uncached": 316.795871257782, "time_cached": 316.1877210140228, "equality": false, "mse": 0.15514318422167964, "true_fourier_norm_squared": 1213.3515525643463, "computed_fourier_norm_squared": 1201.4120476615797, "measurements": 3936}