{"n": 324, "no_trees": 20, "depth": 4, "C": 1.4, "ratio": 1.35, "sampling_factor": 0.2, "n_cores": 10, "wait_time": 100, "k": 410, "time_uncached": 92.35540795326233, "time_cached": 92.53949570655823, "equality": false, "mse": 877.7831248064457, "true_fourier_norm_squared": 1388.8115866601522, "computed_fourier_norm_squared": 2047.5566773412577, "measurements": 24576}