{"n": 324, "no_trees": 20, "depth": 3, "C": 0.8, "ratio": 1.6, "sampling_factor": 0.7333333333333334, "n_cores": 10, "wait_time": 100, "k": 50, "time_uncached": 267.28405141830444, "time_cached": 254.52966570854187, "equality": false, "mse": 0.6106921540593296, "true_fourier_norm_squared": 1213.3515525643463, "computed_fourier_norm_squared": 1212.427863066708, "measurements": 3920}