{"n": 324, "no_trees": 20, "depth": 2, "C": 0.8, "ratio": 1.85, "sampling_factor": 1.1333333333333333, "n_cores": 10, "wait_time": 100, "k": 6, "time_uncached": 0.32337093353271484, "time_cached": 0.35115528106689453, "equality": false, "mse": 383.973268218723, "true_fourier_norm_squared": 1398.8587243216887, "computed_fourier_norm_squared": 436.2243221968943, "measurements": 152}