{"n": 324, "no_trees": 20, "depth": 3, "C": 1.0, "ratio": 2.1, "sampling_factor": 0.6000000000000001, "n_cores": 10, "wait_time": 100, "k": 50, "time_uncached": 229.18794441223145, "time_cached": 228.39893674850464, "equality": false, "mse": 0.7057189493880016, "true_fourier_norm_squared": 1213.3515525643463, "computed_fourier_norm_squared": 1214.1328398497724, "measurements": 3248}