{"n": 324, "no_trees": 20, "depth": 5, "C": 1.0, "ratio": 1.1, "sampling_factor": 0.2, "n_cores": 10, "wait_time": 100, "k": 2540, "time_uncached": 1386.3125131130219, "time_cached": 1321.7407581806183, "equality": false, "mse": 1058.4821896395003, "true_fourier_norm_squared": 1443.4416470758852, "computed_fourier_norm_squared": 2231.972691196028, "measurements": 184320}