{"n": 324, "no_trees": 20, "depth": 3, "C": 1.2000000000000002, "ratio": 1.1, "sampling_factor": 0.4666666666666667, "n_cores": 10, "wait_time": 100, "k": 50, "time_uncached": 281.0663917064667, "time_cached": 285.2240777015686, "equality": false, "mse": 54.300981879238556, "true_fourier_norm_squared": 1213.3515525643463, "computed_fourier_norm_squared": 1260.3646159028103, "measurements": 4224}