{"n": 324, "no_trees": 20, "depth": 3, "C": 1.2000000000000002, "ratio": 1.35, "sampling_factor": 1.0, "n_cores": 10, "wait_time": 100, "k": 50, "time_uncached": 168.4550220966339, "time_cached": 168.2768476009369, "equality": true, "mse": 0.0030868166784725906, "true_fourier_norm_squared": 1213.3515525643463, "computed_fourier_norm_squared": 1213.7966562392444, "measurements": 9216}