{"n": 324, "no_trees": 20, "depth": 4, "C": 1.4, "ratio": 1.35, "sampling_factor": 0.33333333333333337, "n_cores": 10, "wait_time": 100, "k": 410, "time_uncached": 1533.9248895645142, "time_cached": 1316.6183369159698, "equality": false, "mse": 614.3993654405729, "true_fourier_norm_squared": 1388.8115866601522, "computed_fourier_norm_squared": 1891.105735424913, "measurements": 40960}