{"n": 324, "no_trees": 20, "depth": 5, "C": 0.8, "ratio": 1.35, "sampling_factor": 0.2, "n_cores": 10, "wait_time": 100, "k": 2540, "time_uncached": 850.0952816009521, "time_cached": 833.2301831245422, "equality": false, "mse": 1036.1546145865398, "true_fourier_norm_squared": 1443.4416470758852, "computed_fourier_norm_squared": 2237.680710450391, "measurements": 92160}