{"n": 324, "no_trees": 20, "depth": 3, "C": 1.0, "ratio": 2.1, "sampling_factor": 0.8666666666666667, "n_cores": 10, "wait_time": 100, "k": 50, "time_uncached": 185.380676984787, "time_cached": 185.34732294082642, "equality": false, "mse": 0.07040000888130099, "true_fourier_norm_squared": 1213.3515525643463, "computed_fourier_norm_squared": 1213.328045868931, "measurements": 4592}