{"n": 324, "no_trees": 20, "depth": 2, "C": 0.8, "ratio": 2.1, "sampling_factor": 1.1333333333333333, "n_cores": 10, "wait_time": 100, "k": 6, "time_uncached": 7.581710815429688e-05, "time_cached": 9.5367431640625e-06, "equality": false, "mse": 1398.8587243216887, "true_fourier_norm_squared": 1398.8587243216887, "computed_fourier_norm_squared": 0, "measurements": 0}