{"n": 324, "no_trees": 20, "depth": 2, "C": 0.6, "ratio": 1.35, "sampling_factor": 0.8666666666666667, "n_cores": 10, "wait_time": 100, "k": 6, "time_uncached": 3.0933399200439453, "time_cached": 3.1019163131713867, "equality": false, "mse": 282.5828482312385, "true_fourier_norm_squared": 1398.8587243216887, "computed_fourier_norm_squared": 596.0065488846537, "measurements": 232}