{"n": 324, "no_trees": 20, "depth": 3, "C": 1.2000000000000002, "ratio": 1.35, "sampling_factor": 0.33333333333333337, "n_cores": 10, "wait_time": 100, "k": 50, "time_uncached": 31.364283323287964, "time_cached": 31.28642511367798, "equality": false, "mse": 635.6760518678301, "true_fourier_norm_squared": 1213.3515525643463, "computed_fourier_norm_squared": 1684.458943258109, "measurements": 3072}