{"n": 324, "no_trees": 20, "depth": 2, "C": 1.0, "ratio": 2.1, "sampling_factor": 1.0, "n_cores": 10, "wait_time": 100, "k": 6, "time_uncached": 2.5205366611480713, "time_cached": 2.495771884918213, "equality": false, "mse": 5.620424988177761, "true_fourier_norm_squared": 1398.8587243216887, "computed_fourier_norm_squared": 1393.2382993335113, "measurements": 272}