{"n": 324, "no_trees": 20, "depth": 4, "C": 0.8, "ratio": 1.85, "sampling_factor": 0.33333333333333337, "n_cores": 10, "wait_time": 100, "k": 410, "time_uncached": 976.4637274742126, "time_cached": 1024.271367073059, "equality": false, "mse": 681.8350931773981, "true_fourier_norm_squared": 1388.8115866601522, "computed_fourier_norm_squared": 1920.8827718749462, "measurements": 17920}