{"n": 324, "no_trees": 20, "depth": 3, "C": 1.2000000000000002, "ratio": 1.6, "sampling_factor": 0.8666666666666667, "n_cores": 10, "wait_time": 100, "k": 50, "time_uncached": 179.7921051979065, "time_cached": 179.71484684944153, "equality": false, "mse": 0.01543408339236281, "true_fourier_norm_squared": 1213.3515525643463, "computed_fourier_norm_squared": 1213.3774033029993, "measurements": 6560}