{"n": 324, "no_trees": 20, "depth": 3, "C": 0.6, "ratio": 1.35, "sampling_factor": 0.2, "n_cores": 10, "wait_time": 100, "k": 50, "time_uncached": 4.526381492614746, "time_cached": 4.503542423248291, "equality": false, "mse": 2189.459381745646, "true_fourier_norm_squared": 1213.3515525643463, "computed_fourier_norm_squared": 3136.4606365201203, "measurements": 960}