{"n": 324, "no_trees": 20, "depth": 2, "C": 1.6, "ratio": 1.35, "sampling_factor": 0.33333333333333337, "n_cores": 10, "wait_time": 100, "k": 6, "time_uncached": 1.3374130725860596, "time_cached": 1.439734697341919, "equality": false, "mse": 56.20424988177759, "true_fourier_norm_squared": 1398.8587243216887, "computed_fourier_norm_squared": 1443.8221242271115, "measurements": 384}