{"n": 324, "no_trees": 20, "depth": 2, "C": 0.6, "ratio": 1.85, "sampling_factor": 0.33333333333333337, "n_cores": 10, "wait_time": 100, "k": 6, "time_uncached": 3.361701965332031e-05, "time_cached": 1.0251998901367188e-05, "equality": false, "mse": 1398.8587243216887, "true_fourier_norm_squared": 1398.8587243216887, "computed_fourier_norm_squared": 0, "measurements": 0}