{"n": 324, "no_trees": 20, "depth": 2, "C": 1.0, "ratio": 1.6, "sampling_factor": 1.4, "n_cores": 10, "wait_time": 100, "k": 6, "time_uncached": 2.083204507827759, "time_cached": 2.1014111042022705, "equality": true, "mse": 2.879342304056693e-29, "true_fourier_norm_squared": 1398.8587243216887, "computed_fourier_norm_squared": 1398.8587243216891, "measurements": 564}