{"n": 324, "no_trees": 20, "depth": 2, "C": 1.0, "ratio": 1.1, "sampling_factor": 0.6000000000000001, "n_cores": 10, "wait_time": 100, "k": 6, "time_uncached": 1.7556822299957275, "time_cached": 1.8180756568908691, "equality": true, "mse": 2.5637979419682884e-29, "true_fourier_norm_squared": 1398.8587243216887, "computed_fourier_norm_squared": 1398.8587243216891, "measurements": 480}