{"n": 324, "no_trees": 20, "depth": 3, "C": 1.0, "ratio": 1.6, "sampling_factor": 0.6000000000000001, "n_cores": 10, "wait_time": 100, "k": 50, "time_uncached": 282.5966923236847, "time_cached": 281.5675051212311, "equality": false, "mse": 0.022635370771182464, "true_fourier_norm_squared": 1213.3515525643463, "computed_fourier_norm_squared": 1213.2954159087697, "measurements": 3712}