{"n": 324, "no_trees": 20, "depth": 4, "C": 1.6, "ratio": 1.1, "sampling_factor": 0.2, "n_cores": 10, "wait_time": 100, "k": 410, "time_uncached": 153.64795446395874, "time_cached": 160.56693053245544, "equality": false, "mse": 887.2129312553425, "true_fourier_norm_squared": 1388.8115866601522, "computed_fourier_norm_squared": 2050.7990151614013, "measurements": 36864}