{"n": 324, "no_trees": 20, "depth": 3, "C": 0.8, "ratio": 1.35, "sampling_factor": 1.1333333333333333, "n_cores": 10, "wait_time": 100, "k": 50, "time_uncached": 206.37175726890564, "time_cached": 208.70274901390076, "equality": false, "mse": 0.009568737958181063, "true_fourier_norm_squared": 1213.3515525643463, "computed_fourier_norm_squared": 1213.180848618801, "measurements": 6912}