{"n": 324, "no_trees": 20, "depth": 2, "C": 1.4, "ratio": 1.35, "sampling_factor": 1.0, "n_cores": 10, "wait_time": 100, "k": 6, "time_uncached": 4.172508716583252, "time_cached": 4.163920164108276, "equality": true, "mse": 2.721570123012491e-29, "true_fourier_norm_squared": 1398.8587243216887, "computed_fourier_norm_squared": 1398.858724321689, "measurements": 816}