{"n": 324, "no_trees": 20, "depth": 3, "C": 1.2000000000000002, "ratio": 2.1, "sampling_factor": 1.2666666666666666, "n_cores": 10, "wait_time": 100, "k": 50, "time_uncached": 208.01130843162537, "time_cached": 207.52193474769592, "equality": false, "mse": 0.2918782800887714, "true_fourier_norm_squared": 1213.3515525643463, "computed_fourier_norm_squared": 1214.5009697341427, "measurements": 6720}