{"n": 324, "no_trees": 20, "depth": 3, "C": 0.8, "ratio": 1.35, "sampling_factor": 1.0, "n_cores": 10, "wait_time": 100, "k": 50, "time_uncached": 196.34734559059143, "time_cached": 196.320946931839, "equality": false, "mse": 0.0251089492565587, "true_fourier_norm_squared": 1213.3515525643463, "computed_fourier_norm_squared": 1213.3642049036973, "measurements": 6144}