{"n": 324, "no_trees": 20, "depth": 2, "C": 0.6, "ratio": 1.35, "sampling_factor": 1.4, "n_cores": 10, "wait_time": 100, "k": 6, "time_uncached": 1.0123422145843506, "time_cached": 1.1930477619171143, "equality": false, "mse": 22.48169995271104, "true_fourier_norm_squared": 1398.8587243216887, "computed_fourier_norm_squared": 1398.8587243216891, "measurements": 376}