{"n": 324, "no_trees": 20, "depth": 2, "C": 1.4, "ratio": 1.85, "sampling_factor": 0.2, "n_cores": 10, "wait_time": 100, "k": 6, "time_uncached": 0.6744792461395264, "time_cached": 0.6831169128417969, "equality": false, "mse": 1830.6277475597806, "true_fourier_norm_squared": 1398.8587243216887, "computed_fourier_norm_squared": 2178.2101373614287, "measurements": 112}