{"n": 324, "no_trees": 20, "depth": 2, "C": 1.6, "ratio": 1.1, "sampling_factor": 1.2666666666666666, "n_cores": 10, "wait_time": 100, "k": 6, "time_uncached": 4.471121072769165, "time_cached": 4.261855602264404, "equality": true, "mse": 1.0452406994178406e-28, "true_fourier_norm_squared": 1398.8587243216887, "computed_fourier_norm_squared": 1398.8587243216894, "measurements": 2016}