{"n": 324, "no_trees": 20, "depth": 3, "C": 1.4, "ratio": 1.1, "sampling_factor": 0.8666666666666667, "n_cores": 10, "wait_time": 100, "k": 50, "time_uncached": 181.78080439567566, "time_cached": 191.8281865119934, "equality": true, "mse": 4.3913128661973365e-29, "true_fourier_norm_squared": 1213.3515525643463, "computed_fourier_norm_squared": 1213.3515525643472, "measurements": 10496}