{"n": 324, "no_trees": 20, "depth": 3, "C": 1.0, "ratio": 1.1, "sampling_factor": 0.4666666666666667, "n_cores": 10, "wait_time": 100, "k": 50, "time_uncached": 299.46813106536865, "time_cached": 299.44268774986267, "equality": false, "mse": 54.300981879238556, "true_fourier_norm_squared": 1213.3515525643463, "computed_fourier_norm_squared": 1260.3646159028103, "measurements": 4224}