{"n": 324, "no_trees": 20, "depth": 3, "C": 1.6, "ratio": 1.35, "sampling_factor": 1.2666666666666666, "n_cores": 10, "wait_time": 100, "k": 50, "time_uncached": 193.23063850402832, "time_cached": 196.0043864250183, "equality": true, "mse": 2.479962211489112e-29, "true_fourier_norm_squared": 1213.3515525643463, "computed_fourier_norm_squared": 1213.3515525643472, "measurements": 15360}