{"n": 324, "no_trees": 20, "depth": 4, "C": 1.0, "ratio": 1.1, "sampling_factor": 0.33333333333333337, "n_cores": 10, "wait_time": 100, "k": 410, "time_uncached": 1597.2233028411865, "time_cached": 1607.3582026958466, "equality": false, "mse": 578.5258270574084, "true_fourier_norm_squared": 1388.8115866601522, "computed_fourier_norm_squared": 1854.0283172060595, "measurements": 30720}