{"n": 324, "no_trees": 20, "depth": 3, "C": 1.6, "ratio": 1.1, "sampling_factor": 1.4, "n_cores": 10, "wait_time": 100, "k": 50, "time_uncached": 194.81154251098633, "time_cached": 201.19671368598938, "equality": false, "mse": 0.0038061827775835223, "true_fourier_norm_squared": 1213.3515525643463, "computed_fourier_norm_squared": 1213.3477463815696, "measurements": 25344}