{"n": 324, "no_trees": 20, "depth": 3, "C": 1.6, "ratio": 1.6, "sampling_factor": 0.6000000000000001, "n_cores": 10, "wait_time": 100, "k": 50, "time_uncached": 215.78140878677368, "time_cached": 224.1755621433258, "equality": true, "mse": 3.2857905595201753e-29, "true_fourier_norm_squared": 1213.3515525643463, "computed_fourier_norm_squared": 1213.3515525643472, "measurements": 6496}