{"n": 324, "no_trees": 20, "depth": 3, "C": 0.8, "ratio": 1.35, "sampling_factor": 0.2, "n_cores": 10, "wait_time": 100, "k": 50, "time_uncached": 4.652633190155029, "time_cached": 4.703920364379883, "equality": false, "mse": 2068.4721503105993, "true_fourier_norm_squared": 1213.3515525643463, "computed_fourier_norm_squared": 2994.746058688407, "measurements": 1280}