{"n": 324, "no_trees": 20, "depth": 3, "C": 0.6, "ratio": 1.85, "sampling_factor": 1.2666666666666666, "n_cores": 10, "wait_time": 100, "k": 50, "time_uncached": 150.72914576530457, "time_cached": 154.54524183273315, "equality": false, "mse": 1.052947658649333, "true_fourier_norm_squared": 1213.3515525643463, "computed_fourier_norm_squared": 1224.5902460711748, "measurements": 4800}