{"n": 324, "no_trees": 20, "depth": 3, "C": 1.2000000000000002, "ratio": 1.6, "sampling_factor": 1.1333333333333333, "n_cores": 10, "wait_time": 100, "k": 50, "time_uncached": 235.5975410938263, "time_cached": 235.9961452484131, "equality": true, "mse": 5.376079365361418e-29, "true_fourier_norm_squared": 1213.3515525643463, "computed_fourier_norm_squared": 1213.3515525643465, "measurements": 8640}