{"n": 324, "no_trees": 20, "depth": 2, "C": 1.6, "ratio": 1.1, "sampling_factor": 0.7333333333333334, "n_cores": 10, "wait_time": 100, "k": 6, "time_uncached": 2.6418540477752686, "time_cached": 2.5488765239715576, "equality": true, "mse": 1.0452406994178406e-28, "true_fourier_norm_squared": 1398.8587243216887, "computed_fourier_norm_squared": 1398.8587243216894, "measurements": 1200}