{"n": 324, "no_trees": 20, "depth": 3, "C": 0.6, "ratio": 1.6, "sampling_factor": 0.7333333333333334, "n_cores": 10, "wait_time": 100, "k": 50, "time_uncached": 291.87076687812805, "time_cached": 297.7478709220886, "equality": false, "mse": 5.082673508809799, "true_fourier_norm_squared": 1213.3515525643463, "computed_fourier_norm_squared": 1223.7331287005557, "measurements": 2800}