{"n": 324, "no_trees": 20, "depth": 4, "C": 0.8, "ratio": 1.35, "sampling_factor": 0.2, "n_cores": 10, "wait_time": 100, "k": 410, "time_uncached": 55.78980755805969, "time_cached": 56.7658965587616, "equality": false, "mse": 2101.356533196969, "true_fourier_norm_squared": 1388.8115866601522, "computed_fourier_norm_squared": 3247.258358624397, "measurements": 12288}