{"n": 324, "no_trees": 20, "depth": 3, "C": 0.8, "ratio": 1.35, "sampling_factor": 0.4666666666666667, "n_cores": 10, "wait_time": 100, "k": 50, "time_uncached": 211.62988090515137, "time_cached": 208.60688948631287, "equality": false, "mse": 49.69228236932509, "true_fourier_norm_squared": 1213.3515525643463, "computed_fourier_norm_squared": 1259.1895586239866, "measurements": 2816}