{"n": 324, "no_trees": 20, "depth": 3, "C": 0.6, "ratio": 1.1, "sampling_factor": 0.7333333333333334, "n_cores": 10, "wait_time": 100, "k": 50, "time_uncached": 201.09257125854492, "time_cached": 200.9694366455078, "equality": false, "mse": 0.07040952822782177, "true_fourier_norm_squared": 1213.3515525643463, "computed_fourier_norm_squared": 1212.5507438634636, "measurements": 3360}