{"n": 324, "no_trees": 20, "depth": 2, "C": 1.6, "ratio": 1.35, "sampling_factor": 0.2, "n_cores": 10, "wait_time": 100, "k": 6, "time_uncached": 1.0542006492614746, "time_cached": 1.0286650657653809, "equality": false, "mse": 4025.172586949085, "true_fourier_norm_squared": 1398.8587243216887, "computed_fourier_norm_squared": 4372.754976750732, "measurements": 224}