{"n": 324, "no_trees": 20, "depth": 4, "C": 1.4, "ratio": 1.1, "sampling_factor": 0.33333333333333337, "n_cores": 10, "wait_time": 100, "k": 410, "time_uncached": 1778.7495498657227, "time_cached": 1752.2988233566284, "equality": false, "mse": 689.0267393118609, "true_fourier_norm_squared": 1388.8115866601522, "computed_fourier_norm_squared": 1925.5836711906181, "measurements": 51200}