{"n": 324, "no_trees": 20, "depth": 3, "C": 1.0, "ratio": 1.85, "sampling_factor": 1.1333333333333333, "n_cores": 10, "wait_time": 100, "k": 50, "time_uncached": 197.96322226524353, "time_cached": 197.28297114372253, "equality": false, "mse": 0.01913747591636228, "true_fourier_norm_squared": 1213.3515525643463, "computed_fourier_norm_squared": 1213.8795191599058, "measurements": 6048}