{"n": 324, "no_trees": 20, "depth": 3, "C": 1.2000000000000002, "ratio": 1.35, "sampling_factor": 0.2, "n_cores": 10, "wait_time": 100, "k": 50, "time_uncached": 7.076936960220337, "time_cached": 7.154749155044556, "equality": false, "mse": 3287.312573396801, "true_fourier_norm_squared": 1213.3515525643463, "computed_fourier_norm_squared": 3685.6886103404645, "measurements": 1920}