{"n": 324, "no_trees": 20, "depth": 3, "C": 1.6, "ratio": 1.35, "sampling_factor": 1.0, "n_cores": 10, "wait_time": 100, "k": 50, "time_uncached": 150.67072415351868, "time_cached": 169.38938999176025, "equality": true, "mse": 3.554688898355521e-29, "true_fourier_norm_squared": 1213.3515525643463, "computed_fourier_norm_squared": 1213.3515525643475, "measurements": 12288}