{"n": 324, "no_trees": 20, "depth": 3, "C": 1.2000000000000002, "ratio": 1.6, "sampling_factor": 0.7333333333333334, "n_cores": 10, "wait_time": 100, "k": 50, "time_uncached": 244.30676221847534, "time_cached": 243.64359545707703, "equality": false, "mse": 0.006173633356945296, "true_fourier_norm_squared": 1213.3515525643463, "computed_fourier_norm_squared": 1212.9474514120516, "measurements": 5600}