{"n": 300, "k": 50, "degree": 2, "C": 0.4, "ratio": 1.1, "sampling_factor": 1.0, "n_cores": 10, "wait_time": 100, "time_uncached": 16.869707107543945, "time_cached": 11.346595764160156, "equality": false, "mse": 10625.0, "true_fourier_norm_squared": 140033, "computed_fourier_norm_squared": 166844.0, "measurements": 3264}