{"n": 500, "k": 30, "degree": 4, "C": 0.15, "ratio": 1.1, "sampling_factor": 5.555555555555555, "n_cores": 10, "wait_time": 1000, "time_uncached": 11028.137284040451, "time_cached": 11001.823691368103, "equality": false, "mse": 93967.0, "true_fourier_norm_squared": 100407, "computed_fourier_norm_squared": 2116.0, "measurements": 4344}