{"n": 500, "k": 30, "degree": 5, "C": 0.8, "ratio": 1.1, "sampling_factor": 2.0, "n_cores": 10, "wait_time": 1000, "time_uncached": 9380.628098249435, "time_cached": 10242.663391113281, "equality": false, "mse": 2259.0, "true_fourier_norm_squared": 105143, "computed_fourier_norm_squared": 101954.0, "measurements": 14880}