{"n": 500, "k": 30, "degree": 4, "C": 1.4, "ratio": 1.1, "sampling_factor": 4.222222222222222, "n_cores": 10, "wait_time": 1000, "time_uncached": 4214.993375778198, "time_cached": 4036.7470989227295, "equality": false, "mse": 784.0, "true_fourier_norm_squared": 100407, "computed_fourier_norm_squared": 103431.0, "measurements": 52800}