{"n": 500, "k": 30, "degree": 3, "C": 0.2, "ratio": 1.1, "sampling_factor": 0.2, "n_cores": 10, "wait_time": 100, "time_uncached": 1.1063966751098633, "time_cached": 0.23593354225158691, "equality": false, "mse": 832658.0, "true_fourier_norm_squared": 124915, "computed_fourier_norm_squared": 707743.0, "measurements": 264}