{"n": 500, "k": 30, "degree": 2, "C": 0.15, "ratio": 1.6, "sampling_factor": 0.6000000000000001, "n_cores": 10, "wait_time": 100, "time_uncached": 3.866412878036499, "time_cached": 3.5998144149780273, "equality": false, "mse": 85352, "true_fourier_norm_squared": 85352, "computed_fourier_norm_squared": 0, "measurements": 88}