{"n": 500, "k": 30, "degree": 4, "C": 0.2, "ratio": 1.6, "sampling_factor": 4.666666666666666, "n_cores": 10, "wait_time": 1000, "time_uncached": 8012.209907054901, "time_cached": 7657.212069034576, "equality": false, "mse": 85724.0, "true_fourier_norm_squared": 100407, "computed_fourier_norm_squared": 13629.0, "measurements": 3648}