{"n": 500, "k": 30, "degree": 4, "C": 0.6, "ratio": 3.0, "sampling_factor": 4.666666666666666, "n_cores": 10, "wait_time": 1000, "time_uncached": 1538.2225759029388, "time_cached": 1529.7503995895386, "equality": false, "mse": 27825.0, "true_fourier_norm_squared": 100407, "computed_fourier_norm_squared": 100816.0, "measurements": 9728}