{"n": 500, "k": 30, "degree": 4, "C": 0.2, "ratio": 1.1, "sampling_factor": 1.0, "n_cores": 10, "wait_time": 1000, "time_uncached": 12212.758229494095, "time_cached": 12228.849212408066, "equality": false, "mse": 51348.0, "true_fourier_norm_squared": 100407, "computed_fourier_norm_squared": 71653.0, "measurements": 1584}