{"n": 500, "k": 30, "degree": 3, "C": 3.0, "ratio": 1.6, "sampling_factor": 2.0, "n_cores": 10, "wait_time": 100, "time_uncached": 354.18550848960876, "time_cached": 202.32096600532532, "equality": false, "mse": 1058.0, "true_fourier_norm_squared": 124915, "computed_fourier_norm_squared": 129377.0, "measurements": 26368}