{"n": 500, "k": 30, "degree": 5, "C": 1.8, "ratio": 1.1, "sampling_factor": 1.0, "n_cores": 10, "wait_time": 1000, "time_uncached": 23084.23667025566, "time_cached": 23033.384696245193, "equality": false, "mse": 21711.0, "true_fourier_norm_squared": 105143, "computed_fourier_norm_squared": 83432.0, "measurements": 14976}