{"n": 500, "k": 30, "degree": 5, "C": 0.4, "ratio": 3.0, "sampling_factor": 1.0, "n_cores": 10, "wait_time": 1000, "time_uncached": 10004.892081260681, "time_cached": 10000.883701562881, "equality": false, "mse": 91082.0, "true_fourier_norm_squared": 105143, "computed_fourier_norm_squared": 20471.0, "measurements": 1248}