{"n": 500, "k": 30, "degree": 5, "C": 1.6, "ratio": 1.6, "sampling_factor": 0.4, "n_cores": 10, "wait_time": 1000, "time_uncached": 9921.957566976547, "time_cached": 10177.082756996155, "equality": false, "mse": 251808.0, "true_fourier_norm_squared": 105143, "computed_fourier_norm_squared": 224115.0, "measurements": 3968}