{"n": 500, "k": 30, "degree": 4, "C": 1.6, "ratio": 1.1, "sampling_factor": 2.888888888888889, "n_cores": 10, "wait_time": 1000, "time_uncached": 6900.01652431488, "time_cached": 6849.007662534714, "equality": true, "mse": 0.0, "true_fourier_norm_squared": 100407, "computed_fourier_norm_squared": 100407.0, "measurements": 36096}