{"n": 500, "k": 30, "degree": 4, "C": 0.8, "ratio": 1.1, "sampling_factor": 1.6, "n_cores": 10, "wait_time": 1000, "time_uncached": 12328.365516901016, "time_cached": 12079.522051095963, "equality": false, "mse": 6889.0, "true_fourier_norm_squared": 100407, "computed_fourier_norm_squared": 99254.0, "measurements": 10080}