{"n": 500, "k": 30, "degree": 4, "C": 1.6, "ratio": 1.1, "sampling_factor": 3.7777777777777777, "n_cores": 10, "wait_time": 1000, "time_uncached": 3555.1254556179047, "time_cached": 3388.759422302246, "equality": true, "mse": 0.0, "true_fourier_norm_squared": 100407, "computed_fourier_norm_squared": 100407.0, "measurements": 47232}