{"n": 500, "k": 30, "degree": 4, "C": 0.05, "ratio": 1.6, "sampling_factor": 3.7777777777777777, "n_cores": 10, "wait_time": 1000, "time_uncached": 4.410743713378906e-05, "time_cached": 1.5735626220703125e-05, "equality": false, "mse": 100407, "true_fourier_norm_squared": 100407, "computed_fourier_norm_squared": 0, "measurements": 0}