{"n": 50, "k": 30, "degree": 2, "C": 0.15, "ratio": 1.1, "sampling_factor": 0.5, "n_cores": 10, "wait_time": 100, "time_uncached": 0.32226085662841797, "time_cached": 0.22475028038024902, "equality": false, "mse": 199748.0, "true_fourier_norm_squared": 85352, "computed_fourier_norm_squared": 138492.0, "measurements": 144}