{"n": 500, "k": 30, "degree": 5, "C": 0.8, "ratio": 1.6, "sampling_factor": 1.2, "n_cores": 10, "wait_time": 1000, "time_uncached": 18928.332258462906, "time_cached": 19059.716841220856, "equality": false, "mse": 31513.0, "true_fourier_norm_squared": 105143, "computed_fourier_norm_squared": 85938.0, "measurements": 5952}