{"n": 500, "k": 30, "degree": 4, "C": 0.6, "ratio": 1.1, "sampling_factor": 2.4444444444444446, "n_cores": 10, "wait_time": 1000, "time_uncached": 13327.836702346802, "time_cached": 12115.14437007904, "equality": false, "mse": 2503.0, "true_fourier_norm_squared": 100407, "computed_fourier_norm_squared": 111414.0, "measurements": 12720}