{"n": 500, "k": 30, "degree": 3, "C": 0.4, "ratio": 3.0, "sampling_factor": 0.2, "n_cores": 10, "wait_time": 100, "time_uncached": 0.8187611103057861, "time_cached": 0.25820302963256836, "equality": false, "mse": 298850.0, "true_fourier_norm_squared": 124915, "computed_fourier_norm_squared": 173935.0, "measurements": 176}