{"n": 500, "k": 30, "degree": 5, "C": 3.0, "ratio": 1.1, "sampling_factor": 0.2, "n_cores": 10, "wait_time": 1000, "time_uncached": 49.55756974220276, "time_cached": 13.573598623275757, "equality": false, "mse": 520131.0, "true_fourier_norm_squared": 105143, "computed_fourier_norm_squared": 487310.0, "measurements": 6144}