{"n": 500, "k": 30, "degree": 3, "C": 0.8, "ratio": 3.0, "sampling_factor": 0.6000000000000001, "n_cores": 10, "wait_time": 100, "time_uncached": 94.72856092453003, "time_cached": 92.53276491165161, "equality": false, "mse": 55486.0, "true_fourier_norm_squared": 124915, "computed_fourier_norm_squared": 74041.0, "measurements": 992}