{"n": 500, "k": 30, "degree": 4, "C": 1.4, "ratio": 3.0, "sampling_factor": 1.2, "n_cores": 10, "wait_time": 1000, "time_uncached": 8056.559586763382, "time_cached": 7933.529037952423, "equality": false, "mse": 22576.0, "true_fourier_norm_squared": 100407, "computed_fourier_norm_squared": 110759.0, "measurements": 6320}