{"n": 500, "k": 30, "degree": 5, "C": 1.6, "ratio": 1.1, "sampling_factor": 1.4000000000000001, "n_cores": 10, "wait_time": 1000, "time_uncached": 19170.734295606613, "time_cached": 19040.49171423912, "equality": false, "mse": 30823.0, "true_fourier_norm_squared": 109724, "computed_fourier_norm_squared": 78901.0, "measurements": 20736}