{"n": 500, "k": 30, "degree": 3, "C": 1.4, "ratio": 1.6, "sampling_factor": 0.6000000000000001, "n_cores": 10, "wait_time": 100, "time_uncached": 220.4062738418579, "time_cached": 193.34369802474976, "equality": true, "mse": 0.0, "true_fourier_norm_squared": 124915, "computed_fourier_norm_squared": 124915.0, "measurements": 3968}