{"n": 500, "k": 30, "degree": 5, "C": 0.6, "ratio": 1.1, "sampling_factor": 1.8, "n_cores": 10, "wait_time": 1000, "time_uncached": 11364.559215068817, "time_cached": 11306.229358911514, "equality": false, "mse": 12511.0, "true_fourier_norm_squared": 105143, "computed_fourier_norm_squared": 94192.0, "measurements": 11120}