{"n": 500, "k": 30, "degree": 4, "C": 0.8, "ratio": 1.1, "sampling_factor": 2.4444444444444446, "n_cores": 10, "wait_time": 1000, "time_uncached": 7902.63889503479, "time_cached": 8175.894394397736, "equality": false, "mse": 2809.0, "true_fourier_norm_squared": 100407, "computed_fourier_norm_squared": 97598.0, "measurements": 15264}