{"n": 500, "k": 30, "degree": 5, "C": 0.6, "ratio": 1.1, "sampling_factor": 0.4, "n_cores": 10, "wait_time": 1000, "time_uncached": 8761.05653309822, "time_cached": 8100.0694353580475, "equality": false, "mse": 420186.0, "true_fourier_norm_squared": 105143, "computed_fourier_norm_squared": 382923.0, "measurements": 2480}