{"n": 500, "k": 30, "degree": 4, "C": 1.2, "ratio": 3.0, "sampling_factor": 0.2, "n_cores": 10, "wait_time": 1000, "time_uncached": 5.0164244174957275, "time_cached": 1.392747402191162, "equality": false, "mse": 252246.0, "true_fourier_norm_squared": 100407, "computed_fourier_norm_squared": 151839.0, "measurements": 1120}