{"n": 500, "k": 30, "degree": 2, "C": 2.0, "ratio": 1.1, "sampling_factor": 0.2, "n_cores": 10, "wait_time": 100, "time_uncached": 6.184591054916382, "time_cached": 1.3186368942260742, "equality": false, "mse": 572832.0, "true_fourier_norm_squared": 85352, "computed_fourier_norm_squared": 516324.0, "measurements": 1536}