{"n": 500, "k": 30, "degree": 3, "C": 1.8, "ratio": 3.0, "sampling_factor": 0.4, "n_cores": 10, "wait_time": 100, "time_uncached": 35.79740524291992, "time_cached": 30.63602900505066, "equality": false, "mse": 342318.0, "true_fourier_norm_squared": 124915, "computed_fourier_norm_squared": 316441.0, "measurements": 2016}