{"n": 500, "k": 30, "degree": 4, "C": 0.8, "ratio": 1.6, "sampling_factor": 6.0, "n_cores": 10, "wait_time": 1000, "time_uncached": 3855.852287530899, "time_cached": 4029.1441073417664, "equality": false, "mse": 1072.0, "true_fourier_norm_squared": 100407, "computed_fourier_norm_squared": 98331.0, "measurements": 25024}