{"n": 500, "k": 30, "degree": 5, "C": 3.0, "ratio": 1.1, "sampling_factor": 1.6, "n_cores": 10, "wait_time": 1000, "time_uncached": 17914.12141084671, "time_cached": 17707.234803438187, "equality": false, "mse": 6057.0, "true_fourier_norm_squared": 105143, "computed_fourier_norm_squared": 99086.0, "measurements": 47616}