{"n": 500, "k": 30, "degree": 5, "C": 0.4, "ratio": 3.0, "sampling_factor": 2.0, "n_cores": 10, "wait_time": 1000, "time_uncached": 6009.526170492172, "time_cached": 6237.2374386787415, "equality": false, "mse": 84828.0, "true_fourier_norm_squared": 105143, "computed_fourier_norm_squared": 31231.0, "measurements": 2480}