{"n": 500, "k": 30, "degree": 2, "C": 0.6, "ratio": 1.6, "sampling_factor": 0.6000000000000001, "n_cores": 10, "wait_time": 100, "time_uncached": 14.657788038253784, "time_cached": 9.281334638595581, "equality": false, "mse": 5174.0, "true_fourier_norm_squared": 85352, "computed_fourier_norm_squared": 84406.0, "measurements": 1232}