{"n": 500, "k": 30, "degree": 5, "C": 2.0, "ratio": 1.1, "sampling_factor": 1.6, "n_cores": 10, "wait_time": 1000, "time_uncached": 14260.596194267273, "time_cached": 14320.514993906021, "equality": false, "mse": 28266.0, "true_fourier_norm_squared": 105143, "computed_fourier_norm_squared": 76877.0, "measurements": 23808}