{"n": 500, "k": 30, "degree": 4, "C": 0.6, "ratio": 1.1, "sampling_factor": 2.888888888888889, "n_cores": 10, "wait_time": 1000, "time_uncached": 8658.73452925682, "time_cached": 8665.154610157013, "equality": false, "mse": 7531.0, "true_fourier_norm_squared": 100407, "computed_fourier_norm_squared": 97312.0, "measurements": 15040}