{"n": 50, "k": 30, "degree": 2, "C": 0.6, "ratio": 1.6, "sampling_factor": 1.0999999999999999, "n_cores": 10, "wait_time": 100, "time_uncached": 1.0637056827545166, "time_cached": 0.306887149810791, "equality": false, "mse": 5409.0, "true_fourier_norm_squared": 87728, "computed_fourier_norm_squared": 73247.0, "measurements": 1456}