{"n": 500, "k": 30, "degree": 2, "C": 1.2, "ratio": 3.0, "sampling_factor": 1.4000000000000001, "n_cores": 10, "wait_time": 100, "time_uncached": 21.918450355529785, "time_cached": 9.87832760810852, "equality": false, "mse": 784.0, "true_fourier_norm_squared": 85352, "computed_fourier_norm_squared": 84568.0, "measurements": 4000}