{"n": 500, "k": 30, "degree": 5, "C": 0.15, "ratio": 1.6, "sampling_factor": 0.6000000000000001, "n_cores": 10, "wait_time": 1000, "time_uncached": 3000.7667293548584, "time_cached": 3000.3339042663574, "equality": false, "mse": 99158.0, "true_fourier_norm_squared": 105143, "computed_fourier_norm_squared": 3969.0, "measurements": 188}