{"n": 500, "k": 30, "degree": 5, "C": 0.8, "ratio": 1.1, "sampling_factor": 0.4, "n_cores": 10, "wait_time": 1000, "time_uncached": 13322.537383794785, "time_cached": 12777.210442781448, "equality": false, "mse": 352088.0, "true_fourier_norm_squared": 105143, "computed_fourier_norm_squared": 327129.0, "measurements": 2976}