{"n": 500, "k": 30, "degree": 4, "C": 0.6, "ratio": 1.6, "sampling_factor": 1.6, "n_cores": 10, "wait_time": 1000, "time_uncached": 14156.308444976807, "time_cached": 14100.463861942291, "equality": false, "mse": 10491.0, "true_fourier_norm_squared": 100407, "computed_fourier_norm_squared": 93890.0, "measurements": 5880}