{"n": 500, "k": 30, "degree": 3, "C": 0.8, "ratio": 1.1, "sampling_factor": 0.2, "n_cores": 10, "wait_time": 100, "time_uncached": 4.078569412231445, "time_cached": 0.8680157661437988, "equality": false, "mse": 936244.0, "true_fourier_norm_squared": 124915, "computed_fourier_norm_squared": 837071.0, "measurements": 1056}