{"n": 500, "k": 30, "degree": 5, "C": 2.0, "ratio": 3.0, "sampling_factor": 0.4, "n_cores": 10, "wait_time": 1000, "time_uncached": 5773.926745414734, "time_cached": 6271.065871715546, "equality": false, "mse": 209708.0, "true_fourier_norm_squared": 105143, "computed_fourier_norm_squared": 188167.0, "measurements": 2976}