{"n": 500, "k": 30, "degree": 4, "C": 1.4, "ratio": 1.1, "sampling_factor": 0.4, "n_cores": 10, "wait_time": 1000, "time_uncached": 2291.136611223221, "time_cached": 2435.9853053092957, "equality": false, "mse": 907334.0, "true_fourier_norm_squared": 100407, "computed_fourier_norm_squared": 808323.0, "measurements": 5184}