{"n": 500, "k": 30, "degree": 5, "C": 1.2, "ratio": 1.6, "sampling_factor": 0.4, "n_cores": 10, "wait_time": 1000, "time_uncached": 9481.075901985168, "time_cached": 9102.967742919922, "equality": false, "mse": 483072.0, "true_fourier_norm_squared": 105143, "computed_fourier_norm_squared": 471253.0, "measurements": 3472}