{"n": 50, "k": 30, "degree": 2, "C": 0.4, "ratio": 3.0, "sampling_factor": 1.0999999999999999, "n_cores": 10, "wait_time": 100, "time_uncached": 0.45275306701660156, "time_cached": 0.21746253967285156, "equality": false, "mse": 58955.0, "true_fourier_norm_squared": 84008, "computed_fourier_norm_squared": 50951.0, "measurements": 416}