{"n": 500, "k": 30, "degree": 4, "C": 3.0, "ratio": 1.1, "sampling_factor": 0.6000000000000001, "n_cores": 10, "wait_time": 100, "time_uncached": 3793.463912963867, "time_cached": 3747.848674058914, "equality": false, "mse": 39862.0, "true_fourier_norm_squared": 96430, "computed_fourier_norm_squared": 56568.0, "measurements": 15360}