{"n": 500, "k": 30, "degree": 4, "C": 1.0, "ratio": 1.1, "sampling_factor": 3.7777777777777777, "n_cores": 10, "wait_time": 1000, "time_uncached": 2572.032158613205, "time_cached": 2527.1893746852875, "equality": false, "mse": 18.0, "true_fourier_norm_squared": 100407, "computed_fourier_norm_squared": 100089.0, "measurements": 23616}