{"n": 500, "k": 30, "degree": 4, "C": 2.0, "ratio": 1.6, "sampling_factor": 0.2, "n_cores": 10, "wait_time": 1000, "time_uncached": 10.331377744674683, "time_cached": 3.1547048091888428, "equality": false, "mse": 656575.0, "true_fourier_norm_squared": 100407, "computed_fourier_norm_squared": 556168.0, "measurements": 2240}