{"n": 500, "k": 30, "degree": 4, "C": 4.0, "ratio": 3.0, "sampling_factor": 5.111111111111111, "n_cores": 10, "wait_time": 1000, "time_uncached": 2340.0412101745605, "time_cached": 2035.0762276649475, "equality": true, "mse": 0.0, "true_fourier_norm_squared": 100407, "computed_fourier_norm_squared": 100407.0, "measurements": 69264}