{"n": 500, "k": 30, "degree": 3, "C": 1.2, "ratio": 1.6, "sampling_factor": 0.2, "n_cores": 10, "wait_time": 100, "time_uncached": 4.781188249588013, "time_cached": 1.0270705223083496, "equality": false, "mse": 868110.0, "true_fourier_norm_squared": 124915, "computed_fourier_norm_squared": 771441.0, "measurements": 1232}