{"n": 500, "k": 30, "degree": 5, "C": 1.6, "ratio": 3.0, "sampling_factor": 1.2, "n_cores": 10, "wait_time": 1000, "time_uncached": 14115.367367744446, "time_cached": 14091.748933792114, "equality": false, "mse": 52020.0, "true_fourier_norm_squared": 105143, "computed_fourier_norm_squared": 82927.0, "measurements": 7440}