{"n": 500, "k": 30, "degree": 2, "C": 0.2, "ratio": 1.1, "sampling_factor": 0.2, "n_cores": 10, "wait_time": 100, "time_uncached": 1.0867273807525635, "time_cached": 0.4532198905944824, "equality": false, "mse": 508026.0, "true_fourier_norm_squared": 88467, "computed_fourier_norm_squared": 430471.0, "measurements": 192}