{"n": 500, "k": 30, "degree": 5, "C": 1.2, "ratio": 1.1, "sampling_factor": 1.6, "n_cores": 10, "wait_time": 1000, "time_uncached": 18081.57948565483, "time_cached": 18601.240214824677, "equality": false, "mse": 15011.0, "true_fourier_norm_squared": 105143, "computed_fourier_norm_squared": 101388.0, "measurements": 19840}