{"n": 500, "k": 30, "degree": 4, "C": 1.0, "ratio": 1.6, "sampling_factor": 2.888888888888889, "n_cores": 10, "wait_time": 1000, "time_uncached": 6888.685578107834, "time_cached": 6610.135978937149, "equality": false, "mse": 1220.0, "true_fourier_norm_squared": 100407, "computed_fourier_norm_squared": 102869.0, "measurements": 15040}