{"n": 500, "k": 30, "degree": 4, "C": 0.1, "ratio": 1.6, "sampling_factor": 2.888888888888889, "n_cores": 10, "wait_time": 1000, "time_uncached": 3003.8208467960358, "time_cached": 3000.427855491638, "equality": false, "mse": 96123.0, "true_fourier_norm_squared": 100407, "computed_fourier_norm_squared": 10404.0, "measurements": 752}