{"n": 500, "k": 30, "degree": 4, "C": 1.0, "ratio": 3.0, "sampling_factor": 0.6000000000000001, "n_cores": 10, "wait_time": 1000, "time_uncached": 10524.922024965286, "time_cached": 10248.054306268692, "equality": false, "mse": 39148.0, "true_fourier_norm_squared": 100407, "computed_fourier_norm_squared": 121527.0, "measurements": 1920}