{"n": 500, "k": 30, "degree": 4, "C": 1.2, "ratio": 1.6, "sampling_factor": 0.6000000000000001, "n_cores": 10, "wait_time": 100, "time_uncached": 2942.56032037735, "time_cached": 2915.657803297043, "equality": false, "mse": 32496.0, "true_fourier_norm_squared": 96430, "computed_fourier_norm_squared": 76074.0, "measurements": 4480}