{"n": 500, "k": 30, "degree": 4, "C": 0.6, "ratio": 1.6, "sampling_factor": 3.333333333333333, "n_cores": 10, "wait_time": 1000, "time_uncached": 6597.776135444641, "time_cached": 6420.173662662506, "equality": false, "mse": 10668.0, "true_fourier_norm_squared": 100407, "computed_fourier_norm_squared": 122437.0, "measurements": 12152}