{"n": 500, "k": 30, "degree": 4, "C": 1.2, "ratio": 3.0, "sampling_factor": 0.4, "n_cores": 10, "wait_time": 1000, "time_uncached": 1329.415640115738, "time_cached": 1321.5902881622314, "equality": false, "mse": 358080.0, "true_fourier_norm_squared": 100407, "computed_fourier_norm_squared": 257673.0, "measurements": 2160}