{"n": 500, "k": 30, "degree": 4, "C": 1.4, "ratio": 3.0, "sampling_factor": 5.111111111111111, "n_cores": 10, "wait_time": 1000, "time_uncached": 1212.4682400226593, "time_cached": 1071.17001247406, "equality": false, "mse": 598.0, "true_fourier_norm_squared": 100407, "computed_fourier_norm_squared": 101097.0, "measurements": 26640}