{"n": 500, "k": 30, "degree": 5, "C": 1.4, "ratio": 3.0, "sampling_factor": 0.2, "n_cores": 10, "wait_time": 1000, "time_uncached": 6.325963258743286, "time_cached": 2.221956491470337, "equality": false, "mse": 460971.0, "true_fourier_norm_squared": 105143, "computed_fourier_norm_squared": 403816.0, "measurements": 1280}