{"n": 500, "k": 30, "degree": 3, "C": 1.0, "ratio": 3.0, "sampling_factor": 1.0, "n_cores": 10, "wait_time": 100, "time_uncached": 186.56704211235046, "time_cached": 170.3072612285614, "equality": false, "mse": 24190.0, "true_fourier_norm_squared": 128947, "computed_fourier_norm_squared": 136471.0, "measurements": 2496}