{"n": 500, "k": 30, "degree": 2, "C": 0.8, "ratio": 1.1, "sampling_factor": 0.6000000000000001, "n_cores": 10, "wait_time": 100, "time_uncached": 17.3599112033844, "time_cached": 9.774542570114136, "equality": false, "mse": 392.0, "true_fourier_norm_squared": 82520, "computed_fourier_norm_squared": 80588.0, "measurements": 2112}