{"n": 500, "k": 30, "degree": 4, "C": 1.0, "ratio": 1.6, "sampling_factor": 0.6000000000000001, "n_cores": 10, "wait_time": 100, "time_uncached": 2838.8446192741394, "time_cached": 2817.428216457367, "equality": false, "mse": 43609.0, "true_fourier_norm_squared": 96430, "computed_fourier_norm_squared": 49363.0, "measurements": 3200}