{"n": 500, "k": 30, "degree": 4, "C": 0.8, "ratio": 3.0, "sampling_factor": 5.111111111111111, "n_cores": 10, "wait_time": 1000, "time_uncached": 463.51643419265747, "time_cached": 430.9795341491699, "equality": false, "mse": 46150.0, "true_fourier_norm_squared": 100407, "computed_fourier_norm_squared": 54357.0, "measurements": 10656}