{"n": 500, "k": 30, "degree": 5, "C": 1.2, "ratio": 3.0, "sampling_factor": 0.6000000000000001, "n_cores": 10, "wait_time": 1000, "time_uncached": 22020.710563659668, "time_cached": 22002.31609082222, "equality": false, "mse": 56839.0, "true_fourier_norm_squared": 105143, "computed_fourier_norm_squared": 47462.0, "measurements": 3760}