{"n": 500, "k": 30, "degree": 4, "C": 1.2, "ratio": 1.1, "sampling_factor": 5.555555555555555, "n_cores": 10, "wait_time": 1000, "time_uncached": 2151.873118162155, "time_cached": 1818.8464679718018, "equality": true, "mse": 0.0, "true_fourier_norm_squared": 100407, "computed_fourier_norm_squared": 100407.0, "measurements": 57920}