{"n": 500, "k": 30, "degree": 5, "C": 1.4, "ratio": 3.0, "sampling_factor": 2.0, "n_cores": 10, "wait_time": 1000, "time_uncached": 7831.250417709351, "time_cached": 7890.701222896576, "equality": false, "mse": 28392.0, "true_fourier_norm_squared": 113260, "computed_fourier_norm_squared": 84756.0, "measurements": 12400}