{"n": 500, "k": 30, "degree": 4, "C": 2.0, "ratio": 1.6, "sampling_factor": 1.4000000000000001, "n_cores": 10, "wait_time": 100, "time_uncached": 2231.6212327480316, "time_cached": 2115.4347681999207, "equality": false, "mse": 12499.0, "true_fourier_norm_squared": 96430, "computed_fourier_norm_squared": 98615.0, "measurements": 14720}