{"n": 500, "k": 30, "degree": 4, "C": 0.4, "ratio": 1.6, "sampling_factor": 4.666666666666666, "n_cores": 10, "wait_time": 1000, "time_uncached": 6053.011362314224, "time_cached": 6037.84862112999, "equality": false, "mse": 16633.0, "true_fourier_norm_squared": 100407, "computed_fourier_norm_squared": 86606.0, "measurements": 9728}