{"n": 500, "k": 30, "degree": 5, "C": 0.1, "ratio": 1.6, "sampling_factor": 0.2, "n_cores": 10, "wait_time": 1000, "time_uncached": 0.8603081703186035, "time_cached": 0.4993901252746582, "equality": false, "mse": 263712.0, "true_fourier_norm_squared": 105143, "computed_fourier_norm_squared": 158569.0, "measurements": 64}