{"n": 500, "k": 30, "degree": 4, "C": 1.4, "ratio": 3.0, "sampling_factor": 3.333333333333333, "n_cores": 10, "wait_time": 1000, "time_uncached": 5563.129603624344, "time_cached": 5453.30281662941, "equality": false, "mse": 18.0, "true_fourier_norm_squared": 100407, "computed_fourier_norm_squared": 100521.0, "measurements": 17360}