{"n": 500, "k": 30, "degree": 4, "C": 0.8, "ratio": 1.6, "sampling_factor": 2.4444444444444446, "n_cores": 10, "wait_time": 1000, "time_uncached": 6688.57607126236, "time_cached": 6542.322304725647, "equality": false, "mse": 9254.0, "true_fourier_norm_squared": 100407, "computed_fourier_norm_squared": 92509.0, "measurements": 10176}