{"n": 500, "k": 30, "degree": 4, "C": 1.4, "ratio": 3.0, "sampling_factor": 1.0, "n_cores": 10, "wait_time": 1000, "time_uncached": 11232.999548435211, "time_cached": 11445.964893817902, "equality": false, "mse": 37367.0, "true_fourier_norm_squared": 100407, "computed_fourier_norm_squared": 51428.0, "measurements": 5280}