{"n": 500, "k": 30, "degree": 4, "C": 1.4, "ratio": 1.6, "sampling_factor": 2.0, "n_cores": 10, "wait_time": 1000, "time_uncached": 10227.44981598854, "time_cached": 10399.710398435593, "equality": false, "mse": 1125.0, "true_fourier_norm_squared": 100407, "computed_fourier_norm_squared": 102594.0, "measurements": 16768}