{"n": 500, "k": 30, "degree": 3, "C": 0.6, "ratio": 3.0, "sampling_factor": 0.6000000000000001, "n_cores": 10, "wait_time": 100, "time_uncached": 82.73210835456848, "time_cached": 73.07568097114563, "equality": false, "mse": 45482.0, "true_fourier_norm_squared": 124915, "computed_fourier_norm_squared": 108477.0, "measurements": 992}