{"n": 500, "k": 30, "degree": 4, "C": 2.0, "ratio": 3.0, "sampling_factor": 3.7777777777777777, "n_cores": 10, "wait_time": 1000, "time_uncached": 1595.8794951438904, "time_cached": 1635.797669172287, "equality": false, "mse": 644.0, "true_fourier_norm_squared": 100407, "computed_fourier_norm_squared": 105283.0, "measurements": 23616}