{"n": 500, "k": 30, "degree": 5, "C": 1.6, "ratio": 1.6, "sampling_factor": 0.2, "n_cores": 10, "wait_time": 1000, "time_uncached": 13.005561590194702, "time_cached": 5.263612747192383, "equality": false, "mse": 555530.0, "true_fourier_norm_squared": 105143, "computed_fourier_norm_squared": 506177.0, "measurements": 2048}