{"n": 500, "k": 30, "degree": 5, "C": 1.4, "ratio": 1.1, "sampling_factor": 0.4, "n_cores": 10, "wait_time": 1000, "time_uncached": 12906.002403974533, "time_cached": 13091.312811613083, "equality": false, "mse": 309325.0, "true_fourier_norm_squared": 105143, "computed_fourier_norm_squared": 319160.0, "measurements": 5952}