{"n": 500, "k": 30, "degree": 4, "C": 3.0, "ratio": 1.6, "sampling_factor": 0.8, "n_cores": 10, "wait_time": 100, "time_uncached": 3601.0076084136963, "time_cached": 3541.2388710975647, "equality": false, "mse": 40775.0, "true_fourier_norm_squared": 94901, "computed_fourier_norm_squared": 53314.0, "measurements": 13568}