{"n": 500, "k": 30, "degree": 5, "C": 1.0, "ratio": 1.1, "sampling_factor": 1.6, "n_cores": 10, "wait_time": 1000, "time_uncached": 13157.693455219269, "time_cached": 14329.720458507538, "equality": false, "mse": 14281.0, "true_fourier_norm_squared": 113260, "computed_fourier_norm_squared": 105185.0, "measurements": 11904}