{"n": 500, "k": 30, "degree": 4, "C": 2.0, "ratio": 3.0, "sampling_factor": 3.333333333333333, "n_cores": 10, "wait_time": 1000, "time_uncached": 2303.1318051815033, "time_cached": 2232.9331760406494, "equality": false, "mse": 1122.0, "true_fourier_norm_squared": 100407, "computed_fourier_norm_squared": 95203.0, "measurements": 20832}