{"n": 500, "k": 30, "degree": 2, "C": 0.8, "ratio": 1.6, "sampling_factor": 1.4000000000000001, "n_cores": 10, "wait_time": 100, "time_uncached": 26.76537775993347, "time_cached": 17.59643054008484, "equality": false, "mse": 5851.0, "true_fourier_norm_squared": 85352, "computed_fourier_norm_squared": 77725.0, "measurements": 3200}