{"n": 500, "k": 30, "degree": 4, "C": 0.05, "ratio": 1.6, "sampling_factor": 1.4000000000000001, "n_cores": 10, "wait_time": 1000, "time_uncached": 3.0994415283203125e-05, "time_cached": 1.2636184692382812e-05, "equality": false, "mse": 100407, "true_fourier_norm_squared": 100407, "computed_fourier_norm_squared": 0, "measurements": 0}