{"n": 500, "k": 30, "degree": 3, "C": 0.6, "ratio": 3.0, "sampling_factor": 0.2, "n_cores": 10, "wait_time": 100, "time_uncached": 2.6918821334838867, "time_cached": 0.5551161766052246, "equality": false, "mse": 166328.0, "true_fourier_norm_squared": 124915, "computed_fourier_norm_squared": 62129.0, "measurements": 352}