{"n": 500, "k": 30, "degree": 4, "C": 0.4, "ratio": 1.1, "sampling_factor": 0.2, "n_cores": 10, "wait_time": 1000, "time_uncached": 3.8069632053375244, "time_cached": 1.6684157848358154, "equality": false, "mse": 752670.0, "true_fourier_norm_squared": 100407, "computed_fourier_norm_squared": 652263.0, "measurements": 672}