{"n": 500, "k": 30, "degree": 5, "C": 1.2, "ratio": 1.1, "sampling_factor": 1.0, "n_cores": 10, "wait_time": 1000, "time_uncached": 23906.904316186905, "time_cached": 23685.93615436554, "equality": false, "mse": 17255.0, "true_fourier_norm_squared": 105143, "computed_fourier_norm_squared": 87888.0, "measurements": 12480}