{"n": 500, "k": 30, "degree": 4, "C": 0.4, "ratio": 1.1, "sampling_factor": 1.4000000000000001, "n_cores": 10, "wait_time": 1000, "time_uncached": 15253.37067079544, "time_cached": 15135.521547555923, "equality": false, "mse": 24060.0, "true_fourier_norm_squared": 100407, "computed_fourier_norm_squared": 116965.0, "measurements": 4416}