{"n": 500, "k": 30, "degree": 4, "C": 1.0, "ratio": 3.0, "sampling_factor": 4.222222222222222, "n_cores": 10, "wait_time": 1000, "time_uncached": 2397.442992925644, "time_cached": 2332.6261970996857, "equality": false, "mse": 14836.0, "true_fourier_norm_squared": 100407, "computed_fourier_norm_squared": 102025.0, "measurements": 13200}