{"n": 50, "k": 30, "degree": 2, "C": 0.05, "ratio": 1.6, "sampling_factor": 1.0999999999999999, "n_cores": 10, "wait_time": 100, "time_uncached": 3.3855438232421875e-05, "time_cached": 1.2159347534179688e-05, "equality": false, "mse": 97940, "true_fourier_norm_squared": 97940, "computed_fourier_norm_squared": 0, "measurements": 0}