{"n": 500, "k": 30, "degree": 5, "C": 0.8, "ratio": 1.6, "sampling_factor": 1.4000000000000001, "n_cores": 10, "wait_time": 1000, "time_uncached": 19113.180927038193, "time_cached": 19144.759371757507, "equality": false, "mse": 39060.0, "true_fourier_norm_squared": 105143, "computed_fourier_norm_squared": 110385.0, "measurements": 6912}