{"n": 500, "k": 30, "degree": 4, "C": 1.6, "ratio": 3.0, "sampling_factor": 3.333333333333333, "n_cores": 10, "wait_time": 1000, "time_uncached": 3657.1714963912964, "time_cached": 3545.7528195381165, "equality": false, "mse": 738.0, "true_fourier_norm_squared": 100407, "computed_fourier_norm_squared": 98007.0, "measurements": 17360}