{"n": 500, "k": 30, "degree": 4, "C": 0.8, "ratio": 1.1, "sampling_factor": 5.555555555555555, "n_cores": 10, "wait_time": 1000, "time_uncached": 3660.3754477500916, "time_cached": 3649.691953420639, "equality": true, "mse": 0.0, "true_fourier_norm_squared": 100407, "computed_fourier_norm_squared": 100407.0, "measurements": 34752}