{"n": 500, "k": 30, "degree": 4, "C": 1.0, "ratio": 3.0, "sampling_factor": 4.666666666666666, "n_cores": 10, "wait_time": 1000, "time_uncached": 3148.503798007965, "time_cached": 3161.7975614070892, "equality": false, "mse": 4224.0, "true_fourier_norm_squared": 100407, "computed_fourier_norm_squared": 97385.0, "measurements": 14592}