{"n": 500, "k": 30, "degree": 2, "C": 0.15, "ratio": 1.6, "sampling_factor": 0.2, "n_cores": 10, "wait_time": 100, "time_uncached": 0.22223138809204102, "time_cached": 0.16099214553833008, "equality": false, "mse": 118342.0, "true_fourier_norm_squared": 85352, "computed_fourier_norm_squared": 32990.0, "measurements": 32}