{"n": 500, "k": 30, "degree": 3, "C": 0.2, "ratio": 1.6, "sampling_factor": 1.4000000000000001, "n_cores": 10, "wait_time": 100, "time_uncached": 128.64141130447388, "time_cached": 124.11207675933838, "equality": false, "mse": 115056.0, "true_fourier_norm_squared": 124915, "computed_fourier_norm_squared": 5889.0, "measurements": 864}