{"n": 500, "k": 30, "degree": 4, "C": 1.8, "ratio": 3.0, "sampling_factor": 5.555555555555555, "n_cores": 10, "wait_time": 1000, "time_uncached": 2693.3424854278564, "time_cached": 2558.177264690399, "equality": false, "mse": 288.0, "true_fourier_norm_squared": 100407, "computed_fourier_norm_squared": 102639.0, "measurements": 34752}