{"n": 500, "k": 30, "degree": 3, "C": 1.0, "ratio": 3.0, "sampling_factor": 0.8, "n_cores": 10, "wait_time": 100, "time_uncached": 147.2756576538086, "time_cached": 148.36892747879028, "equality": false, "mse": 16945.0, "true_fourier_norm_squared": 124915, "computed_fourier_norm_squared": 116206.0, "measurements": 1968}