{"n": 500, "k": 30, "degree": 3, "C": 1.6, "ratio": 1.1, "sampling_factor": 0.2, "n_cores": 10, "wait_time": 100, "time_uncached": 14.170205116271973, "time_cached": 2.3801426887512207, "equality": false, "mse": 737328.0, "true_fourier_norm_squared": 124915, "computed_fourier_norm_squared": 639499.0, "measurements": 2112}