{"n": 500, "k": 30, "degree": 4, "C": 0.15, "ratio": 3.0, "sampling_factor": 2.4444444444444446, "n_cores": 10, "wait_time": 1000, "time_uncached": 3.24249267578125e-05, "time_cached": 1.3828277587890625e-05, "equality": false, "mse": 100407, "true_fourier_norm_squared": 100407, "computed_fourier_norm_squared": 0, "measurements": 0}