{"n": 500, "k": 30, "degree": 5, "C": 0.4, "ratio": 1.1, "sampling_factor": 0.2, "n_cores": 10, "wait_time": 1000, "time_uncached": 6.027419328689575, "time_cached": 3.0947775840759277, "equality": false, "mse": 738728.0, "true_fourier_norm_squared": 105143, "computed_fourier_norm_squared": 652571.0, "measurements": 768}