{"n": 500, "k": 30, "degree": 4, "C": 0.6, "ratio": 3.0, "sampling_factor": 6.0, "n_cores": 10, "wait_time": 1000, "time_uncached": 2767.4813356399536, "time_cached": 2514.491174697876, "equality": false, "mse": 43183.0, "true_fourier_norm_squared": 100407, "computed_fourier_norm_squared": 73222.0, "measurements": 12512}