{"n": 500, "k": 30, "degree": 2, "C": 0.1, "ratio": 1.1, "sampling_factor": 1.4000000000000001, "n_cores": 10, "wait_time": 100, "time_uncached": 16.547409534454346, "time_cached": 14.011541604995728, "equality": false, "mse": 78463.0, "true_fourier_norm_squared": 85352, "computed_fourier_norm_squared": 6889.0, "measurements": 600}