{"n": 500, "k": 30, "degree": 2, "C": 1.0, "ratio": 1.1, "sampling_factor": 0.2, "n_cores": 10, "wait_time": 100, "time_uncached": 3.9418888092041016, "time_cached": 1.1720952987670898, "equality": false, "mse": 597442.0, "true_fourier_norm_squared": 85352, "computed_fourier_norm_squared": 520158.0, "measurements": 768}