{"n": 500, "k": 30, "degree": 5, "C": 3.0, "ratio": 3.0, "sampling_factor": 1.4000000000000001, "n_cores": 10, "wait_time": 1000, "time_uncached": 9315.616621732712, "time_cached": 9253.115705251694, "equality": false, "mse": 9102.0, "true_fourier_norm_squared": 105143, "computed_fourier_norm_squared": 96041.0, "measurements": 19008}