{"n": 500, "k": 30, "degree": 4, "C": 1.0, "ratio": 1.6, "sampling_factor": 1.6, "n_cores": 10, "wait_time": 1000, "time_uncached": 10933.296262979507, "time_cached": 12146.61928987503, "equality": false, "mse": 1748.0, "true_fourier_norm_squared": 100407, "computed_fourier_norm_squared": 108375.0, "measurements": 8400}