{"n": 50, "k": 30, "degree": 2, "C": 0.6, "ratio": 3.0, "sampling_factor": 0.2, "n_cores": 10, "wait_time": 100, "time_uncached": 0.14976096153259277, "time_cached": 0.061319589614868164, "equality": false, "mse": 130292.0, "true_fourier_norm_squared": 99370, "computed_fourier_norm_squared": 62258.0, "measurements": 160}