{"n": 500, "k": 30, "degree": 4, "C": 3.0, "ratio": 3.0, "sampling_factor": 1.8, "n_cores": 10, "wait_time": 1000, "time_uncached": 8449.640934467316, "time_cached": 8200.655727148056, "equality": false, "mse": 1712.0, "true_fourier_norm_squared": 100407, "computed_fourier_norm_squared": 107527.0, "measurements": 20768}