{"n": 500, "k": 30, "degree": 2, "C": 0.2, "ratio": 3.0, "sampling_factor": 1.4000000000000001, "n_cores": 10, "wait_time": 100, "time_uncached": 3.7670135498046875e-05, "time_cached": 1.430511474609375e-05, "equality": false, "mse": 85352, "true_fourier_norm_squared": 85352, "computed_fourier_norm_squared": 0, "measurements": 0}