{"n": 500, "k": 30, "degree": 4, "C": 0.15, "ratio": 1.1, "sampling_factor": 2.4444444444444446, "n_cores": 10, "wait_time": 1000, "time_uncached": 11064.000749826431, "time_cached": 11001.36929655075, "equality": false, "mse": 96531.0, "true_fourier_norm_squared": 100407, "computed_fourier_norm_squared": 1156.0, "measurements": 1908}