{"n": 500, "k": 30, "degree": 4, "C": 0.6, "ratio": 1.6, "sampling_factor": 4.222222222222222, "n_cores": 10, "wait_time": 1000, "time_uncached": 6601.763339042664, "time_cached": 6654.818901538849, "equality": false, "mse": 8978.0, "true_fourier_norm_squared": 100407, "computed_fourier_norm_squared": 109677.0, "measurements": 15400}