{"n": 500, "k": 30, "degree": 4, "C": 1.0, "ratio": 1.1, "sampling_factor": 0.4, "n_cores": 10, "wait_time": 1000, "time_uncached": 1044.5918309688568, "time_cached": 1074.329220533371, "equality": false, "mse": 668297.0, "true_fourier_norm_squared": 100407, "computed_fourier_norm_squared": 567890.0, "measurements": 2592}