{"n": 500, "k": 30, "degree": 4, "C": 0.2, "ratio": 1.6, "sampling_factor": 0.4, "n_cores": 10, "wait_time": 1000, "time_uncached": 297.7866954803467, "time_cached": 291.04163575172424, "equality": false, "mse": 348204.0, "true_fourier_norm_squared": 100407, "computed_fourier_norm_squared": 247797.0, "measurements": 324}