{"n": 500, "k": 30, "degree": 5, "C": 0.2, "ratio": 1.6, "sampling_factor": 0.2, "n_cores": 10, "wait_time": 1000, "time_uncached": 1.5782859325408936, "time_cached": 0.8568599224090576, "equality": false, "mse": 543668.0, "true_fourier_norm_squared": 105143, "computed_fourier_norm_squared": 438525.0, "measurements": 192}