{"n": 500, "k": 30, "degree": 5, "C": 1.4, "ratio": 3.0, "sampling_factor": 1.2, "n_cores": 10, "wait_time": 1000, "time_uncached": 16039.07756638527, "time_cached": 16015.577918767929, "equality": false, "mse": 39319.0, "true_fourier_norm_squared": 105143, "computed_fourier_norm_squared": 70700.0, "measurements": 7440}