{"n": 500, "k": 30, "degree": 2, "C": 1.0, "ratio": 1.1, "sampling_factor": 1.4000000000000001, "n_cores": 10, "wait_time": 100, "time_uncached": 51.791237592697144, "time_cached": 24.254955291748047, "equality": false, "mse": 651.0, "true_fourier_norm_squared": 89523, "computed_fourier_norm_squared": 91384.0, "measurements": 4800}