{"n": 500, "k": 30, "degree": 4, "C": 0.4, "ratio": 1.1, "sampling_factor": 3.333333333333333, "n_cores": 10, "wait_time": 1000, "time_uncached": 7205.6140396595, "time_cached": 7285.206158399582, "equality": false, "mse": 5477.0, "true_fourier_norm_squared": 100407, "computed_fourier_norm_squared": 96490.0, "measurements": 10416}