{"n": 500, "k": 30, "degree": 4, "C": 0.4, "ratio": 1.1, "sampling_factor": 5.555555555555555, "n_cores": 10, "wait_time": 1000, "time_uncached": 4062.3544886112213, "time_cached": 4015.4020528793335, "equality": false, "mse": 2052.0, "true_fourier_norm_squared": 100407, "computed_fourier_norm_squared": 103725.0, "measurements": 17376}