{"n": 500, "k": 30, "degree": 2, "C": 1.8, "ratio": 3.0, "sampling_factor": 2.0, "n_cores": 10, "wait_time": 100, "time_uncached": 51.131842374801636, "time_cached": 27.974144220352173, "equality": false, "mse": 14953.0, "true_fourier_norm_squared": 85352, "computed_fourier_norm_squared": 108211.0, "measurements": 6816}