{"n": 500, "k": 30, "degree": 5, "C": 1.2, "ratio": 3.0, "sampling_factor": 0.2, "n_cores": 10, "wait_time": 1000, "time_uncached": 11.705393314361572, "time_cached": 4.087366819381714, "equality": false, "mse": 203714.0, "true_fourier_norm_squared": 105143, "computed_fourier_norm_squared": 161801.0, "measurements": 1280}