{"n": 500, "k": 30, "degree": 5, "C": 3.0, "ratio": 1.1, "sampling_factor": 2.0, "n_cores": 10, "wait_time": 1000, "time_uncached": 9722.547928094864, "time_cached": 9700.602792263031, "equality": false, "mse": 1768.0, "true_fourier_norm_squared": 106623, "computed_fourier_norm_squared": 104855.0, "measurements": 59520}