{"n": 500, "k": 30, "degree": 5, "C": 1.0, "ratio": 3.0, "sampling_factor": 1.0, "n_cores": 10, "wait_time": 1000, "time_uncached": 14014.900010824203, "time_cached": 14001.727545022964, "equality": false, "mse": 63331.0, "true_fourier_norm_squared": 105143, "computed_fourier_norm_squared": 80168.0, "measurements": 3744}