{"n": 500, "k": 30, "degree": 5, "C": 1.2, "ratio": 3.0, "sampling_factor": 1.8, "n_cores": 10, "wait_time": 1000, "time_uncached": 8717.408693313599, "time_cached": 8617.649287939072, "equality": false, "mse": 34300.0, "true_fourier_norm_squared": 105143, "computed_fourier_norm_squared": 71013.0, "measurements": 11120}