{"n": 500, "k": 30, "degree": 4, "C": 2.0, "ratio": 1.1, "sampling_factor": 1.2, "n_cores": 10, "wait_time": 1000, "time_uncached": 11280.614915132523, "time_cached": 11476.090154647827, "equality": false, "mse": 1521.0, "true_fourier_norm_squared": 100407, "computed_fourier_norm_squared": 100470.0, "measurements": 15168}