{"n": 500, "k": 30, "degree": 5, "C": 0.1, "ratio": 1.1, "sampling_factor": 1.4000000000000001, "n_cores": 10, "wait_time": 1000, "time_uncached": 12005.650664329529, "time_cached": 12001.314229249954, "equality": false, "mse": 105143, "true_fourier_norm_squared": 105143, "computed_fourier_norm_squared": 0, "measurements": 1296}