{"n": 500, "k": 30, "degree": 4, "C": 0.8, "ratio": 3.0, "sampling_factor": 3.333333333333333, "n_cores": 10, "wait_time": 1000, "time_uncached": 1600.2253303527832, "time_cached": 1593.8880648612976, "equality": false, "mse": 34684.0, "true_fourier_norm_squared": 100407, "computed_fourier_norm_squared": 76943.0, "measurements": 6944}