{"n": 500, "k": 30, "degree": 2, "C": 3.0, "ratio": 3.0, "sampling_factor": 1.4000000000000001, "n_cores": 10, "wait_time": 100, "time_uncached": 63.117937326431274, "time_cached": 10.80120038986206, "equality": true, "mse": 0.0, "true_fourier_norm_squared": 82520, "computed_fourier_norm_squared": 82520.0, "measurements": 8800}