{"n": 500, "k": 30, "degree": 5, "C": 0.6, "ratio": 3.0, "sampling_factor": 0.4, "n_cores": 10, "wait_time": 1000, "time_uncached": 2923.985267162323, "time_cached": 3043.4551870822906, "equality": false, "mse": 145720.0, "true_fourier_norm_squared": 106798, "computed_fourier_norm_squared": 95256.0, "measurements": 992}