{"n": 500, "k": 30, "degree": 2, "C": 3.0, "ratio": 1.6, "sampling_factor": 0.6000000000000001, "n_cores": 10, "wait_time": 100, "time_uncached": 24.52924418449402, "time_cached": 7.328235864639282, "equality": true, "mse": 0.0, "true_fourier_norm_squared": 85352, "computed_fourier_norm_squared": 85352.0, "measurements": 5632}