{"n": 500, "k": 30, "degree": 4, "C": 1.0, "ratio": 1.6, "sampling_factor": 0.4, "n_cores": 10, "wait_time": 1000, "time_uncached": 1154.633118391037, "time_cached": 1153.8997230529785, "equality": false, "mse": 756393.0, "true_fourier_norm_squared": 100407, "computed_fourier_norm_squared": 658146.0, "measurements": 2160}