{"n": 500, "k": 30, "degree": 4, "C": 1.2, "ratio": 3.0, "sampling_factor": 2.888888888888889, "n_cores": 10, "wait_time": 1000, "time_uncached": 6472.969355106354, "time_cached": 6120.456837654114, "equality": false, "mse": 12152.0, "true_fourier_norm_squared": 100407, "computed_fourier_norm_squared": 77179.0, "measurements": 15040}