{"n": 500, "k": 30, "degree": 5, "C": 1.8, "ratio": 1.1, "sampling_factor": 0.8, "n_cores": 10, "wait_time": 1000, "time_uncached": 24109.46892428398, "time_cached": 24063.284359693527, "equality": false, "mse": 31166.0, "true_fourier_norm_squared": 105143, "computed_fourier_norm_squared": 73977.0, "measurements": 11904}