{"n": 500, "k": 30, "degree": 5, "C": 2.0, "ratio": 1.1, "sampling_factor": 0.8, "n_cores": 10, "wait_time": 1000, "time_uncached": 36061.49695062637, "time_cached": 36018.90335059166, "equality": false, "mse": 60779.0, "true_fourier_norm_squared": 105143, "computed_fourier_norm_squared": 44420.0, "measurements": 11904}