{"n": 500, "k": 30, "degree": 4, "C": 2.0, "ratio": 1.6, "sampling_factor": 1.2, "n_cores": 10, "wait_time": 1000, "time_uncached": 11892.944153785706, "time_cached": 12165.080919981003, "equality": false, "mse": 4240.0, "true_fourier_norm_squared": 100407, "computed_fourier_norm_squared": 96167.0, "measurements": 12640}