{"n": 500, "k": 30, "degree": 4, "C": 4.0, "ratio": 1.6, "sampling_factor": 5.555555555555555, "n_cores": 10, "wait_time": 1000, "time_uncached": 3479.7079322338104, "time_cached": 3092.0419034957886, "equality": true, "mse": 0.0, "true_fourier_norm_squared": 100407, "computed_fourier_norm_squared": 100407.0, "measurements": 115840}