{"n": 500, "k": 30, "degree": 2, "C": 0.4, "ratio": 1.6, "sampling_factor": 1.4000000000000001, "n_cores": 10, "wait_time": 100, "time_uncached": 18.650350332260132, "time_cached": 13.605547428131104, "equality": false, "mse": 24716.0, "true_fourier_norm_squared": 85352, "computed_fourier_norm_squared": 58924.0, "measurements": 1600}