{"n": 500, "k": 30, "degree": 4, "C": 1.0, "ratio": 3.0, "sampling_factor": 3.333333333333333, "n_cores": 10, "wait_time": 1000, "time_uncached": 3193.330837249756, "time_cached": 3411.548080444336, "equality": false, "mse": 8920.0, "true_fourier_norm_squared": 100407, "computed_fourier_norm_squared": 90081.0, "measurements": 10416}