{"n": 500, "k": 30, "degree": 5, "C": 1.0, "ratio": 3.0, "sampling_factor": 1.6, "n_cores": 10, "wait_time": 1000, "time_uncached": 10401.291833162308, "time_cached": 10334.443259477615, "equality": false, "mse": 40890.0, "true_fourier_norm_squared": 105143, "computed_fourier_norm_squared": 85691.0, "measurements": 5952}