{"n": 500, "k": 30, "degree": 2, "C": 3.0, "ratio": 1.6, "sampling_factor": 1.4000000000000001, "n_cores": 10, "wait_time": 100, "time_uncached": 56.412105321884155, "time_cached": 11.658915996551514, "equality": true, "mse": 0.0, "true_fourier_norm_squared": 85352, "computed_fourier_norm_squared": 85352.0, "measurements": 12800}