{"n": 500, "k": 30, "degree": 4, "C": 0.6, "ratio": 1.1, "sampling_factor": 4.666666666666666, "n_cores": 10, "wait_time": 1000, "time_uncached": 4597.4195165634155, "time_cached": 4479.487759590149, "equality": false, "mse": 694.0, "true_fourier_norm_squared": 100407, "computed_fourier_norm_squared": 106683.0, "measurements": 24320}