{"n": 500, "k": 30, "degree": 5, "C": 0.4, "ratio": 3.0, "sampling_factor": 0.6000000000000001, "n_cores": 10, "wait_time": 1000, "time_uncached": 10003.344631671906, "time_cached": 10001.077873706818, "equality": false, "mse": 91354.0, "true_fourier_norm_squared": 105143, "computed_fourier_norm_squared": 31879.0, "measurements": 752}