{"n": 500, "k": 30, "degree": 5, "C": 1.6, "ratio": 1.1, "sampling_factor": 0.2, "n_cores": 10, "wait_time": 1000, "time_uncached": 15.877151489257812, "time_cached": 6.537306070327759, "equality": false, "mse": 785928.0, "true_fourier_norm_squared": 105143, "computed_fourier_norm_squared": 749363.0, "measurements": 3072}