{"n": 500, "k": 30, "degree": 3, "C": 1.4, "ratio": 1.6, "sampling_factor": 1.4000000000000001, "n_cores": 10, "wait_time": 100, "time_uncached": 238.83499240875244, "time_cached": 205.06774735450745, "equality": true, "mse": 0.0, "true_fourier_norm_squared": 124915, "computed_fourier_norm_squared": 124915.0, "measurements": 9216}