{"n": 50, "k": 30, "degree": 2, "C": 0.15, "ratio": 1.6, "sampling_factor": 0.2, "n_cores": 10, "wait_time": 100, "time_uncached": 0.04157614707946777, "time_cached": 0.026480674743652344, "equality": false, "mse": 155262.0, "true_fourier_norm_squared": 88467, "computed_fourier_norm_squared": 68517.0, "measurements": 20}