{"n": 500, "k": 30, "degree": 5, "C": 1.2, "ratio": 1.6, "sampling_factor": 1.6, "n_cores": 10, "wait_time": 1000, "time_uncached": 19548.166950941086, "time_cached": 19617.19033384323, "equality": false, "mse": 11799.0, "true_fourier_norm_squared": 105143, "computed_fourier_norm_squared": 101922.0, "measurements": 13888}