{"n": 500, "k": 30, "degree": 5, "C": 0.1, "ratio": 1.1, "sampling_factor": 0.2, "n_cores": 10, "wait_time": 1000, "time_uncached": 3.4919917583465576, "time_cached": 2.3190455436706543, "equality": false, "mse": 393322.0, "true_fourier_norm_squared": 105143, "computed_fourier_norm_squared": 288179.0, "measurements": 192}