{"n": 500, "k": 30, "degree": 4, "C": 1.2, "ratio": 1.1, "sampling_factor": 2.4444444444444446, "n_cores": 10, "wait_time": 1000, "time_uncached": 5016.333742856979, "time_cached": 5085.139657974243, "equality": false, "mse": 144.0, "true_fourier_norm_squared": 100407, "computed_fourier_norm_squared": 100095.0, "measurements": 25440}