{"n": 500, "k": 30, "degree": 5, "C": 1.0, "ratio": 3.0, "sampling_factor": 1.8, "n_cores": 10, "wait_time": 1000, "time_uncached": 12503.3774766922, "time_cached": 12469.702524900436, "equality": false, "mse": 48367.0, "true_fourier_norm_squared": 113260, "computed_fourier_norm_squared": 109805.0, "measurements": 6672}