{"n": 500, "k": 30, "degree": 4, "C": 2.0, "ratio": 3.0, "sampling_factor": 0.2, "n_cores": 10, "wait_time": 1000, "time_uncached": 5.983253717422485, "time_cached": 1.7750132083892822, "equality": false, "mse": 334988.0, "true_fourier_norm_squared": 100407, "computed_fourier_norm_squared": 234581.0, "measurements": 1344}