{"n": 500, "k": 30, "degree": 2, "C": 0.2, "ratio": 1.1, "sampling_factor": 0.6000000000000001, "n_cores": 10, "wait_time": 100, "time_uncached": 11.52992868423462, "time_cached": 9.76993179321289, "equality": false, "mse": 62358.0, "true_fourier_norm_squared": 85352, "computed_fourier_norm_squared": 29784.0, "measurements": 528}