{"n": 500, "k": 30, "degree": 4, "C": 1.0, "ratio": 3.0, "sampling_factor": 2.4444444444444446, "n_cores": 10, "wait_time": 1000, "time_uncached": 5431.5871160030365, "time_cached": 5401.182620048523, "equality": false, "mse": 23550.0, "true_fourier_norm_squared": 100407, "computed_fourier_norm_squared": 93217.0, "measurements": 7632}