{"n": 500, "k": 30, "degree": 5, "C": 1.0, "ratio": 3.0, "sampling_factor": 0.4, "n_cores": 10, "wait_time": 1000, "time_uncached": 8008.961239814758, "time_cached": 7986.66179728508, "equality": false, "mse": 172559.0, "true_fourier_norm_squared": 105143, "computed_fourier_norm_squared": 143230.0, "measurements": 1488}