{"n": 500, "k": 30, "degree": 4, "C": 0.6, "ratio": 3.0, "sampling_factor": 1.6, "n_cores": 10, "wait_time": 1000, "time_uncached": 5978.249946117401, "time_cached": 6502.9301834106445, "equality": false, "mse": 45675.0, "true_fourier_norm_squared": 100407, "computed_fourier_norm_squared": 94292.0, "measurements": 3360}