{"n": 500, "k": 30, "degree": 3, "C": 0.2, "ratio": 1.6, "sampling_factor": 0.2, "n_cores": 10, "wait_time": 100, "time_uncached": 0.9695863723754883, "time_cached": 0.15412116050720215, "equality": false, "mse": 260464.0, "true_fourier_norm_squared": 124915, "computed_fourier_norm_squared": 135549.0, "measurements": 132}