{"n": 500, "k": 30, "degree": 4, "C": 0.1, "ratio": 1.6, "sampling_factor": 4.666666666666666, "n_cores": 10, "wait_time": 1000, "time_uncached": 4006.0177924633026, "time_cached": 4000.489296913147, "equality": false, "mse": 100407, "true_fourier_norm_squared": 100407, "computed_fourier_norm_squared": 0, "measurements": 1216}