{"n": 500, "k": 30, "degree": 4, "C": 1.4, "ratio": 3.0, "sampling_factor": 3.7777777777777777, "n_cores": 10, "wait_time": 1000, "time_uncached": 3896.963486433029, "time_cached": 3823.583873987198, "equality": false, "mse": 3798.0, "true_fourier_norm_squared": 100407, "computed_fourier_norm_squared": 95541.0, "measurements": 19680}