{"n": 500, "k": 30, "degree": 5, "C": 1.4, "ratio": 1.1, "sampling_factor": 1.8, "n_cores": 10, "wait_time": 1000, "time_uncached": 11852.652541160583, "time_cached": 11055.291501045227, "equality": false, "mse": 9409.0, "true_fourier_norm_squared": 105143, "computed_fourier_norm_squared": 95734.0, "measurements": 26688}