{"n": 500, "k": 30, "degree": 4, "C": 0.8, "ratio": 3.0, "sampling_factor": 1.4000000000000001, "n_cores": 10, "wait_time": 1000, "time_uncached": 5385.793273925781, "time_cached": 5390.909996509552, "equality": false, "mse": 38169.0, "true_fourier_norm_squared": 100407, "computed_fourier_norm_squared": 70458.0, "measurements": 2944}