{"n": 500, "k": 30, "degree": 3, "C": 0.4, "ratio": 1.1, "sampling_factor": 0.6000000000000001, "n_cores": 10, "wait_time": 100, "time_uncached": 273.2201635837555, "time_cached": 255.18207335472107, "equality": false, "mse": 64824.0, "true_fourier_norm_squared": 124915, "computed_fourier_norm_squared": 65485.0, "measurements": 1488}