{"n": 500, "k": 30, "degree": 5, "C": 1.6, "ratio": 1.1, "sampling_factor": 1.8, "n_cores": 10, "wait_time": 1000, "time_uncached": 10448.953713655472, "time_cached": 10129.894963741302, "equality": false, "mse": 8862.0, "true_fourier_norm_squared": 105143, "computed_fourier_norm_squared": 96281.0, "measurements": 26688}