{"n": 500, "k": 30, "degree": 3, "C": 3.0, "ratio": 3.0, "sampling_factor": 0.2, "n_cores": 10, "wait_time": 100, "time_uncached": 7.888767957687378, "time_cached": 1.570678472518921, "equality": false, "mse": 1032774.0, "true_fourier_norm_squared": 124915, "computed_fourier_norm_squared": 913477.0, "measurements": 1936}