{"n": 500, "k": 30, "degree": 4, "C": 1.2, "ratio": 1.1, "sampling_factor": 0.2, "n_cores": 10, "wait_time": 1000, "time_uncached": 15.060454607009888, "time_cached": 5.169272184371948, "equality": false, "mse": 842524.0, "true_fourier_norm_squared": 100407, "computed_fourier_norm_squared": 742117.0, "measurements": 2240}