{"n": 500, "k": 30, "degree": 4, "C": 1.8, "ratio": 3.0, "sampling_factor": 4.666666666666666, "n_cores": 10, "wait_time": 1000, "time_uncached": 1152.0284481048584, "time_cached": 1049.1951160430908, "equality": false, "mse": 1067.0, "true_fourier_norm_squared": 100407, "computed_fourier_norm_squared": 101526.0, "measurements": 29184}