{"n": 500, "k": 30, "degree": 4, "C": 1.0, "ratio": 1.1, "sampling_factor": 1.6, "n_cores": 10, "wait_time": 1000, "time_uncached": 11074.095305919647, "time_cached": 12018.390234708786, "equality": false, "mse": 6899.0, "true_fourier_norm_squared": 100407, "computed_fourier_norm_squared": 96420.0, "measurements": 10080}