{"n": 500, "k": 30, "degree": 4, "C": 1.2, "ratio": 3.0, "sampling_factor": 1.4000000000000001, "n_cores": 10, "wait_time": 1000, "time_uncached": 8273.652890205383, "time_cached": 8476.855293989182, "equality": false, "mse": 19188.0, "true_fourier_norm_squared": 100407, "computed_fourier_norm_squared": 114715.0, "measurements": 7360}