{"n": 500, "k": 30, "degree": 4, "C": 0.2, "ratio": 1.1, "sampling_factor": 3.7777777777777777, "n_cores": 10, "wait_time": 1000, "time_uncached": 12219.35500216484, "time_cached": 12184.677291154861, "equality": false, "mse": 51891.0, "true_fourier_norm_squared": 100407, "computed_fourier_norm_squared": 75874.0, "measurements": 5904}