{"n": 500, "k": 30, "degree": 5, "C": 1.4, "ratio": 1.1, "sampling_factor": 2.0, "n_cores": 10, "wait_time": 1000, "time_uncached": 9962.536083221436, "time_cached": 9784.496415615082, "equality": false, "mse": 3434.0, "true_fourier_norm_squared": 105143, "computed_fourier_norm_squared": 121243.0, "measurements": 29760}