{"n": 500, "k": 30, "degree": 5, "C": 1.0, "ratio": 1.6, "sampling_factor": 1.6, "n_cores": 10, "wait_time": 1000, "time_uncached": 13742.009277820587, "time_cached": 13686.219725847244, "equality": false, "mse": 8404.0, "true_fourier_norm_squared": 105143, "computed_fourier_norm_squared": 95025.0, "measurements": 9920}