{"n": 500, "k": 30, "degree": 5, "C": 1.4, "ratio": 1.1, "sampling_factor": 0.2, "n_cores": 10, "wait_time": 1000, "time_uncached": 26.95361614227295, "time_cached": 8.849666118621826, "equality": false, "mse": 589394.0, "true_fourier_norm_squared": 105143, "computed_fourier_norm_squared": 548191.0, "measurements": 3072}