{"n": 500, "k": 30, "degree": 2, "C": 0.15, "ratio": 1.1, "sampling_factor": 0.4, "n_cores": 10, "wait_time": 100, "time_uncached": 1.6258368492126465, "time_cached": 1.0506365299224854, "equality": false, "mse": 464510.0, "true_fourier_norm_squared": 85352, "computed_fourier_norm_squared": 379158.0, "measurements": 180}