{"n": 500, "k": 30, "degree": 2, "C": 1.4, "ratio": 1.1, "sampling_factor": 0.2, "n_cores": 10, "wait_time": 100, "time_uncached": 5.899944305419922, "time_cached": 1.2546122074127197, "equality": false, "mse": 550708.0, "true_fourier_norm_squared": 85352, "computed_fourier_norm_squared": 477124.0, "measurements": 1536}