{"n": 500, "k": 30, "degree": 5, "C": 1.2, "ratio": 1.6, "sampling_factor": 1.8, "n_cores": 10, "wait_time": 1000, "time_uncached": 14204.506737947464, "time_cached": 14277.446460962296, "equality": false, "mse": 10950.0, "true_fourier_norm_squared": 105143, "computed_fourier_norm_squared": 99337.0, "measurements": 15568}