{"n": 500, "k": 30, "degree": 4, "C": 0.6, "ratio": 1.1, "sampling_factor": 0.8, "n_cores": 10, "wait_time": 1000, "time_uncached": 17144.216596603394, "time_cached": 18898.194021463394, "equality": false, "mse": 12450.0, "true_fourier_norm_squared": 100407, "computed_fourier_norm_squared": 94297.0, "measurements": 4240}