{"n": 500, "k": 30, "degree": 4, "C": 0.4, "ratio": 1.1, "sampling_factor": 4.222222222222222, "n_cores": 10, "wait_time": 1000, "time_uncached": 10335.868123054504, "time_cached": 10248.361765384674, "equality": false, "mse": 7953.0, "true_fourier_norm_squared": 100407, "computed_fourier_norm_squared": 91984.0, "measurements": 13200}