{"n": 500, "k": 30, "degree": 5, "C": 0.2, "ratio": 1.1, "sampling_factor": 1.6, "n_cores": 10, "wait_time": 1000, "time_uncached": 14020.065429210663, "time_cached": 14001.88765001297, "equality": false, "mse": 80850.0, "true_fourier_norm_squared": 113260, "computed_fourier_norm_squared": 121200.0, "measurements": 2976}