{"n": 500, "k": 30, "degree": 5, "C": 1.0, "ratio": 1.6, "sampling_factor": 1.2, "n_cores": 10, "wait_time": 1000, "time_uncached": 21029.514562129974, "time_cached": 21004.518181324005, "equality": false, "mse": 33806.0, "true_fourier_norm_squared": 105143, "computed_fourier_norm_squared": 70231.0, "measurements": 7440}