{"n": 500, "k": 30, "degree": 4, "C": 0.4, "ratio": 1.6, "sampling_factor": 1.8, "n_cores": 10, "wait_time": 1000, "time_uncached": 14986.333044528961, "time_cached": 15813.724882364273, "equality": false, "mse": 38227.0, "true_fourier_norm_squared": 100407, "computed_fourier_norm_squared": 83558.0, "measurements": 3776}