{"n": 500, "k": 30, "degree": 2, "C": 1.0, "ratio": 3.0, "sampling_factor": 1.0, "n_cores": 10, "wait_time": 100, "time_uncached": 18.006380796432495, "time_cached": 12.271890878677368, "equality": false, "mse": 20529.0, "true_fourier_norm_squared": 85352, "computed_fourier_norm_squared": 108127.0, "measurements": 1728}