{"n": 500, "k": 30, "degree": 4, "C": 0.8, "ratio": 1.1, "sampling_factor": 1.0, "n_cores": 10, "wait_time": 1000, "time_uncached": 12599.938458442688, "time_cached": 12644.478688955307, "equality": false, "mse": 2407.0, "true_fourier_norm_squared": 100407, "computed_fourier_norm_squared": 103422.0, "measurements": 6336}