{"n": 500, "k": 30, "degree": 2, "C": 1.6, "ratio": 1.6, "sampling_factor": 1.4000000000000001, "n_cores": 10, "wait_time": 100, "time_uncached": 41.46923494338989, "time_cached": 18.11855697631836, "equality": false, "mse": 392.0, "true_fourier_norm_squared": 85352, "computed_fourier_norm_squared": 84372.0, "measurements": 6400}