{"n": 500, "k": 30, "degree": 4, "C": 1.4, "ratio": 3.0, "sampling_factor": 0.4, "n_cores": 10, "wait_time": 1000, "time_uncached": 570.7208158969879, "time_cached": 572.9215829372406, "equality": false, "mse": 333997.0, "true_fourier_norm_squared": 100407, "computed_fourier_norm_squared": 233590.0, "measurements": 2160}