{"n": 500, "k": 30, "degree": 5, "C": 0.15, "ratio": 1.6, "sampling_factor": 0.4, "n_cores": 10, "wait_time": 1000, "time_uncached": 1018.3527193069458, "time_cached": 1018.3042767047882, "equality": false, "mse": 154900.0, "true_fourier_norm_squared": 105143, "computed_fourier_norm_squared": 49757.0, "measurements": 124}