{"n": 500, "k": 30, "degree": 4, "C": 3.0, "ratio": 3.0, "sampling_factor": 0.4, "n_cores": 10, "wait_time": 1000, "time_uncached": 1190.3261511325836, "time_cached": 1156.1697933673859, "equality": false, "mse": 526682.0, "true_fourier_norm_squared": 100407, "computed_fourier_norm_squared": 426275.0, "measurements": 4752}