{"n": 500, "k": 30, "degree": 4, "C": 0.4, "ratio": 1.1, "sampling_factor": 2.888888888888889, "n_cores": 10, "wait_time": 1000, "time_uncached": 10593.88891339302, "time_cached": 10253.522232294083, "equality": false, "mse": 10833.0, "true_fourier_norm_squared": 100407, "computed_fourier_norm_squared": 96980.0, "measurements": 9024}