{"n": 500, "k": 30, "degree": 4, "C": 1.2, "ratio": 1.6, "sampling_factor": 0.4, "n_cores": 10, "wait_time": 1000, "time_uncached": 1457.554616689682, "time_cached": 1495.0341176986694, "equality": false, "mse": 523517.0, "true_fourier_norm_squared": 100407, "computed_fourier_norm_squared": 428550.0, "measurements": 3024}