{"n": 500, "k": 30, "degree": 4, "C": 1.4, "ratio": 1.1, "sampling_factor": 0.6000000000000001, "n_cores": 10, "wait_time": 100, "time_uncached": 3681.7220318317413, "time_cached": 3628.6565597057343, "equality": false, "mse": 25631.0, "true_fourier_norm_squared": 96430, "computed_fourier_norm_squared": 70799.0, "measurements": 7680}