{"n": 500, "k": 30, "degree": 2, "C": 3.0, "ratio": 1.1, "sampling_factor": 0.6000000000000001, "n_cores": 10, "wait_time": 100, "time_uncached": 36.69443202018738, "time_cached": 11.610642433166504, "equality": true, "mse": 0.0, "true_fourier_norm_squared": 85352, "computed_fourier_norm_squared": 85352.0, "measurements": 8448}