{"n": 500, "k": 30, "degree": 4, "C": 0.15, "ratio": 1.6, "sampling_factor": 3.7777777777777777, "n_cores": 10, "wait_time": 1000, "time_uncached": 4006.5528812408447, "time_cached": 4000.4482321739197, "equality": false, "mse": 100407, "true_fourier_norm_squared": 100407, "computed_fourier_norm_squared": 0, "measurements": 984}