{"n": 500, "k": 30, "degree": 4, "C": 0.6, "ratio": 1.6, "sampling_factor": 5.111111111111111, "n_cores": 10, "wait_time": 1000, "time_uncached": 7672.532049894333, "time_cached": 7579.696816682816, "equality": false, "mse": 17613.0, "true_fourier_norm_squared": 100407, "computed_fourier_norm_squared": 108598.0, "measurements": 18648}