{"n": 500, "k": 30, "degree": 4, "C": 0.8, "ratio": 1.6, "sampling_factor": 0.2, "n_cores": 10, "wait_time": 1000, "time_uncached": 6.166435241699219, "time_cached": 2.0528860092163086, "equality": false, "mse": 902644.0, "true_fourier_norm_squared": 100407, "computed_fourier_norm_squared": 802237.0, "measurements": 896}