{"n": 500, "k": 30, "degree": 4, "C": 0.8, "ratio": 3.0, "sampling_factor": 4.666666666666666, "n_cores": 10, "wait_time": 1000, "time_uncached": 1745.6206912994385, "time_cached": 1738.7348670959473, "equality": false, "mse": 35258.0, "true_fourier_norm_squared": 100407, "computed_fourier_norm_squared": 91191.0, "measurements": 9728}