{"n": 500, "k": 30, "degree": 3, "C": 1.2, "ratio": 1.6, "sampling_factor": 1.0, "n_cores": 10, "wait_time": 100, "time_uncached": 174.66869139671326, "time_cached": 156.84559535980225, "equality": false, "mse": 4810.0, "true_fourier_norm_squared": 128947, "computed_fourier_norm_squared": 146107.0, "measurements": 5824}