{"n": 500, "k": 30, "degree": 2, "C": 0.2, "ratio": 1.6, "sampling_factor": 0.6000000000000001, "n_cores": 10, "wait_time": 100, "time_uncached": 5.209267854690552, "time_cached": 4.663315296173096, "equality": false, "mse": 77177.0, "true_fourier_norm_squared": 85352, "computed_fourier_norm_squared": 38863.0, "measurements": 264}