{"n": 500, "k": 30, "degree": 4, "C": 3.0, "ratio": 1.6, "sampling_factor": 0.2, "n_cores": 10, "wait_time": 1000, "time_uncached": 15.216273069381714, "time_cached": 3.692870616912842, "equality": false, "mse": 905042.0, "true_fourier_norm_squared": 100407, "computed_fourier_norm_squared": 804635.0, "measurements": 3584}