{"n": 500, "k": 30, "degree": 4, "C": 1.0, "ratio": 3.0, "sampling_factor": 3.7777777777777777, "n_cores": 10, "wait_time": 1000, "time_uncached": 5339.942746639252, "time_cached": 5163.2691106796265, "equality": false, "mse": 24289.0, "true_fourier_norm_squared": 100407, "computed_fourier_norm_squared": 112018.0, "measurements": 11808}