{"n": 500, "k": 30, "degree": 4, "C": 3.0, "ratio": 3.0, "sampling_factor": 0.2, "n_cores": 10, "wait_time": 1000, "time_uncached": 11.90647578239441, "time_cached": 2.786386728286743, "equality": false, "mse": 626376.0, "true_fourier_norm_squared": 100407, "computed_fourier_norm_squared": 525969.0, "measurements": 2464}