{"n": 500, "k": 30, "degree": 5, "C": 0.2, "ratio": 1.6, "sampling_factor": 1.4000000000000001, "n_cores": 10, "wait_time": 1000, "time_uncached": 8005.305422306061, "time_cached": 8000.722822904587, "equality": false, "mse": 92157.0, "true_fourier_norm_squared": 105143, "computed_fourier_norm_squared": 9594.0, "measurements": 1296}