{"n": 500, "k": 30, "degree": 4, "C": 1.0, "ratio": 1.1, "sampling_factor": 4.666666666666666, "n_cores": 10, "wait_time": 1000, "time_uncached": 4548.214616060257, "time_cached": 4986.196941614151, "equality": false, "mse": 1298.0, "true_fourier_norm_squared": 100407, "computed_fourier_norm_squared": 100277.0, "measurements": 29184}