{"n": 500, "k": 30, "degree": 4, "C": 3.0, "ratio": 3.0, "sampling_factor": 1.4000000000000001, "n_cores": 10, "wait_time": 100, "time_uncached": 1937.488567829132, "time_cached": 1850.5566985607147, "equality": false, "mse": 14349.0, "true_fourier_norm_squared": 96430, "computed_fourier_norm_squared": 82081.0, "measurements": 16192}