{"n": 500, "k": 30, "degree": 2, "C": 1.4, "ratio": 1.6, "sampling_factor": 1.4000000000000001, "n_cores": 10, "wait_time": 100, "time_uncached": 34.82183313369751, "time_cached": 13.109991550445557, "equality": true, "mse": 0.0, "true_fourier_norm_squared": 85352, "computed_fourier_norm_squared": 85352.0, "measurements": 6400}