{"n": 500, "k": 30, "degree": 5, "C": 1.8, "ratio": 3.0, "sampling_factor": 1.8, "n_cores": 10, "wait_time": 1000, "time_uncached": 8394.165431499481, "time_cached": 8276.025943994522, "equality": false, "mse": 13031.0, "true_fourier_norm_squared": 105143, "computed_fourier_norm_squared": 110338.0, "measurements": 13344}