{"n": 500, "k": 30, "degree": 5, "C": 1.4, "ratio": 3.0, "sampling_factor": 0.4, "n_cores": 10, "wait_time": 1000, "time_uncached": 4986.073379993439, "time_cached": 5009.2231204509735, "equality": false, "mse": 346927.0, "true_fourier_norm_squared": 105143, "computed_fourier_norm_squared": 317418.0, "measurements": 2480}