{"n": 500, "k": 30, "degree": 5, "C": 2.0, "ratio": 1.6, "sampling_factor": 0.8, "n_cores": 10, "wait_time": 1000, "time_uncached": 29411.582322835922, "time_cached": 29289.797811985016, "equality": false, "mse": 43531.0, "true_fourier_norm_squared": 105143, "computed_fourier_norm_squared": 70650.0, "measurements": 9920}