{"n": 500, "k": 30, "degree": 5, "C": 1.6, "ratio": 1.6, "sampling_factor": 1.8, "n_cores": 10, "wait_time": 1000, "time_uncached": 15983.827942609787, "time_cached": 16149.879519224167, "equality": false, "mse": 9454.0, "true_fourier_norm_squared": 105143, "computed_fourier_norm_squared": 95881.0, "measurements": 17792}