{"n": 500, "k": 30, "degree": 2, "C": 0.15, "ratio": 1.1, "sampling_factor": 0.6000000000000001, "n_cores": 10, "wait_time": 100, "time_uncached": 10.253299951553345, "time_cached": 9.372933387756348, "equality": false, "mse": 85352, "true_fourier_norm_squared": 85352, "computed_fourier_norm_squared": 0, "measurements": 264}