{"n": 500, "k": 30, "degree": 5, "C": 1.0, "ratio": 1.6, "sampling_factor": 1.8, "n_cores": 10, "wait_time": 1000, "time_uncached": 12897.725828409195, "time_cached": 12692.332280158997, "equality": false, "mse": 16884.0, "true_fourier_norm_squared": 105143, "computed_fourier_norm_squared": 92703.0, "measurements": 11120}