{"n": 500, "k": 30, "degree": 5, "C": 1.0, "ratio": 1.6, "sampling_factor": 0.2, "n_cores": 10, "wait_time": 1000, "time_uncached": 7.373841762542725, "time_cached": 3.1873550415039062, "equality": false, "mse": 434968.0, "true_fourier_norm_squared": 105143, "computed_fourier_norm_squared": 385487.0, "measurements": 1280}