{"n": 500, "k": 30, "degree": 3, "C": 0.2, "ratio": 1.1, "sampling_factor": 1.6, "n_cores": 10, "wait_time": 100, "time_uncached": 193.45175552368164, "time_cached": 182.75531888008118, "equality": false, "mse": 77312.0, "true_fourier_norm_squared": 124915, "computed_fourier_norm_squared": 41095.0, "measurements": 1968}