{"n": 500, "k": 30, "degree": 5, "C": 0.15, "ratio": 1.6, "sampling_factor": 0.2, "n_cores": 10, "wait_time": 1000, "time_uncached": 0.6722967624664307, "time_cached": 0.458648681640625, "equality": false, "mse": 176410.0, "true_fourier_norm_squared": 105143, "computed_fourier_norm_squared": 71267.0, "measurements": 64}