{"n": 500, "k": 30, "degree": 5, "C": 0.8, "ratio": 1.1, "sampling_factor": 0.2, "n_cores": 10, "wait_time": 1000, "time_uncached": 8.37049126625061, "time_cached": 3.1314034461975098, "equality": false, "mse": 681774.0, "true_fourier_norm_squared": 105143, "computed_fourier_norm_squared": 641353.0, "measurements": 1536}