{"n": 500, "k": 30, "degree": 2, "C": 1.6, "ratio": 1.1, "sampling_factor": 0.6000000000000001, "n_cores": 10, "wait_time": 100, "time_uncached": 21.886326551437378, "time_cached": 8.221251964569092, "equality": false, "mse": 1058.0, "true_fourier_norm_squared": 88467, "computed_fourier_norm_squared": 88145.0, "measurements": 4224}