{"n": 500, "k": 30, "degree": 5, "C": 1.8, "ratio": 1.1, "sampling_factor": 1.6, "n_cores": 10, "wait_time": 1000, "time_uncached": 16568.655929088593, "time_cached": 16621.96532559395, "equality": false, "mse": 9112.0, "true_fourier_norm_squared": 105143, "computed_fourier_norm_squared": 95671.0, "measurements": 23808}