{"n": 500, "k": 30, "degree": 4, "C": 0.6, "ratio": 1.1, "sampling_factor": 1.4000000000000001, "n_cores": 10, "wait_time": 1000, "time_uncached": 13950.968450546265, "time_cached": 14237.042254924774, "equality": false, "mse": 10261.0, "true_fourier_norm_squared": 100407, "computed_fourier_norm_squared": 87684.0, "measurements": 7360}