{"n": 500, "k": 30, "degree": 3, "C": 2.0, "ratio": 1.1, "sampling_factor": 0.6000000000000001, "n_cores": 10, "wait_time": 100, "time_uncached": 211.12739515304565, "time_cached": 190.26865601539612, "equality": true, "mse": 0.0, "true_fourier_norm_squared": 124915, "computed_fourier_norm_squared": 124915.0, "measurements": 5952}