{"n": 500, "k": 30, "degree": 5, "C": 0.1, "ratio": 1.6, "sampling_factor": 0.6000000000000001, "n_cores": 10, "wait_time": 1000, "time_uncached": 4000.9470331668854, "time_cached": 4000.428577899933, "equality": false, "mse": 105143, "true_fourier_norm_squared": 105143, "computed_fourier_norm_squared": 0, "measurements": 188}