{"n": 500, "k": 30, "degree": 3, "C": 0.6, "ratio": 3.0, "sampling_factor": 0.4, "n_cores": 10, "wait_time": 100, "time_uncached": 14.253841876983643, "time_cached": 11.94619870185852, "equality": false, "mse": 170154.0, "true_fourier_norm_squared": 124915, "computed_fourier_norm_squared": 115465.0, "measurements": 672}