{"n": 500, "k": 30, "degree": 2, "C": 1.4, "ratio": 1.6, "sampling_factor": 0.4, "n_cores": 10, "wait_time": 100, "time_uncached": 10.12313199043274, "time_cached": 3.8276169300079346, "equality": false, "mse": 266685.0, "true_fourier_norm_squared": 85352, "computed_fourier_norm_squared": 281831.0, "measurements": 1920}