{"n": 500, "k": 30, "degree": 4, "C": 0.6, "ratio": 1.1, "sampling_factor": 0.2, "n_cores": 10, "wait_time": 1000, "time_uncached": 6.015690326690674, "time_cached": 2.3583569526672363, "equality": false, "mse": 705004.0, "true_fourier_norm_squared": 100407, "computed_fourier_norm_squared": 604597.0, "measurements": 1120}