{"n": 500, "k": 30, "degree": 4, "C": 0.6, "ratio": 1.6, "sampling_factor": 2.4444444444444446, "n_cores": 10, "wait_time": 1000, "time_uncached": 6242.5486607551575, "time_cached": 6395.032790660858, "equality": false, "mse": 23727.0, "true_fourier_norm_squared": 100407, "computed_fourier_norm_squared": 130498.0, "measurements": 8904}