{"n": 500, "k": 30, "degree": 4, "C": 0.2, "ratio": 1.6, "sampling_factor": 1.4000000000000001, "n_cores": 10, "wait_time": 1000, "time_uncached": 8932.599119663239, "time_cached": 9023.338062047958, "equality": false, "mse": 99902.0, "true_fourier_norm_squared": 100407, "computed_fourier_norm_squared": 25.0, "measurements": 1104}