{"n": 500, "k": 30, "degree": 4, "C": 0.8, "ratio": 3.0, "sampling_factor": 0.6000000000000001, "n_cores": 10, "wait_time": 1000, "time_uncached": 6243.8787450790405, "time_cached": 6344.796793460846, "equality": false, "mse": 56321.0, "true_fourier_norm_squared": 100407, "computed_fourier_norm_squared": 43266.0, "measurements": 1280}