{"n": 500, "k": 30, "degree": 4, "C": 0.8, "ratio": 1.6, "sampling_factor": 5.111111111111111, "n_cores": 10, "wait_time": 1000, "time_uncached": 3205.765249490738, "time_cached": 3084.495735645294, "equality": false, "mse": 576.0, "true_fourier_norm_squared": 100407, "computed_fourier_norm_squared": 104151.0, "measurements": 21312}