{"n": 500, "k": 30, "degree": 3, "C": 1.0, "ratio": 1.1, "sampling_factor": 0.4, "n_cores": 10, "wait_time": 100, "time_uncached": 54.440171241760254, "time_cached": 47.85410022735596, "equality": false, "mse": 501382.0, "true_fourier_norm_squared": 124915, "computed_fourier_norm_squared": 466797.0, "measurements": 2016}