{"n": 500, "k": 30, "degree": 2, "C": 0.2, "ratio": 1.6, "sampling_factor": 1.4000000000000001, "n_cores": 10, "wait_time": 100, "time_uncached": 12.359160423278809, "time_cached": 9.827852964401245, "equality": false, "mse": 77882.0, "true_fourier_norm_squared": 85352, "computed_fourier_norm_squared": 14694.0, "measurements": 600}