{"n": 500, "k": 30, "degree": 4, "C": 1.0, "ratio": 3.0, "sampling_factor": 0.4, "n_cores": 10, "wait_time": 1000, "time_uncached": 531.3748903274536, "time_cached": 517.0290434360504, "equality": false, "mse": 254749.0, "true_fourier_norm_squared": 100407, "computed_fourier_norm_squared": 169318.0, "measurements": 1296}