{"n": 500, "k": 30, "degree": 4, "C": 0.2, "ratio": 1.6, "sampling_factor": 0.2, "n_cores": 10, "wait_time": 1000, "time_uncached": 1.1235015392303467, "time_cached": 0.5468313694000244, "equality": false, "mse": 316792.0, "true_fourier_norm_squared": 100407, "computed_fourier_norm_squared": 216385.0, "measurements": 168}