{"n": 500, "k": 30, "degree": 2, "C": 1.4, "ratio": 1.1, "sampling_factor": 0.4, "n_cores": 10, "wait_time": 100, "time_uncached": 15.832021951675415, "time_cached": 4.8168885707855225, "equality": false, "mse": 280976.0, "true_fourier_norm_squared": 85352, "computed_fourier_norm_squared": 323414.0, "measurements": 2880}