{"n": 500, "k": 30, "degree": 5, "C": 1.2, "ratio": 1.6, "sampling_factor": 1.2, "n_cores": 10, "wait_time": 1000, "time_uncached": 20419.24471259117, "time_cached": 20381.046781539917, "equality": false, "mse": 21131.0, "true_fourier_norm_squared": 105143, "computed_fourier_norm_squared": 83472.0, "measurements": 10416}