{"n": 500, "k": 30, "degree": 4, "C": 3.0, "ratio": 3.0, "sampling_factor": 5.111111111111111, "n_cores": 10, "wait_time": 1000, "time_uncached": 1273.691816329956, "time_cached": 1087.517686367035, "equality": true, "mse": 0.0, "true_fourier_norm_squared": 100407, "computed_fourier_norm_squared": 100407.0, "measurements": 58608}