{"n": 500, "k": 30, "degree": 4, "C": 1.4, "ratio": 1.6, "sampling_factor": 0.4, "n_cores": 10, "wait_time": 1000, "time_uncached": 1693.0223939418793, "time_cached": 1665.944533109665, "equality": false, "mse": 553088.0, "true_fourier_norm_squared": 100407, "computed_fourier_norm_squared": 452947.0, "measurements": 3456}