{"n": 500, "k": 30, "degree": 3, "C": 2.0, "ratio": 1.6, "sampling_factor": 0.2, "n_cores": 10, "wait_time": 100, "time_uncached": 12.727668285369873, "time_cached": 2.199157476425171, "equality": false, "mse": 987772.0, "true_fourier_norm_squared": 124915, "computed_fourier_norm_squared": 917067.0, "measurements": 1760}