{"n": 500, "k": 30, "degree": 4, "C": 0.4, "ratio": 1.6, "sampling_factor": 0.4, "n_cores": 10, "wait_time": 1000, "time_uncached": 616.5017602443695, "time_cached": 626.6176450252533, "equality": false, "mse": 923384.0, "true_fourier_norm_squared": 100407, "computed_fourier_norm_squared": 822977.0, "measurements": 864}