{"n": 500, "k": 30, "degree": 3, "C": 0.05, "ratio": 1.1, "sampling_factor": 0.6000000000000001, "n_cores": 10, "wait_time": 100, "time_uncached": 3.910064697265625e-05, "time_cached": 1.3828277587890625e-05, "equality": false, "mse": 124915, "true_fourier_norm_squared": 124915, "computed_fourier_norm_squared": 0, "measurements": 0}