{"n": 500, "k": 30, "degree": 4, "C": 1.8, "ratio": 1.6, "sampling_factor": 0.4, "n_cores": 10, "wait_time": 1000, "time_uncached": 1397.1371219158173, "time_cached": 1388.7062194347382, "equality": false, "mse": 670494.0, "true_fourier_norm_squared": 100407, "computed_fourier_norm_squared": 582887.0, "measurements": 4320}