{"n": 500, "k": 30, "degree": 4, "C": 0.15, "ratio": 1.6, "sampling_factor": 0.2, "n_cores": 10, "wait_time": 1000, "time_uncached": 0.521369457244873, "time_cached": 0.29583263397216797, "equality": false, "mse": 271654.0, "true_fourier_norm_squared": 100407, "computed_fourier_norm_squared": 171247.0, "measurements": 56}