{"n": 500, "k": 30, "degree": 4, "C": 0.8, "ratio": 3.0, "sampling_factor": 6.0, "n_cores": 10, "wait_time": 1000, "time_uncached": 1408.542994260788, "time_cached": 1333.5573539733887, "equality": false, "mse": 49158.0, "true_fourier_norm_squared": 100407, "computed_fourier_norm_squared": 67743.0, "measurements": 12512}