{"n": 500, "k": 30, "degree": 4, "C": 2.0, "ratio": 1.6, "sampling_factor": 0.4, "n_cores": 10, "wait_time": 1000, "time_uncached": 2071.961876630783, "time_cached": 2130.6557886600494, "equality": false, "mse": 604917.0, "true_fourier_norm_squared": 100407, "computed_fourier_norm_squared": 528716.0, "measurements": 4320}