{"n": 500, "k": 30, "degree": 3, "C": 1.4, "ratio": 1.6, "sampling_factor": 1.6, "n_cores": 10, "wait_time": 100, "time_uncached": 219.3654716014862, "time_cached": 174.21820545196533, "equality": false, "mse": 3733.0, "true_fourier_norm_squared": 124915, "computed_fourier_norm_squared": 130252.0, "measurements": 10496}