{"n": 500, "k": 30, "degree": 4, "C": 1.8, "ratio": 3.0, "sampling_factor": 0.2, "n_cores": 10, "wait_time": 1000, "time_uncached": 8.23240351676941, "time_cached": 2.539357900619507, "equality": false, "mse": 387630.0, "true_fourier_norm_squared": 100407, "computed_fourier_norm_squared": 287223.0, "measurements": 1344}