{"n": 500, "k": 30, "degree": 5, "C": 2.0, "ratio": 3.0, "sampling_factor": 1.6, "n_cores": 10, "wait_time": 1000, "time_uncached": 9189.327007055283, "time_cached": 9116.18030667305, "equality": false, "mse": 17923.0, "true_fourier_norm_squared": 105143, "computed_fourier_norm_squared": 100682.0, "measurements": 11904}