{"n": 500, "k": 30, "degree": 4, "C": 0.8, "ratio": 3.0, "sampling_factor": 0.4, "n_cores": 10, "wait_time": 1000, "time_uncached": 241.83372807502747, "time_cached": 242.9273338317871, "equality": false, "mse": 184945.0, "true_fourier_norm_squared": 100407, "computed_fourier_norm_squared": 84538.0, "measurements": 864}