{"n": 500, "k": 30, "degree": 4, "C": 1.8, "ratio": 1.1, "sampling_factor": 1.0, "n_cores": 10, "wait_time": 1000, "time_uncached": 10690.384281158447, "time_cached": 9805.745015859604, "equality": false, "mse": 169.0, "true_fourier_norm_squared": 100407, "computed_fourier_norm_squared": 100238.0, "measurements": 12672}