{"n": 500, "k": 30, "degree": 5, "C": 1.6, "ratio": 1.1, "sampling_factor": 0.4, "n_cores": 10, "wait_time": 1000, "time_uncached": 11222.102463960648, "time_cached": 11625.203559398651, "equality": false, "mse": 254490.0, "true_fourier_norm_squared": 105143, "computed_fourier_norm_squared": 261263.0, "measurements": 5952}