{"n": 500, "k": 30, "degree": 4, "C": 1.4, "ratio": 1.1, "sampling_factor": 1.4000000000000001, "n_cores": 10, "wait_time": 100, "time_uncached": 2693.2344646453857, "time_cached": 2839.7072784900665, "equality": false, "mse": 32836.0, "true_fourier_norm_squared": 96430, "computed_fourier_norm_squared": 63030.0, "measurements": 17664}