{"n": 500, "k": 30, "degree": 3, "C": 2.0, "ratio": 1.1, "sampling_factor": 0.2, "n_cores": 10, "wait_time": 100, "time_uncached": 13.537079811096191, "time_cached": 1.7033436298370361, "equality": false, "mse": 746170.0, "true_fourier_norm_squared": 124915, "computed_fourier_norm_squared": 658491.0, "measurements": 2112}