{"n": 500, "k": 30, "degree": 5, "C": 1.6, "ratio": 3.0, "sampling_factor": 1.6, "n_cores": 10, "wait_time": 1000, "time_uncached": 12060.030233621597, "time_cached": 12025.202474117279, "equality": false, "mse": 37738.0, "true_fourier_norm_squared": 105143, "computed_fourier_norm_squared": 75073.0, "measurements": 9920}