{"n": 500, "k": 30, "degree": 5, "C": 3.0, "ratio": 1.6, "sampling_factor": 1.0, "n_cores": 10, "wait_time": 1000, "time_uncached": 29123.621084690094, "time_cached": 29060.76697897911, "equality": false, "mse": 27757.0, "true_fourier_norm_squared": 105143, "computed_fourier_norm_squared": 77386.0, "measurements": 19968}