{"n": 500, "k": 30, "degree": 4, "C": 0.6, "ratio": 1.1, "sampling_factor": 3.333333333333333, "n_cores": 10, "wait_time": 1000, "time_uncached": 4646.034346342087, "time_cached": 4606.961492538452, "equality": false, "mse": 468.0, "true_fourier_norm_squared": 100407, "computed_fourier_norm_squared": 98715.0, "measurements": 17360}