{"n": 500, "k": 30, "degree": 4, "C": 1.6, "ratio": 3.0, "sampling_factor": 4.666666666666666, "n_cores": 10, "wait_time": 1000, "time_uncached": 1473.3058927059174, "time_cached": 1450.8389654159546, "equality": false, "mse": 3160.0, "true_fourier_norm_squared": 100407, "computed_fourier_norm_squared": 109933.0, "measurements": 24320}