{"n": 500, "k": 30, "degree": 4, "C": 1.2, "ratio": 3.0, "sampling_factor": 6.0, "n_cores": 10, "wait_time": 1000, "time_uncached": 2271.377307653427, "time_cached": 2164.249359369278, "equality": false, "mse": 1060.0, "true_fourier_norm_squared": 100407, "computed_fourier_norm_squared": 109993.0, "measurements": 31280}