{"n": 500, "k": 30, "degree": 3, "C": 0.15, "ratio": 1.6, "sampling_factor": 1.4000000000000001, "n_cores": 10, "wait_time": 100, "time_uncached": 60.33273983001709, "time_cached": 58.26701617240906, "equality": false, "mse": 124915, "true_fourier_norm_squared": 124915, "computed_fourier_norm_squared": 0, "measurements": 288}