{"n": 50, "k": 30, "degree": 2, "C": 0.15, "ratio": 1.1, "sampling_factor": 0.2, "n_cores": 10, "wait_time": 100, "time_uncached": 0.19972753524780273, "time_cached": 0.09281015396118164, "equality": false, "mse": 358358.0, "true_fourier_norm_squared": 80567, "computed_fourier_norm_squared": 343165.0, "measurements": 60}