{"n": 500, "k": 30, "degree": 5, "C": 0.2, "ratio": 1.1, "sampling_factor": 0.2, "n_cores": 10, "wait_time": 1000, "time_uncached": 4.983944416046143, "time_cached": 2.5873663425445557, "equality": false, "mse": 792040.0, "true_fourier_norm_squared": 105143, "computed_fourier_norm_squared": 707983.0, "measurements": 384}