{"n": 500, "k": 30, "degree": 4, "C": 0.15, "ratio": 1.1, "sampling_factor": 2.888888888888889, "n_cores": 10, "wait_time": 1000, "time_uncached": 12011.36352300644, "time_cached": 12001.491270065308, "equality": false, "mse": 100407, "true_fourier_norm_squared": 100407, "computed_fourier_norm_squared": 0, "measurements": 2256}