{"n": 500, "k": 30, "degree": 3, "C": 1.6, "ratio": 1.1, "sampling_factor": 0.6000000000000001, "n_cores": 10, "wait_time": 100, "time_uncached": 186.68713212013245, "time_cached": 168.9623785018921, "equality": true, "mse": 0.0, "true_fourier_norm_squared": 124915, "computed_fourier_norm_squared": 124915.0, "measurements": 5952}