{"n": 500, "k": 30, "degree": 2, "C": 1.6, "ratio": 1.1, "sampling_factor": 1.4000000000000001, "n_cores": 10, "wait_time": 100, "time_uncached": 40.988786697387695, "time_cached": 11.660704851150513, "equality": true, "mse": 0.0, "true_fourier_norm_squared": 85352, "computed_fourier_norm_squared": 85352.0, "measurements": 9600}