{"n": 500, "k": 30, "degree": 4, "C": 2.0, "ratio": 1.6, "sampling_factor": 2.888888888888889, "n_cores": 10, "wait_time": 1000, "time_uncached": 4898.163596630096, "time_cached": 5237.888864040375, "equality": false, "mse": 441.0, "true_fourier_norm_squared": 100407, "computed_fourier_norm_squared": 96984.0, "measurements": 30080}