{"n": 500, "k": 30, "degree": 4, "C": 0.8, "ratio": 1.6, "sampling_factor": 3.7777777777777777, "n_cores": 10, "wait_time": 1000, "time_uncached": 4435.138311624527, "time_cached": 3525.7065217494965, "equality": false, "mse": 767.0, "true_fourier_norm_squared": 100407, "computed_fourier_norm_squared": 107208.0, "measurements": 15744}