{"n": 500, "k": 30, "degree": 2, "C": 2.0, "ratio": 1.6, "sampling_factor": 0.2, "n_cores": 10, "wait_time": 100, "time_uncached": 5.115817070007324, "time_cached": 1.1243581771850586, "equality": false, "mse": 520912.0, "true_fourier_norm_squared": 85352, "computed_fourier_norm_squared": 470700.0, "measurements": 1280}