{"n": 500, "k": 30, "degree": 5, "C": 0.2, "ratio": 1.1, "sampling_factor": 0.4, "n_cores": 10, "wait_time": 1000, "time_uncached": 3116.7678413391113, "time_cached": 3161.9313027858734, "equality": false, "mse": 496303.0, "true_fourier_norm_squared": 105143, "computed_fourier_norm_squared": 412636.0, "measurements": 744}