{"n": 500, "k": 30, "degree": 5, "C": 1.8, "ratio": 1.6, "sampling_factor": 0.4, "n_cores": 10, "wait_time": 1000, "time_uncached": 7963.137789011002, "time_cached": 8318.980570793152, "equality": false, "mse": 329576.0, "true_fourier_norm_squared": 105143, "computed_fourier_norm_squared": 334977.0, "measurements": 4960}