{"n": 500, "k": 30, "degree": 5, "C": 1.8, "ratio": 1.6, "sampling_factor": 1.6, "n_cores": 10, "wait_time": 1000, "time_uncached": 18060.376088619232, "time_cached": 17914.42199730873, "equality": false, "mse": 9993.0, "true_fourier_norm_squared": 105143, "computed_fourier_norm_squared": 95150.0, "measurements": 19840}