{"n": 500, "k": 30, "degree": 4, "C": 0.6, "ratio": 3.0, "sampling_factor": 4.222222222222222, "n_cores": 10, "wait_time": 1000, "time_uncached": 1732.3688826560974, "time_cached": 1642.9452261924744, "equality": false, "mse": 38165.0, "true_fourier_norm_squared": 100407, "computed_fourier_norm_squared": 123774.0, "measurements": 8800}