{"n": 500, "k": 30, "degree": 4, "C": 1.6, "ratio": 3.0, "sampling_factor": 1.2, "n_cores": 10, "wait_time": 1000, "time_uncached": 6905.558091163635, "time_cached": 7877.342756032944, "equality": false, "mse": 13632.0, "true_fourier_norm_squared": 100407, "computed_fourier_norm_squared": 112561.0, "measurements": 6320}