{"n": 500, "k": 30, "degree": 2, "C": 0.1, "ratio": 3.0, "sampling_factor": 0.6000000000000001, "n_cores": 10, "wait_time": 100, "time_uncached": 3.314018249511719e-05, "time_cached": 1.3589859008789062e-05, "equality": false, "mse": 87728, "true_fourier_norm_squared": 87728, "computed_fourier_norm_squared": 0, "measurements": 0}