{"n": 500, "k": 30, "degree": 5, "C": 1.8, "ratio": 1.6, "sampling_factor": 1.8, "n_cores": 10, "wait_time": 1000, "time_uncached": 14396.154033899307, "time_cached": 14287.899750709534, "equality": false, "mse": 4099.0, "true_fourier_norm_squared": 105143, "computed_fourier_norm_squared": 106150.0, "measurements": 22240}