{"n": 500, "k": 30, "degree": 4, "C": 0.6, "ratio": 3.0, "sampling_factor": 1.4000000000000001, "n_cores": 10, "wait_time": 1000, "time_uncached": 5294.363280534744, "time_cached": 5144.768532991409, "equality": false, "mse": 55508.0, "true_fourier_norm_squared": 100407, "computed_fourier_norm_squared": 126083.0, "measurements": 2944}