{"n": 500, "k": 30, "degree": 5, "C": 0.6, "ratio": 3.0, "sampling_factor": 0.6000000000000001, "n_cores": 10, "wait_time": 1000, "time_uncached": 12006.746934175491, "time_cached": 12001.210911989212, "equality": false, "mse": 87191.0, "true_fourier_norm_squared": 105143, "computed_fourier_norm_squared": 28162.0, "measurements": 1504}