{"n": 50, "k": 30, "degree": 2, "C": 0.6, "ratio": 3.0, "sampling_factor": 1.0999999999999999, "n_cores": 10, "wait_time": 100, "time_uncached": 0.49022769927978516, "time_cached": 0.10551905632019043, "equality": false, "mse": 27200.0, "true_fourier_norm_squared": 88652, "computed_fourier_norm_squared": 128428.0, "measurements": 832}