{"n": 500, "k": 30, "degree": 4, "C": 0.2, "ratio": 1.1, "sampling_factor": 0.8, "n_cores": 10, "wait_time": 1000, "time_uncached": 14421.05977678299, "time_cached": 14322.856145381927, "equality": false, "mse": 58468.0, "true_fourier_norm_squared": 100407, "computed_fourier_norm_squared": 56777.0, "measurements": 1272}