{"n": 500, "k": 30, "degree": 4, "C": 1.4, "ratio": 1.6, "sampling_factor": 2.4444444444444446, "n_cores": 10, "wait_time": 1000, "time_uncached": 7868.031370639801, "time_cached": 7649.6052169799805, "equality": true, "mse": 0.0, "true_fourier_norm_squared": 100407, "computed_fourier_norm_squared": 100407.0, "measurements": 20352}