{"n": 500, "k": 30, "degree": 5, "C": 0.4, "ratio": 1.1, "sampling_factor": 1.2, "n_cores": 10, "wait_time": 1000, "time_uncached": 20058.356245279312, "time_cached": 20057.73731470108, "equality": false, "mse": 42753.0, "true_fourier_norm_squared": 105143, "computed_fourier_norm_squared": 70060.0, "measurements": 4464}