{"n": 500, "k": 30, "degree": 5, "C": 1.6, "ratio": 1.1, "sampling_factor": 1.2, "n_cores": 10, "wait_time": 1000, "time_uncached": 27896.357881307602, "time_cached": 26990.756395578384, "equality": false, "mse": 28469.0, "true_fourier_norm_squared": 105143, "computed_fourier_norm_squared": 87628.0, "measurements": 17856}