{"n": 500, "k": 30, "degree": 4, "C": 0.1, "ratio": 1.6, "sampling_factor": 0.4, "n_cores": 10, "wait_time": 1000, "time_uncached": 210.42888140678406, "time_cached": 204.04602122306824, "equality": false, "mse": 293910.0, "true_fourier_norm_squared": 100407, "computed_fourier_norm_squared": 193503.0, "measurements": 108}