{"n": 500, "k": 30, "degree": 2, "C": 0.8, "ratio": 3.0, "sampling_factor": 0.2, "n_cores": 10, "wait_time": 100, "time_uncached": 1.2293803691864014, "time_cached": 0.26738834381103516, "equality": false, "mse": 135686.0, "true_fourier_norm_squared": 85352, "computed_fourier_norm_squared": 79222.0, "measurements": 256}