{"n": 500, "k": 30, "degree": 5, "C": 1.2, "ratio": 1.1, "sampling_factor": 0.2, "n_cores": 10, "wait_time": 1000, "time_uncached": 21.620267152786255, "time_cached": 7.474497079849243, "equality": false, "mse": 454606.0, "true_fourier_norm_squared": 105143, "computed_fourier_norm_squared": 423365.0, "measurements": 2560}