{"n": 500, "k": 30, "degree": 4, "C": 1.6, "ratio": 3.0, "sampling_factor": 0.4, "n_cores": 10, "wait_time": 1000, "time_uncached": 1236.9688987731934, "time_cached": 1080.058921098709, "equality": false, "mse": 315783.0, "true_fourier_norm_squared": 100407, "computed_fourier_norm_squared": 215376.0, "measurements": 2160}