{"n": 500, "k": 30, "degree": 4, "C": 0.2, "ratio": 1.6, "sampling_factor": 3.7777777777777777, "n_cores": 10, "wait_time": 1000, "time_uncached": 10009.887820720673, "time_cached": 9698.069431066513, "equality": false, "mse": 82493.0, "true_fourier_norm_squared": 100407, "computed_fourier_norm_squared": 30434.0, "measurements": 2952}