{"n": 500, "k": 30, "degree": 4, "C": 1.8, "ratio": 1.1, "sampling_factor": 0.4, "n_cores": 10, "wait_time": 1000, "time_uncached": 3490.17661857605, "time_cached": 3419.0148825645447, "equality": false, "mse": 723167.0, "true_fourier_norm_squared": 100407, "computed_fourier_norm_squared": 645878.0, "measurements": 5184}