{"n": 500, "k": 30, "degree": 4, "C": 0.15, "ratio": 1.6, "sampling_factor": 2.0, "n_cores": 10, "wait_time": 1000, "time_uncached": 3002.002145051956, "time_cached": 3000.3566570281982, "equality": false, "mse": 99227.0, "true_fourier_norm_squared": 100407, "computed_fourier_norm_squared": 13924.0, "measurements": 524}