{"n": 500, "k": 30, "degree": 2, "C": 0.2, "ratio": 3.0, "sampling_factor": 0.6000000000000001, "n_cores": 10, "wait_time": 100, "time_uncached": 2.8371810913085938e-05, "time_cached": 1.239776611328125e-05, "equality": false, "mse": 85352, "true_fourier_norm_squared": 85352, "computed_fourier_norm_squared": 0, "measurements": 0}