{"n": 500, "k": 30, "degree": 4, "C": 1.8, "ratio": 3.0, "sampling_factor": 2.4444444444444446, "n_cores": 10, "wait_time": 1000, "time_uncached": 4890.949413061142, "time_cached": 4511.781375169754, "equality": false, "mse": 1382.0, "true_fourier_norm_squared": 100407, "computed_fourier_norm_squared": 104533.0, "measurements": 15264}