{"n": 500, "k": 30, "degree": 4, "C": 0.15, "ratio": 1.1, "sampling_factor": 6.0, "n_cores": 10, "wait_time": 1000, "time_uncached": 11030.114898204803, "time_cached": 11001.750396251678, "equality": false, "mse": 98146.0, "true_fourier_norm_squared": 100407, "computed_fourier_norm_squared": 289.0, "measurements": 4692}