{"n": 500, "k": 30, "degree": 4, "C": 2.0, "ratio": 3.0, "sampling_factor": 1.6, "n_cores": 10, "wait_time": 100, "time_uncached": 1378.5557644367218, "time_cached": 1312.1868319511414, "equality": false, "mse": 32409.0, "true_fourier_norm_squared": 96430, "computed_fourier_norm_squared": 75475.0, "measurements": 10080}