{"n": 500, "k": 30, "degree": 4, "C": 0.4, "ratio": 1.1, "sampling_factor": 3.7777777777777777, "n_cores": 10, "wait_time": 1000, "time_uncached": 7481.796889781952, "time_cached": 7438.199201345444, "equality": false, "mse": 11046.0, "true_fourier_norm_squared": 100407, "computed_fourier_norm_squared": 91731.0, "measurements": 11808}