{"n": 500, "k": 30, "degree": 2, "C": 0.4, "ratio": 3.0, "sampling_factor": 1.4000000000000001, "n_cores": 10, "wait_time": 100, "time_uncached": 10.062801599502563, "time_cached": 5.659095287322998, "equality": false, "mse": 64935.0, "true_fourier_norm_squared": 85352, "computed_fourier_norm_squared": 42015.0, "measurements": 800}