{"n": 500, "k": 30, "degree": 5, "C": 3.0, "ratio": 3.0, "sampling_factor": 1.6, "n_cores": 10, "wait_time": 1000, "time_uncached": 17038.367944955826, "time_cached": 16813.33259677887, "equality": false, "mse": 12353.0, "true_fourier_norm_squared": 105143, "computed_fourier_norm_squared": 106518.0, "measurements": 21824}