{"n": 500, "k": 30, "degree": 2, "C": 1.8, "ratio": 3.0, "sampling_factor": 0.6000000000000001, "n_cores": 10, "wait_time": 100, "time_uncached": 26.92501139640808, "time_cached": 13.561973094940186, "equality": false, "mse": 1856.0, "true_fourier_norm_squared": 85352, "computed_fourier_norm_squared": 85320.0, "measurements": 2112}