{"n": 500, "k": 30, "degree": 4, "C": 0.05, "ratio": 1.1, "sampling_factor": 4.666666666666666, "n_cores": 10, "wait_time": 1000, "time_uncached": 3.886222839355469e-05, "time_cached": 1.3589859008789062e-05, "equality": false, "mse": 100407, "true_fourier_norm_squared": 100407, "computed_fourier_norm_squared": 0, "measurements": 0}