{"n": 500, "k": 30, "degree": 4, "C": 0.6, "ratio": 1.1, "sampling_factor": 0.4, "n_cores": 10, "wait_time": 1000, "time_uncached": 1281.4486799240112, "time_cached": 1265.403648853302, "equality": false, "mse": 594434.0, "true_fourier_norm_squared": 100407, "computed_fourier_norm_squared": 524239.0, "measurements": 2160}