{"n": 500, "k": 30, "degree": 2, "C": 1.8, "ratio": 1.1, "sampling_factor": 0.2, "n_cores": 10, "wait_time": 100, "time_uncached": 6.6709136962890625, "time_cached": 1.3227531909942627, "equality": false, "mse": 509174.0, "true_fourier_norm_squared": 85352, "computed_fourier_norm_squared": 440888.0, "measurements": 1536}