{"n": 500, "k": 30, "degree": 5, "C": 1.8, "ratio": 1.6, "sampling_factor": 1.0, "n_cores": 10, "wait_time": 1000, "time_uncached": 26036.21457386017, "time_cached": 28145.066524505615, "equality": false, "mse": 35392.0, "true_fourier_norm_squared": 105143, "computed_fourier_norm_squared": 69751.0, "measurements": 12480}