{"n": 500, "k": 30, "degree": 5, "C": 2.0, "ratio": 1.1, "sampling_factor": 0.2, "n_cores": 10, "wait_time": 1000, "time_uncached": 15.206568241119385, "time_cached": 5.397927284240723, "equality": false, "mse": 444032.0, "true_fourier_norm_squared": 113260, "computed_fourier_norm_squared": 405318.0, "measurements": 3072}