{"n": 500, "k": 30, "degree": 3, "C": 1.4, "ratio": 1.1, "sampling_factor": 0.4, "n_cores": 10, "wait_time": 100, "time_uncached": 74.35362362861633, "time_cached": 59.95631504058838, "equality": false, "mse": 771827.0, "true_fourier_norm_squared": 124915, "computed_fourier_norm_squared": 734760.0, "measurements": 4032}