{"n": 500, "k": 30, "degree": 4, "C": 0.2, "ratio": 1.6, "sampling_factor": 3.333333333333333, "n_cores": 10, "wait_time": 1000, "time_uncached": 9241.755320072174, "time_cached": 9205.85556769371, "equality": false, "mse": 88106.0, "true_fourier_norm_squared": 100407, "computed_fourier_norm_squared": 9265.0, "measurements": 2604}