{"n": 500, "k": 30, "degree": 2, "C": 0.15, "ratio": 1.6, "sampling_factor": 1.4000000000000001, "n_cores": 10, "wait_time": 100, "time_uncached": 4.705106973648071, "time_cached": 4.102790355682373, "equality": false, "mse": 85352, "true_fourier_norm_squared": 85352, "computed_fourier_norm_squared": 0, "measurements": 200}