{"n": 500, "k": 30, "degree": 4, "C": 1.6, "ratio": 1.6, "sampling_factor": 0.4, "n_cores": 10, "wait_time": 1000, "time_uncached": 1757.7618911266327, "time_cached": 1611.6558856964111, "equality": false, "mse": 820992.0, "true_fourier_norm_squared": 100407, "computed_fourier_norm_squared": 720585.0, "measurements": 3456}