{"n": 500, "k": 30, "degree": 4, "C": 0.2, "ratio": 1.1, "sampling_factor": 5.555555555555555, "n_cores": 10, "wait_time": 1000, "time_uncached": 15161.172256708145, "time_cached": 15287.840797901154, "equality": false, "mse": 82194.0, "true_fourier_norm_squared": 100407, "computed_fourier_norm_squared": 13345.0, "measurements": 8688}