{"n": 500, "k": 30, "degree": 5, "C": 1.0, "ratio": 1.6, "sampling_factor": 1.0, "n_cores": 10, "wait_time": 1000, "time_uncached": 20136.135618448257, "time_cached": 20096.013741254807, "equality": false, "mse": 45692.0, "true_fourier_norm_squared": 103631, "computed_fourier_norm_squared": 74943.0, "measurements": 6240}