{"n": 500, "k": 30, "degree": 4, "C": 2.0, "ratio": 1.6, "sampling_factor": 2.0, "n_cores": 10, "wait_time": 1000, "time_uncached": 6206.277201414108, "time_cached": 6134.737842798233, "equality": false, "mse": 2178.0, "true_fourier_norm_squared": 100407, "computed_fourier_norm_squared": 101859.0, "measurements": 20960}