{"n": 500, "k": 30, "degree": 2, "C": 1.2, "ratio": 1.6, "sampling_factor": 0.6000000000000001, "n_cores": 10, "wait_time": 100, "time_uncached": 25.548327922821045, "time_cached": 10.968268871307373, "equality": false, "mse": 1944.0, "true_fourier_norm_squared": 85352, "computed_fourier_norm_squared": 83804.0, "measurements": 2464}