{"n": 500, "k": 30, "degree": 4, "C": 1.6, "ratio": 3.0, "sampling_factor": 3.7777777777777777, "n_cores": 10, "wait_time": 1000, "time_uncached": 1662.7566394805908, "time_cached": 1627.9837834835052, "equality": false, "mse": 288.0, "true_fourier_norm_squared": 100407, "computed_fourier_norm_squared": 103959.0, "measurements": 19680}