{"n": 500, "k": 30, "degree": 4, "C": 0.6, "ratio": 1.6, "sampling_factor": 0.6000000000000001, "n_cores": 10, "wait_time": 1000, "time_uncached": 14432.962795495987, "time_cached": 15044.42090344429, "equality": false, "mse": 25622.0, "true_fourier_norm_squared": 100407, "computed_fourier_norm_squared": 68561.0, "measurements": 2240}