{"n": 500, "k": 30, "degree": 4, "C": 1.0, "ratio": 3.0, "sampling_factor": 5.111111111111111, "n_cores": 10, "wait_time": 1000, "time_uncached": 2595.6136264801025, "time_cached": 2530.1589317321777, "equality": false, "mse": 15918.0, "true_fourier_norm_squared": 100407, "computed_fourier_norm_squared": 114239.0, "measurements": 15984}