{"n": 500, "k": 30, "degree": 5, "C": 3.0, "ratio": 1.6, "sampling_factor": 0.8, "n_cores": 10, "wait_time": 1000, "time_uncached": 39077.663794755936, "time_cached": 39018.380450725555, "equality": false, "mse": 47351.0, "true_fourier_norm_squared": 105143, "computed_fourier_norm_squared": 57792.0, "measurements": 15872}