{"n": 500, "k": 30, "degree": 4, "C": 0.1, "ratio": 1.1, "sampling_factor": 0.4, "n_cores": 10, "wait_time": 1000, "time_uncached": 422.2884702682495, "time_cached": 419.8681089878082, "equality": false, "mse": 549996.0, "true_fourier_norm_squared": 100407, "computed_fourier_norm_squared": 449589.0, "measurements": 324}