{"n": 500, "k": 30, "degree": 5, "C": 0.4, "ratio": 1.6, "sampling_factor": 0.2, "n_cores": 10, "wait_time": 1000, "time_uncached": 3.1703999042510986, "time_cached": 1.5364100933074951, "equality": false, "mse": 832848.0, "true_fourier_norm_squared": 105143, "computed_fourier_norm_squared": 745203.0, "measurements": 512}