{"n": 500, "k": 30, "degree": 4, "C": 0.15, "ratio": 1.1, "sampling_factor": 1.0, "n_cores": 10, "wait_time": 1000, "time_uncached": 10863.744462490082, "time_cached": 10703.748723268509, "equality": false, "mse": 92226.0, "true_fourier_norm_squared": 100407, "computed_fourier_norm_squared": 10201.0, "measurements": 792}