{"n": 500, "k": 30, "degree": 3, "C": 0.6, "ratio": 1.6, "sampling_factor": 0.6000000000000001, "n_cores": 10, "wait_time": 100, "time_uncached": 310.9585976600647, "time_cached": 301.78530645370483, "equality": false, "mse": 392.0, "true_fourier_norm_squared": 124915, "computed_fourier_norm_squared": 123879.0, "measurements": 1736}