{"n": 500, "k": 30, "degree": 4, "C": 1.8, "ratio": 3.0, "sampling_factor": 2.0, "n_cores": 10, "wait_time": 1000, "time_uncached": 6019.683304786682, "time_cached": 5882.6675481796265, "equality": false, "mse": 3285.0, "true_fourier_norm_squared": 100407, "computed_fourier_norm_squared": 102468.0, "measurements": 12576}