{"n": 500, "k": 30, "degree": 5, "C": 1.4, "ratio": 3.0, "sampling_factor": 0.8, "n_cores": 10, "wait_time": 1000, "time_uncached": 19030.793801784515, "time_cached": 19014.57821059227, "equality": false, "mse": 74100.0, "true_fourier_norm_squared": 105143, "computed_fourier_norm_squared": 26569.0, "measurements": 4960}