{"n": 500, "k": 30, "degree": 5, "C": 0.8, "ratio": 1.6, "sampling_factor": 0.8, "n_cores": 10, "wait_time": 1000, "time_uncached": 20939.86071228981, "time_cached": 20653.056121110916, "equality": false, "mse": 31499.0, "true_fourier_norm_squared": 105143, "computed_fourier_norm_squared": 81872.0, "measurements": 3968}