{"n": 500, "k": 30, "degree": 3, "C": 0.15, "ratio": 3.0, "sampling_factor": 1.4000000000000001, "n_cores": 10, "wait_time": 100, "time_uncached": 3.0279159545898438e-05, "time_cached": 1.1920928955078125e-05, "equality": false, "mse": 124915, "true_fourier_norm_squared": 124915, "computed_fourier_norm_squared": 0, "measurements": 0}