{"n": 500, "k": 30, "degree": 3, "C": 1.0, "ratio": 1.1, "sampling_factor": 0.2, "n_cores": 10, "wait_time": 100, "time_uncached": 4.467379331588745, "time_cached": 1.0029993057250977, "equality": false, "mse": 892212.0, "true_fourier_norm_squared": 124915, "computed_fourier_norm_squared": 769245.0, "measurements": 1056}