{"n": 500, "k": 30, "degree": 4, "C": 0.6, "ratio": 1.1, "sampling_factor": 1.2, "n_cores": 10, "wait_time": 1000, "time_uncached": 15379.461128950119, "time_cached": 15552.668468952179, "equality": false, "mse": 18354.0, "true_fourier_norm_squared": 100407, "computed_fourier_norm_squared": 82597.0, "measurements": 6320}