{"n": 500, "k": 30, "degree": 4, "C": 0.4, "ratio": 3.0, "sampling_factor": 5.555555555555555, "n_cores": 10, "wait_time": 1000, "time_uncached": 2310.7525432109833, "time_cached": 2274.8452620506287, "equality": false, "mse": 68115.0, "true_fourier_norm_squared": 100407, "computed_fourier_norm_squared": 78584.0, "measurements": 5792}