{"n": 500, "k": 30, "degree": 2, "C": 1.8, "ratio": 3.0, "sampling_factor": 0.2, "n_cores": 10, "wait_time": 100, "time_uncached": 2.9715402126312256, "time_cached": 0.5684757232666016, "equality": false, "mse": 314642.0, "true_fourier_norm_squared": 85352, "computed_fourier_norm_squared": 245494.0, "measurements": 768}