{"n": 500, "k": 30, "degree": 2, "C": 1.2, "ratio": 3.0, "sampling_factor": 0.6000000000000001, "n_cores": 10, "wait_time": 100, "time_uncached": 14.992347955703735, "time_cached": 4.507441759109497, "equality": false, "mse": 13766.0, "true_fourier_norm_squared": 85352, "computed_fourier_norm_squared": 88218.0, "measurements": 1760}