{"n": 500, "k": 30, "degree": 4, "C": 1.0, "ratio": 1.6, "sampling_factor": 3.7777777777777777, "n_cores": 10, "wait_time": 1000, "time_uncached": 4857.725562334061, "time_cached": 4716.292553663254, "equality": false, "mse": 7938.0, "true_fourier_norm_squared": 100407, "computed_fourier_norm_squared": 87429.0, "measurements": 19680}