{"n": 500, "k": 30, "degree": 4, "C": 1.8, "ratio": 3.0, "sampling_factor": 0.4, "n_cores": 10, "wait_time": 1000, "time_uncached": 1193.7490468025208, "time_cached": 1181.0780911445618, "equality": false, "mse": 287592.0, "true_fourier_norm_squared": 100407, "computed_fourier_norm_squared": 208269.0, "measurements": 2592}