{"n": 500, "k": 30, "degree": 2, "C": 0.15, "ratio": 1.1, "sampling_factor": 0.2, "n_cores": 10, "wait_time": 100, "time_uncached": 0.5730495452880859, "time_cached": 0.24822545051574707, "equality": false, "mse": 214756.0, "true_fourier_norm_squared": 85352, "computed_fourier_norm_squared": 129404.0, "measurements": 96}