{"n": 50, "k": 30, "degree": 2, "C": 0.4, "ratio": 1.6, "sampling_factor": 0.2, "n_cores": 10, "wait_time": 100, "time_uncached": 0.2376723289489746, "time_cached": 0.11351895332336426, "equality": false, "mse": 752710.0, "true_fourier_norm_squared": 88652, "computed_fourier_norm_squared": 710926.0, "measurements": 160}