{"n": 500, "k": 30, "degree": 4, "C": 0.15, "ratio": 1.1, "sampling_factor": 0.4, "n_cores": 10, "wait_time": 1000, "time_uncached": 396.99391174316406, "time_cached": 390.3800640106201, "equality": false, "mse": 397724.0, "true_fourier_norm_squared": 100407, "computed_fourier_norm_squared": 297317.0, "measurements": 324}