{"n": 500, "k": 30, "degree": 3, "C": 0.2, "ratio": 3.0, "sampling_factor": 0.6000000000000001, "n_cores": 10, "wait_time": 100, "time_uncached": 4.982948303222656e-05, "time_cached": 2.1457672119140625e-05, "equality": false, "mse": 124915, "true_fourier_norm_squared": 124915, "computed_fourier_norm_squared": 0, "measurements": 0}