{"n": 500, "k": 30, "degree": 3, "C": 1.2, "ratio": 1.1, "sampling_factor": 0.2, "n_cores": 10, "wait_time": 100, "time_uncached": 8.487351655960083, "time_cached": 1.3389976024627686, "equality": false, "mse": 711194.0, "true_fourier_norm_squared": 124915, "computed_fourier_norm_squared": 603673.0, "measurements": 1760}