{"n": 500, "k": 30, "degree": 4, "C": 0.15, "ratio": 1.6, "sampling_factor": 0.6000000000000001, "n_cores": 10, "wait_time": 1000, "time_uncached": 3489.6894614696503, "time_cached": 3608.9193274974823, "equality": false, "mse": 100407, "true_fourier_norm_squared": 100407, "computed_fourier_norm_squared": 0, "measurements": 160}