{"n": 500, "k": 30, "degree": 5, "C": 0.8, "ratio": 3.0, "sampling_factor": 0.4, "n_cores": 10, "wait_time": 1000, "time_uncached": 2529.1583638191223, "time_cached": 2550.5424053668976, "equality": false, "mse": 135001.0, "true_fourier_norm_squared": 105143, "computed_fourier_norm_squared": 80898.0, "measurements": 992}