{"n": 500, "k": 30, "degree": 2, "C": 0.6, "ratio": 3.0, "sampling_factor": 0.6000000000000001, "n_cores": 10, "wait_time": 100, "time_uncached": 4.722509384155273, "time_cached": 2.148003578186035, "equality": false, "mse": 33663.0, "true_fourier_norm_squared": 85352, "computed_fourier_norm_squared": 72499.0, "measurements": 704}