{"n": 500, "k": 30, "degree": 5, "C": 1.4, "ratio": 1.6, "sampling_factor": 0.6000000000000001, "n_cores": 10, "wait_time": 1000, "time_uncached": 32230.201237916946, "time_cached": 32216.586318969727, "equality": false, "mse": 49986.0, "true_fourier_norm_squared": 105143, "computed_fourier_norm_squared": 55157.0, "measurements": 6016}