{"n": 500, "k": 30, "degree": 2, "C": 1.4, "ratio": 3.0, "sampling_factor": 1.4000000000000001, "n_cores": 10, "wait_time": 100, "time_uncached": 23.36565136909485, "time_cached": 11.150899410247803, "equality": false, "mse": 3026.0, "true_fourier_norm_squared": 85352, "computed_fourier_norm_squared": 81318.0, "measurements": 4000}