{"n": 500, "k": 30, "degree": 4, "C": 0.8, "ratio": 3.0, "sampling_factor": 3.7777777777777777, "n_cores": 10, "wait_time": 1000, "time_uncached": 1614.9187161922455, "time_cached": 1557.0593202114105, "equality": false, "mse": 44797.0, "true_fourier_norm_squared": 100407, "computed_fourier_norm_squared": 67046.0, "measurements": 7872}