{"n": 500, "k": 30, "degree": 3, "C": 1.6, "ratio": 3.0, "sampling_factor": 1.0, "n_cores": 10, "wait_time": 100, "time_uncached": 132.91838097572327, "time_cached": 120.64285278320312, "equality": false, "mse": 10370.0, "true_fourier_norm_squared": 124915, "computed_fourier_norm_squared": 131231.0, "measurements": 4160}