{"n": 500, "k": 30, "degree": 5, "C": 0.2, "ratio": 1.1, "sampling_factor": 1.2, "n_cores": 10, "wait_time": 1000, "time_uncached": 17016.002040863037, "time_cached": 17002.756548166275, "equality": false, "mse": 81700.0, "true_fourier_norm_squared": 105143, "computed_fourier_norm_squared": 63321.0, "measurements": 2232}