{"n": 500, "k": 30, "degree": 3, "C": 3.0, "ratio": 1.6, "sampling_factor": 0.4, "n_cores": 10, "wait_time": 100, "time_uncached": 112.10670018196106, "time_cached": 79.32800030708313, "equality": false, "mse": 491052.0, "true_fourier_norm_squared": 124915, "computed_fourier_norm_squared": 470215.0, "measurements": 5376}