{"n": 500, "k": 30, "degree": 4, "C": 1.6, "ratio": 3.0, "sampling_factor": 1.6, "n_cores": 10, "wait_time": 1000, "time_uncached": 6828.422631978989, "time_cached": 8581.800629377365, "equality": false, "mse": 13873.0, "true_fourier_norm_squared": 100407, "computed_fourier_norm_squared": 112600.0, "measurements": 8400}