{"n": 500, "k": 30, "degree": 4, "C": 0.1, "ratio": 1.6, "sampling_factor": 0.6000000000000001, "n_cores": 10, "wait_time": 1000, "time_uncached": 3749.7661876678467, "time_cached": 3756.090560436249, "equality": false, "mse": 100407, "true_fourier_norm_squared": 100407, "computed_fourier_norm_squared": 0, "measurements": 160}