{"n": 500, "k": 30, "degree": 5, "C": 1.0, "ratio": 1.1, "sampling_factor": 1.4000000000000001, "n_cores": 10, "wait_time": 1000, "time_uncached": 15377.075632810593, "time_cached": 15324.868438243866, "equality": false, "mse": 19260.0, "true_fourier_norm_squared": 105143, "computed_fourier_norm_squared": 112393.0, "measurements": 10368}