{"n": 500, "k": 30, "degree": 3, "C": 1.2, "ratio": 3.0, "sampling_factor": 1.0, "n_cores": 10, "wait_time": 100, "time_uncached": 179.92507481575012, "time_cached": 171.64522242546082, "equality": false, "mse": 20913.0, "true_fourier_norm_squared": 124915, "computed_fourier_norm_squared": 108532.0, "measurements": 4160}