{"n": 500, "k": 30, "degree": 4, "C": 1.2, "ratio": 3.0, "sampling_factor": 4.222222222222222, "n_cores": 10, "wait_time": 1000, "time_uncached": 3644.1628124713898, "time_cached": 3507.400532245636, "equality": false, "mse": 13084.0, "true_fourier_norm_squared": 100407, "computed_fourier_norm_squared": 95135.0, "measurements": 22000}