{"n": 500, "k": 30, "degree": 4, "C": 0.4, "ratio": 1.1, "sampling_factor": 0.6000000000000001, "n_cores": 10, "wait_time": 1000, "time_uncached": 18404.213376760483, "time_cached": 17868.68893289566, "equality": false, "mse": 32647.0, "true_fourier_norm_squared": 100407, "computed_fourier_norm_squared": 57046.0, "measurements": 1920}