{"n": 500, "k": 30, "degree": 4, "C": 1.4, "ratio": 1.6, "sampling_factor": 4.222222222222222, "n_cores": 10, "wait_time": 1000, "time_uncached": 2362.8169486522675, "time_cached": 2301.313590526581, "equality": false, "mse": 507.0, "true_fourier_norm_squared": 100407, "computed_fourier_norm_squared": 104060.0, "measurements": 35200}