{"n": 500, "k": 30, "degree": 5, "C": 0.8, "ratio": 1.1, "sampling_factor": 1.4000000000000001, "n_cores": 10, "wait_time": 1000, "time_uncached": 16333.290523529053, "time_cached": 16659.35557436943, "equality": false, "mse": 27810.0, "true_fourier_norm_squared": 105143, "computed_fourier_norm_squared": 72305.0, "measurements": 10368}