{"n": 500, "k": 30, "degree": 4, "C": 4.0, "ratio": 3.0, "sampling_factor": 4.666666666666666, "n_cores": 10, "wait_time": 1000, "time_uncached": 1835.1711490154266, "time_cached": 1594.361570596695, "equality": true, "mse": 0.0, "true_fourier_norm_squared": 100407, "computed_fourier_norm_squared": 100407.0, "measurements": 63232}