{"n": 500, "k": 30, "degree": 3, "C": 0.8, "ratio": 3.0, "sampling_factor": 0.2, "n_cores": 10, "wait_time": 100, "time_uncached": 1.3888752460479736, "time_cached": 0.20003533363342285, "equality": false, "mse": 189394.0, "true_fourier_norm_squared": 124915, "computed_fourier_norm_squared": 83745.0, "measurements": 352}