{"n": 500, "k": 30, "degree": 4, "C": 1.4, "ratio": 1.6, "sampling_factor": 0.2, "n_cores": 10, "wait_time": 1000, "time_uncached": 8.279433250427246, "time_cached": 2.488520622253418, "equality": false, "mse": 750438.0, "true_fourier_norm_squared": 100407, "computed_fourier_norm_squared": 650031.0, "measurements": 1792}