{"n": 500, "k": 30, "degree": 4, "C": 1.8, "ratio": 1.1, "sampling_factor": 1.4000000000000001, "n_cores": 10, "wait_time": 1000, "time_uncached": 11733.497181415558, "time_cached": 11737.656254529953, "equality": false, "mse": 1577.0, "true_fourier_norm_squared": 100407, "computed_fourier_norm_squared": 98158.0, "measurements": 17664}