{"n": 500, "k": 30, "degree": 3, "C": 1.4, "ratio": 3.0, "sampling_factor": 0.6000000000000001, "n_cores": 10, "wait_time": 100, "time_uncached": 115.85281610488892, "time_cached": 108.54923939704895, "equality": false, "mse": 11640.0, "true_fourier_norm_squared": 124915, "computed_fourier_norm_squared": 115095.0, "measurements": 2480}