{"n": 500, "k": 30, "degree": 4, "C": 1.6, "ratio": 3.0, "sampling_factor": 1.0, "n_cores": 10, "wait_time": 1000, "time_uncached": 11586.028826236725, "time_cached": 11289.21770954132, "equality": false, "mse": 26428.0, "true_fourier_norm_squared": 100407, "computed_fourier_norm_squared": 74159.0, "measurements": 5280}