{"n": 500, "k": 30, "degree": 3, "C": 1.2, "ratio": 1.6, "sampling_factor": 1.4000000000000001, "n_cores": 10, "wait_time": 100, "time_uncached": 177.287207365036, "time_cached": 152.52393579483032, "equality": false, "mse": 2178.0, "true_fourier_norm_squared": 124915, "computed_fourier_norm_squared": 137125.0, "measurements": 8064}