{"n": 500, "k": 30, "degree": 5, "C": 1.0, "ratio": 1.1, "sampling_factor": 0.6000000000000001, "n_cores": 10, "wait_time": 1000, "time_uncached": 28137.26437664032, "time_cached": 29056.08909845352, "equality": false, "mse": 42558.0, "true_fourier_norm_squared": 105143, "computed_fourier_norm_squared": 92697.0, "measurements": 4512}