{"n": 500, "k": 30, "degree": 3, "C": 1.2, "ratio": 1.6, "sampling_factor": 0.6000000000000001, "n_cores": 10, "wait_time": 100, "time_uncached": 205.41884541511536, "time_cached": 189.69414067268372, "equality": true, "mse": 0.0, "true_fourier_norm_squared": 124915, "computed_fourier_norm_squared": 124915.0, "measurements": 3472}