{"n": 500, "k": 30, "degree": 5, "C": 2.0, "ratio": 3.0, "sampling_factor": 2.0, "n_cores": 10, "wait_time": 1000, "time_uncached": 5496.113064289093, "time_cached": 5456.7924547195435, "equality": false, "mse": 7926.0, "true_fourier_norm_squared": 105143, "computed_fourier_norm_squared": 101837.0, "measurements": 14880}