{"n": 500, "k": 30, "degree": 5, "C": 0.2, "ratio": 1.6, "sampling_factor": 0.6000000000000001, "n_cores": 10, "wait_time": 1000, "time_uncached": 10004.484069824219, "time_cached": 10001.047003746033, "equality": false, "mse": 95731.0, "true_fourier_norm_squared": 105143, "computed_fourier_norm_squared": 7592.0, "measurements": 564}