{"n": 500, "k": 30, "degree": 5, "C": 1.0, "ratio": 1.1, "sampling_factor": 2.0, "n_cores": 10, "wait_time": 1000, "time_uncached": 13241.159545183182, "time_cached": 13131.104947805405, "equality": false, "mse": 8040.0, "true_fourier_norm_squared": 105143, "computed_fourier_norm_squared": 112835.0, "measurements": 14880}