{"n": 500, "k": 30, "degree": 4, "C": 1.6, "ratio": 3.0, "sampling_factor": 2.888888888888889, "n_cores": 10, "wait_time": 1000, "time_uncached": 2590.605934858322, "time_cached": 2568.8068614006042, "equality": false, "mse": 288.0, "true_fourier_norm_squared": 100407, "computed_fourier_norm_squared": 99759.0, "measurements": 15040}