{"n": 500, "k": 30, "degree": 5, "C": 0.05, "ratio": 1.1, "sampling_factor": 1.4000000000000001, "n_cores": 10, "wait_time": 1000, "time_uncached": 3.0517578125e-05, "time_cached": 1.1205673217773438e-05, "equality": false, "mse": 105143, "true_fourier_norm_squared": 105143, "computed_fourier_norm_squared": 0, "measurements": 0}