{"n": 500, "k": 30, "degree": 4, "C": 0.4, "ratio": 1.1, "sampling_factor": 1.2, "n_cores": 10, "wait_time": 1000, "time_uncached": 13342.94925570488, "time_cached": 12119.825638055801, "equality": false, "mse": 26063.0, "true_fourier_norm_squared": 100407, "computed_fourier_norm_squared": 109624.0, "measurements": 3792}