{"n": 500, "k": 30, "degree": 5, "C": 0.2, "ratio": 3.0, "sampling_factor": 0.6000000000000001, "n_cores": 10, "wait_time": 1000, "time_uncached": 2.956390380859375e-05, "time_cached": 1.2159347534179688e-05, "equality": false, "mse": 105143, "true_fourier_norm_squared": 105143, "computed_fourier_norm_squared": 0, "measurements": 0}