{"n": 500, "k": 30, "degree": 4, "C": 0.4, "ratio": 1.6, "sampling_factor": 5.555555555555555, "n_cores": 10, "wait_time": 1000, "time_uncached": 9423.0052216053, "time_cached": 9393.571533441544, "equality": false, "mse": 29067.0, "true_fourier_norm_squared": 100407, "computed_fourier_norm_squared": 81236.0, "measurements": 11584}