{"n": 500, "k": 30, "degree": 5, "C": 1.4, "ratio": 1.1, "sampling_factor": 1.4000000000000001, "n_cores": 10, "wait_time": 1000, "time_uncached": 21679.68878555298, "time_cached": 21123.51663517952, "equality": false, "mse": 15560.0, "true_fourier_norm_squared": 105143, "computed_fourier_norm_squared": 85353.0, "measurements": 20736}