{"n": 500, "k": 30, "degree": 3, "C": 3.0, "ratio": 3.0, "sampling_factor": 0.8, "n_cores": 10, "wait_time": 100, "time_uncached": 218.66721200942993, "time_cached": 204.25076937675476, "equality": false, "mse": 6889.0, "true_fourier_norm_squared": 124915, "computed_fourier_norm_squared": 118026.0, "measurements": 7216}