{"n": 500, "k": 30, "degree": 4, "C": 1.0, "ratio": 1.1, "sampling_factor": 2.888888888888889, "n_cores": 10, "wait_time": 1000, "time_uncached": 6160.680514335632, "time_cached": 5975.800355195999, "equality": false, "mse": 738.0, "true_fourier_norm_squared": 100407, "computed_fourier_norm_squared": 101715.0, "measurements": 18048}