{"n": 500, "k": 30, "degree": 4, "C": 0.6, "ratio": 1.6, "sampling_factor": 0.2, "n_cores": 10, "wait_time": 1000, "time_uncached": 4.048430681228638, "time_cached": 1.4419069290161133, "equality": false, "mse": 614964.0, "true_fourier_norm_squared": 100407, "computed_fourier_norm_squared": 514557.0, "measurements": 784}