{"n": 500, "k": 30, "degree": 2, "C": 2.0, "ratio": 1.6, "sampling_factor": 0.6000000000000001, "n_cores": 10, "wait_time": 100, "time_uncached": 22.8963143825531, "time_cached": 8.086190938949585, "equality": false, "mse": 144.0, "true_fourier_norm_squared": 85352, "computed_fourier_norm_squared": 85208.0, "measurements": 3520}