{"n": 500, "k": 30, "degree": 2, "C": 1.8, "ratio": 3.0, "sampling_factor": 1.4000000000000001, "n_cores": 10, "wait_time": 100, "time_uncached": 27.171324491500854, "time_cached": 12.543891191482544, "equality": true, "mse": 1.0, "true_fourier_norm_squared": 85352, "computed_fourier_norm_squared": 85251.0, "measurements": 4800}