{"n": 500, "k": 30, "degree": 4, "C": 0.4, "ratio": 1.6, "sampling_factor": 2.0, "n_cores": 10, "wait_time": 1000, "time_uncached": 12377.962953567505, "time_cached": 12333.744678020477, "equality": false, "mse": 43461.0, "true_fourier_norm_squared": 100407, "computed_fourier_norm_squared": 81222.0, "measurements": 4192}