{"n": 500, "k": 30, "degree": 4, "C": 1.8, "ratio": 1.6, "sampling_factor": 0.6000000000000001, "n_cores": 10, "wait_time": 1000, "time_uncached": 12613.249811887741, "time_cached": 12609.859009981155, "equality": false, "mse": 4859.0, "true_fourier_norm_squared": 100407, "computed_fourier_norm_squared": 95278.0, "measurements": 6400}