{"n": 500, "k": 30, "degree": 3, "C": 0.2, "ratio": 1.6, "sampling_factor": 0.6000000000000001, "n_cores": 10, "wait_time": 100, "time_uncached": 95.85233640670776, "time_cached": 94.32636952400208, "equality": false, "mse": 158326.0, "true_fourier_norm_squared": 124915, "computed_fourier_norm_squared": 38261.0, "measurements": 372}