{"n": 500, "k": 30, "degree": 4, "C": 3.0, "ratio": 3.0, "sampling_factor": 1.6, "n_cores": 10, "wait_time": 100, "time_uncached": 1944.0830993652344, "time_cached": 1830.9344508647919, "equality": false, "mse": 16148.0, "true_fourier_norm_squared": 96430, "computed_fourier_norm_squared": 107880.0, "measurements": 18480}