{"n": 500, "k": 30, "degree": 4, "C": 1.6, "ratio": 1.6, "sampling_factor": 4.666666666666666, "n_cores": 10, "wait_time": 1000, "time_uncached": 1734.5567092895508, "time_cached": 1586.973878145218, "equality": true, "mse": 0.0, "true_fourier_norm_squared": 100407, "computed_fourier_norm_squared": 100407.0, "measurements": 38912}