{"n": 500, "k": 30, "degree": 4, "C": 1.0, "ratio": 1.6, "sampling_factor": 2.4444444444444446, "n_cores": 10, "wait_time": 1000, "time_uncached": 8843.770243406296, "time_cached": 8410.16875910759, "equality": false, "mse": 403.0, "true_fourier_norm_squared": 100407, "computed_fourier_norm_squared": 99032.0, "measurements": 12720}