{"n": 500, "k": 30, "degree": 3, "C": 0.6, "ratio": 1.1, "sampling_factor": 0.2, "n_cores": 10, "wait_time": 100, "time_uncached": 3.7501437664031982, "time_cached": 0.9908947944641113, "equality": false, "mse": 590442.0, "true_fourier_norm_squared": 124915, "computed_fourier_norm_squared": 508755.0, "measurements": 880}