{"n": 500, "k": 30, "degree": 4, "C": 1.2, "ratio": 3.0, "sampling_factor": 1.2, "n_cores": 10, "wait_time": 1000, "time_uncached": 11956.783546686172, "time_cached": 11817.282142162323, "equality": false, "mse": 17049.0, "true_fourier_norm_squared": 100407, "computed_fourier_norm_squared": 85686.0, "measurements": 6320}