{"n": 500, "k": 30, "degree": 5, "C": 1.8, "ratio": 3.0, "sampling_factor": 0.4, "n_cores": 10, "wait_time": 1000, "time_uncached": 6508.202293395996, "time_cached": 6005.277103185654, "equality": false, "mse": 246566.0, "true_fourier_norm_squared": 105143, "computed_fourier_norm_squared": 214025.0, "measurements": 2976}