{"n": 500, "k": 30, "degree": 5, "C": 1.6, "ratio": 3.0, "sampling_factor": 0.2, "n_cores": 10, "wait_time": 1000, "time_uncached": 6.240274429321289, "time_cached": 2.088648796081543, "equality": false, "mse": 416254.0, "true_fourier_norm_squared": 105143, "computed_fourier_norm_squared": 340793.0, "measurements": 1280}