{"n": 500, "k": 30, "degree": 5, "C": 1.0, "ratio": 1.6, "sampling_factor": 0.4, "n_cores": 10, "wait_time": 1000, "time_uncached": 7178.030600070953, "time_cached": 7291.585155963898, "equality": false, "mse": 387963.0, "true_fourier_norm_squared": 105143, "computed_fourier_norm_squared": 376854.0, "measurements": 2480}