{"n": 500, "k": 30, "degree": 4, "C": 1.0, "ratio": 3.0, "sampling_factor": 1.0, "n_cores": 10, "wait_time": 1000, "time_uncached": 11939.88009595871, "time_cached": 11318.566616535187, "equality": false, "mse": 48820.0, "true_fourier_norm_squared": 100407, "computed_fourier_norm_squared": 80299.0, "measurements": 3168}