{"n": 500, "k": 30, "degree": 4, "C": 4.0, "ratio": 1.1, "sampling_factor": 4.666666666666666, "n_cores": 10, "wait_time": 1000, "time_uncached": 1832.4856283664703, "time_cached": 1411.553949356079, "equality": true, "mse": 0.0, "true_fourier_norm_squared": 100407, "computed_fourier_norm_squared": 100407.0, "measurements": 116736}