{"n": 500, "k": 30, "degree": 4, "C": 0.1, "ratio": 1.1, "sampling_factor": 2.0, "n_cores": 10, "wait_time": 1000, "time_uncached": 11469.942500829697, "time_cached": 11521.570142507553, "equality": false, "mse": 93351.0, "true_fourier_norm_squared": 100407, "computed_fourier_norm_squared": 3136.0, "measurements": 1572}