{"n": 500, "k": 30, "degree": 4, "C": 0.4, "ratio": 3.0, "sampling_factor": 3.7777777777777777, "n_cores": 10, "wait_time": 1000, "time_uncached": 3257.8643896579742, "time_cached": 3243.7317667007446, "equality": false, "mse": 64432.0, "true_fourier_norm_squared": 100407, "computed_fourier_norm_squared": 48521.0, "measurements": 3936}