{"n": 500, "k": 30, "degree": 4, "C": 1.2, "ratio": 1.6, "sampling_factor": 3.7777777777777777, "n_cores": 10, "wait_time": 1000, "time_uncached": 4507.203120470047, "time_cached": 4354.411403417587, "equality": false, "mse": 2756.0, "true_fourier_norm_squared": 100407, "computed_fourier_norm_squared": 96169.0, "measurements": 27552}