{"n": 500, "k": 30, "degree": 5, "C": 1.4, "ratio": 1.6, "sampling_factor": 1.2, "n_cores": 10, "wait_time": 1000, "time_uncached": 18574.424430131912, "time_cached": 18564.783904075623, "equality": false, "mse": 5910.0, "true_fourier_norm_squared": 105143, "computed_fourier_norm_squared": 94967.0, "measurements": 11904}