{"n": 500, "k": 30, "degree": 5, "C": 2.0, "ratio": 1.6, "sampling_factor": 0.2, "n_cores": 10, "wait_time": 1000, "time_uncached": 12.62772250175476, "time_cached": 4.112764596939087, "equality": false, "mse": 632526.0, "true_fourier_norm_squared": 105143, "computed_fourier_norm_squared": 585879.0, "measurements": 2560}