{"n": 500, "k": 30, "degree": 4, "C": 0.6, "ratio": 1.1, "sampling_factor": 3.7777777777777777, "n_cores": 10, "wait_time": 1000, "time_uncached": 4509.177454471588, "time_cached": 4470.848702669144, "equality": false, "mse": 2473.0, "true_fourier_norm_squared": 100407, "computed_fourier_norm_squared": 91586.0, "measurements": 19680}