{"n": 500, "k": 30, "degree": 2, "C": 1.8, "ratio": 1.6, "sampling_factor": 1.4000000000000001, "n_cores": 10, "wait_time": 100, "time_uncached": 43.90704345703125, "time_cached": 18.241469621658325, "equality": false, "mse": 8978.0, "true_fourier_norm_squared": 85352, "computed_fourier_norm_squared": 85352.0, "measurements": 8000}