{"n": 500, "k": 30, "degree": 4, "C": 0.8, "ratio": 1.1, "sampling_factor": 1.8, "n_cores": 10, "wait_time": 1000, "time_uncached": 10418.878799676895, "time_cached": 9552.928225278854, "equality": false, "mse": 1243.0, "true_fourier_norm_squared": 100407, "computed_fourier_norm_squared": 107958.0, "measurements": 11328}