{"n": 500, "k": 30, "degree": 3, "C": 0.15, "ratio": 1.6, "sampling_factor": 0.4, "n_cores": 10, "wait_time": 100, "time_uncached": 1.8915767669677734, "time_cached": 1.8382835388183594, "equality": false, "mse": 158280.0, "true_fourier_norm_squared": 124915, "computed_fourier_norm_squared": 33365.0, "measurements": 84}