{"n": 500, "k": 30, "degree": 4, "C": 3.0, "ratio": 1.1, "sampling_factor": 2.888888888888889, "n_cores": 10, "wait_time": 1000, "time_uncached": 5298.276010274887, "time_cached": 4980.61571097374, "equality": true, "mse": 0.0, "true_fourier_norm_squared": 100407, "computed_fourier_norm_squared": 100407.0, "measurements": 72192}