{"n": 500, "k": 30, "degree": 5, "C": 0.05, "ratio": 1.1, "sampling_factor": 0.6000000000000001, "n_cores": 10, "wait_time": 1000, "time_uncached": 4.363059997558594e-05, "time_cached": 1.6450881958007812e-05, "equality": false, "mse": 105143, "true_fourier_norm_squared": 105143, "computed_fourier_norm_squared": 0, "measurements": 0}