{"n": 500, "k": 30, "degree": 3, "C": 1.2, "ratio": 1.6, "sampling_factor": 1.6, "n_cores": 10, "wait_time": 100, "time_uncached": 173.83174300193787, "time_cached": 143.59620094299316, "equality": false, "mse": 2482.0, "true_fourier_norm_squared": 124915, "computed_fourier_norm_squared": 128103.0, "measurements": 9184}