{"n": 500, "k": 30, "degree": 4, "C": 0.1, "ratio": 1.1, "sampling_factor": 0.8, "n_cores": 10, "wait_time": 1000, "time_uncached": 10380.601804733276, "time_cached": 10001.090096712112, "equality": false, "mse": 92277.0, "true_fourier_norm_squared": 100407, "computed_fourier_norm_squared": 17186.0, "measurements": 636}