{"n": 500, "k": 30, "degree": 5, "C": 1.8, "ratio": 1.1, "sampling_factor": 1.2, "n_cores": 10, "wait_time": 1000, "time_uncached": 27360.880101680756, "time_cached": 26472.527413368225, "equality": false, "mse": 42182.0, "true_fourier_norm_squared": 109724, "computed_fourier_norm_squared": 78486.0, "measurements": 17856}