{"n": 500, "k": 30, "degree": 4, "C": 1.8, "ratio": 1.6, "sampling_factor": 1.4000000000000001, "n_cores": 10, "wait_time": 1000, "time_uncached": 10723.316331386566, "time_cached": 11423.570948600769, "equality": false, "mse": 1800.0, "true_fourier_norm_squared": 100407, "computed_fourier_norm_squared": 104307.0, "measurements": 14720}