{"n": 500, "k": 30, "degree": 4, "C": 1.6, "ratio": 3.0, "sampling_factor": 2.0, "n_cores": 10, "wait_time": 1000, "time_uncached": 8754.312847137451, "time_cached": 8649.092609882355, "equality": false, "mse": 8543.0, "true_fourier_norm_squared": 100407, "computed_fourier_norm_squared": 105086.0, "measurements": 10480}