{"n": 500, "k": 30, "degree": 5, "C": 0.4, "ratio": 1.1, "sampling_factor": 1.8, "n_cores": 10, "wait_time": 1000, "time_uncached": 18273.27395772934, "time_cached": 18348.623431444168, "equality": false, "mse": 37509.0, "true_fourier_norm_squared": 105143, "computed_fourier_norm_squared": 67066.0, "measurements": 6672}