{"n": 500, "k": 30, "degree": 2, "C": 0.4, "ratio": 1.1, "sampling_factor": 0.2, "n_cores": 10, "wait_time": 100, "time_uncached": 1.8751208782196045, "time_cached": 0.7322497367858887, "equality": false, "mse": 399404.0, "true_fourier_norm_squared": 81659, "computed_fourier_norm_squared": 323363.0, "measurements": 384}