{"n": 500, "k": 30, "degree": 4, "C": 1.4, "ratio": 3.0, "sampling_factor": 0.2, "n_cores": 10, "wait_time": 1000, "time_uncached": 4.938385725021362, "time_cached": 1.3354160785675049, "equality": false, "mse": 399932.0, "true_fourier_norm_squared": 100407, "computed_fourier_norm_squared": 299525.0, "measurements": 1120}