{"n": 500, "k": 30, "degree": 4, "C": 1.4, "ratio": 3.0, "sampling_factor": 5.555555555555555, "n_cores": 10, "wait_time": 1000, "time_uncached": 931.765955209732, "time_cached": 833.4264409542084, "equality": false, "mse": 1364.0, "true_fourier_norm_squared": 100407, "computed_fourier_norm_squared": 97951.0, "measurements": 28960}