{"n": 500, "k": 30, "degree": 2, "C": 0.6, "ratio": 1.1, "sampling_factor": 1.4000000000000001, "n_cores": 10, "wait_time": 100, "time_uncached": 27.92802906036377, "time_cached": 15.895340204238892, "equality": false, "mse": 17389.0, "true_fourier_norm_squared": 85352, "computed_fourier_norm_squared": 93377.0, "measurements": 4000}