{"n": 500, "k": 30, "degree": 5, "C": 3.0, "ratio": 1.1, "sampling_factor": 0.4, "n_cores": 10, "wait_time": 1000, "time_uncached": 13102.816442012787, "time_cached": 12655.98136806488, "equality": false, "mse": 346292.0, "true_fourier_norm_squared": 105143, "computed_fourier_norm_squared": 323285.0, "measurements": 11904}