{"n": 500, "k": 30, "degree": 4, "C": 1.2, "ratio": 1.6, "sampling_factor": 2.888888888888889, "n_cores": 10, "wait_time": 1000, "time_uncached": 4831.040056467056, "time_cached": 4731.653832912445, "equality": false, "mse": 338.0, "true_fourier_norm_squared": 100407, "computed_fourier_norm_squared": 102357.0, "measurements": 21056}