{"n": 500, "k": 30, "degree": 2, "C": 1.4, "ratio": 1.1, "sampling_factor": 0.6000000000000001, "n_cores": 10, "wait_time": 100, "time_uncached": 20.76507544517517, "time_cached": 6.040429353713989, "equality": true, "mse": 0.0, "true_fourier_norm_squared": 85352, "computed_fourier_norm_squared": 85352.0, "measurements": 4224}