{"n": 500, "k": 30, "degree": 5, "C": 0.2, "ratio": 1.1, "sampling_factor": 0.6000000000000001, "n_cores": 10, "wait_time": 1000, "time_uncached": 16008.440959215164, "time_cached": 16001.805997610092, "equality": false, "mse": 87801.0, "true_fourier_norm_squared": 105143, "computed_fourier_norm_squared": 20856.0, "measurements": 1128}