{"n": 500, "k": 30, "degree": 4, "C": 1.8, "ratio": 1.1, "sampling_factor": 4.666666666666666, "n_cores": 10, "wait_time": 1000, "time_uncached": 5502.056371688843, "time_cached": 5305.521053314209, "equality": false, "mse": 27.0, "true_fourier_norm_squared": 100407, "computed_fourier_norm_squared": 100284.0, "measurements": 58368}