{"n": 500, "k": 30, "degree": 4, "C": 0.4, "ratio": 3.0, "sampling_factor": 2.4444444444444446, "n_cores": 10, "wait_time": 1000, "time_uncached": 3984.399688720703, "time_cached": 3979.678558111191, "equality": false, "mse": 47682.0, "true_fourier_norm_squared": 100407, "computed_fourier_norm_squared": 62893.0, "measurements": 2544}