{"n": 500, "k": 30, "degree": 4, "C": 1.6, "ratio": 1.6, "sampling_factor": 5.555555555555555, "n_cores": 10, "wait_time": 1000, "time_uncached": 2130.5729928016663, "time_cached": 1960.831081867218, "equality": true, "mse": 0.0, "true_fourier_norm_squared": 100407, "computed_fourier_norm_squared": 100407.0, "measurements": 46336}