{"n": 500, "k": 30, "degree": 4, "C": 1.0, "ratio": 3.0, "sampling_factor": 5.555555555555555, "n_cores": 10, "wait_time": 1000, "time_uncached": 2098.299779891968, "time_cached": 2038.4716436862946, "equality": false, "mse": 6136.0, "true_fourier_norm_squared": 100407, "computed_fourier_norm_squared": 91041.0, "measurements": 17376}