{"n": 500, "k": 30, "degree": 5, "C": 1.8, "ratio": 1.1, "sampling_factor": 0.6000000000000001, "n_cores": 10, "wait_time": 1000, "time_uncached": 31492.63374710083, "time_cached": 31301.71384191513, "equality": false, "mse": 31352.0, "true_fourier_norm_squared": 105143, "computed_fourier_norm_squared": 73791.0, "measurements": 9024}