{"n": 500, "k": 30, "degree": 3, "C": 0.2, "ratio": 1.1, "sampling_factor": 1.4000000000000001, "n_cores": 10, "wait_time": 100, "time_uncached": 177.46816515922546, "time_cached": 181.27674794197083, "equality": false, "mse": 100833.0, "true_fourier_norm_squared": 124915, "computed_fourier_norm_squared": 43120.0, "measurements": 1728}