{"n": 500, "k": 30, "degree": 5, "C": 0.6, "ratio": 1.6, "sampling_factor": 0.4, "n_cores": 10, "wait_time": 1000, "time_uncached": 7138.973837137222, "time_cached": 6866.23069691658, "equality": false, "mse": 539853.0, "true_fourier_norm_squared": 105143, "computed_fourier_norm_squared": 504036.0, "measurements": 1736}