{"n": 500, "k": 30, "degree": 4, "C": 0.6, "ratio": 3.0, "sampling_factor": 0.2, "n_cores": 10, "wait_time": 1000, "time_uncached": 2.5486438274383545, "time_cached": 0.608130931854248, "equality": false, "mse": 180558.0, "true_fourier_norm_squared": 100407, "computed_fourier_norm_squared": 80151.0, "measurements": 448}