{"n": 500, "k": 30, "degree": 5, "C": 1.0, "ratio": 3.0, "sampling_factor": 1.2, "n_cores": 10, "wait_time": 1000, "time_uncached": 11450.605515480042, "time_cached": 11461.181941986084, "equality": false, "mse": 50488.0, "true_fourier_norm_squared": 105143, "computed_fourier_norm_squared": 115713.0, "measurements": 4464}