{"n": 500, "k": 30, "degree": 4, "C": 1.2, "ratio": 3.0, "sampling_factor": 4.666666666666666, "n_cores": 10, "wait_time": 1000, "time_uncached": 3849.2213349342346, "time_cached": 3660.5379045009613, "equality": false, "mse": 2844.0, "true_fourier_norm_squared": 100407, "computed_fourier_norm_squared": 97851.0, "measurements": 24320}