{"n": 500, "k": 30, "degree": 2, "C": 0.6, "ratio": 3.0, "sampling_factor": 1.4000000000000001, "n_cores": 10, "wait_time": 100, "time_uncached": 14.53323245048523, "time_cached": 8.87072467803955, "equality": false, "mse": 48132.0, "true_fourier_norm_squared": 85352, "computed_fourier_norm_squared": 44056.0, "measurements": 1600}