{"n": 500, "k": 30, "degree": 5, "C": 0.6, "ratio": 1.1, "sampling_factor": 0.2, "n_cores": 10, "wait_time": 1000, "time_uncached": 8.150789499282837, "time_cached": 3.930924892425537, "equality": false, "mse": 747408.0, "true_fourier_norm_squared": 105143, "computed_fourier_norm_squared": 679369.0, "measurements": 1280}