{"n": 500, "k": 30, "degree": 4, "C": 0.15, "ratio": 1.6, "sampling_factor": 4.666666666666666, "n_cores": 10, "wait_time": 1000, "time_uncached": 3035.3355770111084, "time_cached": 3025.950011253357, "equality": false, "mse": 96672.0, "true_fourier_norm_squared": 100407, "computed_fourier_norm_squared": 2025.0, "measurements": 1216}