{"n": 500, "k": 30, "degree": 2, "C": 1.4, "ratio": 3.0, "sampling_factor": 0.4, "n_cores": 10, "wait_time": 100, "time_uncached": 10.166668176651001, "time_cached": 3.138066291809082, "equality": false, "mse": 107738.0, "true_fourier_norm_squared": 85352, "computed_fourier_norm_squared": 128214.0, "measurements": 1200}