{"n": 500, "k": 30, "degree": 4, "C": 2.0, "ratio": 1.6, "sampling_factor": 1.0, "n_cores": 10, "wait_time": 1000, "time_uncached": 12253.845959424973, "time_cached": 12680.57519698143, "equality": false, "mse": 1764.0, "true_fourier_norm_squared": 100407, "computed_fourier_norm_squared": 98643.0, "measurements": 10560}