{"n": 500, "k": 30, "degree": 4, "C": 0.4, "ratio": 1.6, "sampling_factor": 2.4444444444444446, "n_cores": 10, "wait_time": 1000, "time_uncached": 13160.245368003845, "time_cached": 14405.891506433487, "equality": false, "mse": 50254.0, "true_fourier_norm_squared": 100407, "computed_fourier_norm_squared": 73601.0, "measurements": 5088}