{"n": 500, "k": 30, "degree": 5, "C": 0.1, "ratio": 1.6, "sampling_factor": 0.4, "n_cores": 10, "wait_time": 1000, "time_uncached": 1000.8556530475616, "time_cached": 1000.1231679916382, "equality": false, "mse": 207253.0, "true_fourier_norm_squared": 105143, "computed_fourier_norm_squared": 102110.0, "measurements": 124}