{"n": 500, "k": 30, "degree": 5, "C": 1.2, "ratio": 1.1, "sampling_factor": 0.4, "n_cores": 10, "wait_time": 1000, "time_uncached": 11010.225494384766, "time_cached": 11209.354383707047, "equality": false, "mse": 390911.0, "true_fourier_norm_squared": 105143, "computed_fourier_norm_squared": 377128.0, "measurements": 4960}