{"n": 500, "k": 30, "degree": 5, "C": 1.2, "ratio": 3.0, "sampling_factor": 1.4000000000000001, "n_cores": 10, "wait_time": 1000, "time_uncached": 10058.81885433197, "time_cached": 10028.742975234985, "equality": false, "mse": 31203.0, "true_fourier_norm_squared": 105143, "computed_fourier_norm_squared": 71828.0, "measurements": 8640}