{"n": 500, "k": 30, "degree": 2, "C": 1.0, "ratio": 1.6, "sampling_factor": 0.6000000000000001, "n_cores": 10, "wait_time": 100, "time_uncached": 13.031083106994629, "time_cached": 7.608285427093506, "equality": false, "mse": 288.0, "true_fourier_norm_squared": 85352, "computed_fourier_norm_squared": 85352.0, "measurements": 1760}