{"n": 500, "k": 30, "degree": 4, "C": 1.6, "ratio": 1.1, "sampling_factor": 1.6, "n_cores": 10, "wait_time": 1000, "time_uncached": 11619.633630275726, "time_cached": 11443.631258010864, "equality": false, "mse": 795.0, "true_fourier_norm_squared": 100407, "computed_fourier_norm_squared": 102764.0, "measurements": 20160}