{"n": 500, "k": 30, "degree": 4, "C": 1.6, "ratio": 1.1, "sampling_factor": 1.4000000000000001, "n_cores": 10, "wait_time": 100, "time_uncached": 2437.5908346176147, "time_cached": 2383.8104994297028, "equality": false, "mse": 9191.0, "true_fourier_norm_squared": 96430, "computed_fourier_norm_squared": 87239.0, "measurements": 17664}