{"n": 500, "k": 30, "degree": 3, "C": 0.15, "ratio": 1.1, "sampling_factor": 0.6000000000000001, "n_cores": 10, "wait_time": 100, "time_uncached": 139.47057008743286, "time_cached": 135.47282004356384, "equality": false, "mse": 124915, "true_fourier_norm_squared": 124915, "computed_fourier_norm_squared": 0, "measurements": 372}