{"n": 500, "k": 30, "degree": 3, "C": 1.8, "ratio": 1.6, "sampling_factor": 0.6000000000000001, "n_cores": 10, "wait_time": 100, "time_uncached": 253.8911943435669, "time_cached": 222.7923264503479, "equality": true, "mse": 0.0, "true_fourier_norm_squared": 124915, "computed_fourier_norm_squared": 124915.0, "measurements": 4960}