{"n": 500, "k": 30, "degree": 4, "C": 4.0, "ratio": 3.0, "sampling_factor": 2.888888888888889, "n_cores": 10, "wait_time": 1000, "time_uncached": 4142.430574893951, "time_cached": 4037.3572096824646, "equality": true, "mse": 0.0, "true_fourier_norm_squared": 100407, "computed_fourier_norm_squared": 100407.0, "measurements": 39104}