{"n": 500, "k": 30, "degree": 4, "C": 1.8, "ratio": 3.0, "sampling_factor": 2.888888888888889, "n_cores": 10, "wait_time": 1000, "time_uncached": 5770.367500066757, "time_cached": 5767.222772598267, "equality": false, "mse": 2809.0, "true_fourier_norm_squared": 100407, "computed_fourier_norm_squared": 96578.0, "measurements": 18048}