{"n": 500, "k": 30, "degree": 3, "C": 0.15, "ratio": 1.1, "sampling_factor": 0.4, "n_cores": 10, "wait_time": 100, "time_uncached": 12.399659872055054, "time_cached": 11.421395778656006, "equality": false, "mse": 460686.0, "true_fourier_norm_squared": 124915, "computed_fourier_norm_squared": 335771.0, "measurements": 252}