{"n": 500, "k": 30, "degree": 5, "C": 1.2, "ratio": 1.6, "sampling_factor": 2.0, "n_cores": 10, "wait_time": 1000, "time_uncached": 9984.669924736023, "time_cached": 10008.916366815567, "equality": false, "mse": 18769.0, "true_fourier_norm_squared": 105143, "computed_fourier_norm_squared": 111682.0, "measurements": 17360}