{"n": 500, "k": 30, "degree": 3, "C": 0.4, "ratio": 1.6, "sampling_factor": 1.6, "n_cores": 10, "wait_time": 100, "time_uncached": 247.21536827087402, "time_cached": 233.4809033870697, "equality": false, "mse": 41165.0, "true_fourier_norm_squared": 124915, "computed_fourier_norm_squared": 148958.0, "measurements": 2624}