{"n": 500, "k": 30, "degree": 5, "C": 3.0, "ratio": 3.0, "sampling_factor": 0.2, "n_cores": 10, "wait_time": 1000, "time_uncached": 13.401731491088867, "time_cached": 3.4208266735076904, "equality": false, "mse": 753432.0, "true_fourier_norm_squared": 105143, "computed_fourier_norm_squared": 700975.0, "measurements": 2816}