{"n": 500, "k": 30, "degree": 4, "C": 3.0, "ratio": 3.0, "sampling_factor": 2.888888888888889, "n_cores": 10, "wait_time": 1000, "time_uncached": 7189.568573951721, "time_cached": 7127.735127210617, "equality": false, "mse": 482.0, "true_fourier_norm_squared": 100407, "computed_fourier_norm_squared": 103641.0, "measurements": 33088}