{"n": 500, "k": 30, "degree": 5, "C": 2.0, "ratio": 1.1, "sampling_factor": 0.4, "n_cores": 10, "wait_time": 1000, "time_uncached": 9060.227632761002, "time_cached": 8519.375238895416, "equality": false, "mse": 210233.0, "true_fourier_norm_squared": 105143, "computed_fourier_norm_squared": 237318.0, "measurements": 5952}