{"n": 500, "k": 30, "degree": 5, "C": 1.6, "ratio": 3.0, "sampling_factor": 2.0, "n_cores": 10, "wait_time": 1000, "time_uncached": 12113.266059398651, "time_cached": 12837.017893075943, "equality": false, "mse": 35915.0, "true_fourier_norm_squared": 105143, "computed_fourier_norm_squared": 89914.0, "measurements": 12400}