{"n": 500, "k": 30, "degree": 5, "C": 3.0, "ratio": 3.0, "sampling_factor": 1.0, "n_cores": 10, "wait_time": 1000, "time_uncached": 19380.731404066086, "time_cached": 19387.099142551422, "equality": false, "mse": 33597.0, "true_fourier_norm_squared": 105143, "computed_fourier_norm_squared": 68738.0, "measurements": 13728}