{"n": 500, "k": 30, "degree": 4, "C": 1.2, "ratio": 1.6, "sampling_factor": 0.2, "n_cores": 10, "wait_time": 1000, "time_uncached": 11.44933819770813, "time_cached": 3.426445245742798, "equality": false, "mse": 743494.0, "true_fourier_norm_squared": 100407, "computed_fourier_norm_squared": 643087.0, "measurements": 1568}