{"n": 500, "k": 30, "degree": 4, "C": 1.0, "ratio": 1.1, "sampling_factor": 3.333333333333333, "n_cores": 10, "wait_time": 1000, "time_uncached": 4523.683616638184, "time_cached": 5062.49055314064, "equality": false, "mse": 18.0, "true_fourier_norm_squared": 100407, "computed_fourier_norm_squared": 100665.0, "measurements": 20832}