{"n": 500, "k": 30, "degree": 2, "C": 1.0, "ratio": 1.1, "sampling_factor": 0.4, "n_cores": 10, "wait_time": 100, "time_uncached": 8.488840341567993, "time_cached": 3.2350804805755615, "equality": false, "mse": 180458.0, "true_fourier_norm_squared": 85352, "computed_fourier_norm_squared": 183894.0, "measurements": 1440}