{"n": 500, "k": 30, "degree": 2, "C": 1.6, "ratio": 1.6, "sampling_factor": 0.2, "n_cores": 10, "wait_time": 100, "time_uncached": 6.286389112472534, "time_cached": 1.1635546684265137, "equality": false, "mse": 772742.0, "true_fourier_norm_squared": 85352, "computed_fourier_norm_squared": 701626.0, "measurements": 1024}