{"n": 500, "k": 30, "degree": 4, "C": 1.8, "ratio": 3.0, "sampling_factor": 1.4000000000000001, "n_cores": 10, "wait_time": 1000, "time_uncached": 8109.519364833832, "time_cached": 8027.810231685638, "equality": false, "mse": 18222.0, "true_fourier_norm_squared": 100407, "computed_fourier_norm_squared": 117961.0, "measurements": 8832}