{"n": 500, "k": 30, "degree": 2, "C": 1.6, "ratio": 1.6, "sampling_factor": 0.6000000000000001, "n_cores": 10, "wait_time": 100, "time_uncached": 15.01266098022461, "time_cached": 5.914695739746094, "equality": true, "mse": 0.0, "true_fourier_norm_squared": 85352, "computed_fourier_norm_squared": 85352.0, "measurements": 2816}