{"n": 500, "k": 30, "degree": 3, "C": 2.0, "ratio": 3.0, "sampling_factor": 2.0, "n_cores": 10, "wait_time": 100, "time_uncached": 199.31652545928955, "time_cached": 146.44236731529236, "equality": false, "mse": 2916.0, "true_fourier_norm_squared": 124915, "computed_fourier_norm_squared": 126805.0, "measurements": 9888}