{"n": 500, "k": 30, "degree": 4, "C": 0.2, "ratio": 1.6, "sampling_factor": 2.0, "n_cores": 10, "wait_time": 1000, "time_uncached": 7006.1748695373535, "time_cached": 7000.864806175232, "equality": false, "mse": 81842.0, "true_fourier_norm_squared": 100407, "computed_fourier_norm_squared": 32075.0, "measurements": 1572}