{"n": 500, "k": 30, "degree": 3, "C": 0.6, "ratio": 3.0, "sampling_factor": 1.4000000000000001, "n_cores": 10, "wait_time": 100, "time_uncached": 192.55261182785034, "time_cached": 182.0731725692749, "equality": false, "mse": 53135.0, "true_fourier_norm_squared": 124915, "computed_fourier_norm_squared": 82788.0, "measurements": 2304}