{"n": 500, "k": 30, "degree": 5, "C": 1.0, "ratio": 1.1, "sampling_factor": 0.2, "n_cores": 10, "wait_time": 1000, "time_uncached": 9.052548170089722, "time_cached": 3.599491596221924, "equality": false, "mse": 673126.0, "true_fourier_norm_squared": 105143, "computed_fourier_norm_squared": 651323.0, "measurements": 1536}