{"n": 500, "k": 30, "degree": 3, "C": 3.0, "ratio": 3.0, "sampling_factor": 0.6000000000000001, "n_cores": 10, "wait_time": 100, "time_uncached": 181.63126516342163, "time_cached": 164.39830684661865, "equality": true, "mse": 0.0, "true_fourier_norm_squared": 124915, "computed_fourier_norm_squared": 124915.0, "measurements": 5456}