{"n": 500, "k": 30, "degree": 3, "C": 0.2, "ratio": 1.6, "sampling_factor": 1.8, "n_cores": 10, "wait_time": 100, "time_uncached": 146.77039456367493, "time_cached": 147.38263297080994, "equality": false, "mse": 114746.0, "true_fourier_norm_squared": 124915, "computed_fourier_norm_squared": 17469.0, "measurements": 1104}