{"n": 500, "k": 30, "degree": 2, "C": 2.0, "ratio": 3.0, "sampling_factor": 1.4000000000000001, "n_cores": 10, "wait_time": 100, "time_uncached": 26.406676530838013, "time_cached": 11.609388828277588, "equality": false, "mse": 8917.0, "true_fourier_norm_squared": 87728, "computed_fourier_norm_squared": 72325.0, "measurements": 4800}