{"n": 500, "k": 30, "degree": 4, "C": 0.6, "ratio": 1.1, "sampling_factor": 2.0, "n_cores": 10, "wait_time": 1000, "time_uncached": 12202.43507885933, "time_cached": 12218.692110061646, "equality": false, "mse": 5884.0, "true_fourier_norm_squared": 100407, "computed_fourier_norm_squared": 98479.0, "measurements": 10480}