{"n": 500, "k": 30, "degree": 5, "C": 1.8, "ratio": 1.1, "sampling_factor": 1.4000000000000001, "n_cores": 10, "wait_time": 1000, "time_uncached": 23076.736808538437, "time_cached": 21971.7975795269, "equality": false, "mse": 18996.0, "true_fourier_norm_squared": 113260, "computed_fourier_norm_squared": 107800.0, "measurements": 20736}