{"n": 500, "k": 30, "degree": 4, "C": 1.2, "ratio": 1.1, "sampling_factor": 0.4, "n_cores": 10, "wait_time": 1000, "time_uncached": 1872.1373517513275, "time_cached": 1853.8496046066284, "equality": false, "mse": 517651.0, "true_fourier_norm_squared": 100407, "computed_fourier_norm_squared": 433806.0, "measurements": 4320}