{"n": 500, "k": 30, "degree": 5, "C": 0.2, "ratio": 1.6, "sampling_factor": 0.4, "n_cores": 10, "wait_time": 1000, "time_uncached": 2882.4045572280884, "time_cached": 2853.4676814079285, "equality": false, "mse": 208939.0, "true_fourier_norm_squared": 105143, "computed_fourier_norm_squared": 127954.0, "measurements": 372}