{"n": 500, "k": 30, "degree": 3, "C": 1.8, "ratio": 1.1, "sampling_factor": 0.6000000000000001, "n_cores": 10, "wait_time": 100, "time_uncached": 153.17379808425903, "time_cached": 133.02535724639893, "equality": true, "mse": 0.0, "true_fourier_norm_squared": 124915, "computed_fourier_norm_squared": 124915.0, "measurements": 5952}