{"n": 500, "k": 30, "degree": 5, "C": 0.4, "ratio": 3.0, "sampling_factor": 1.4000000000000001, "n_cores": 10, "wait_time": 1000, "time_uncached": 6005.799463272095, "time_cached": 6000.782340049744, "equality": false, "mse": 95713.0, "true_fourier_norm_squared": 105143, "computed_fourier_norm_squared": 20846.0, "measurements": 1728}