{"n": 500, "k": 30, "degree": 4, "C": 1.0, "ratio": 1.1, "sampling_factor": 0.6000000000000001, "n_cores": 10, "wait_time": 100, "time_uncached": 2625.139558315277, "time_cached": 2403.087705850601, "equality": false, "mse": 40327.0, "true_fourier_norm_squared": 96430, "computed_fourier_norm_squared": 68967.0, "measurements": 3840}