{"n": 500, "k": 30, "degree": 3, "C": 0.6, "ratio": 1.6, "sampling_factor": 1.2, "n_cores": 10, "wait_time": 100, "time_uncached": 127.30804347991943, "time_cached": 114.83716559410095, "equality": false, "mse": 35238.0, "true_fourier_norm_squared": 124915, "computed_fourier_norm_squared": 109405.0, "measurements": 3472}