{"n": 500, "k": 30, "degree": 5, "C": 1.4, "ratio": 1.1, "sampling_factor": 0.6000000000000001, "n_cores": 10, "wait_time": 1000, "time_uncached": 37223.41535758972, "time_cached": 37438.91663312912, "equality": false, "mse": 49587.0, "true_fourier_norm_squared": 105143, "computed_fourier_norm_squared": 65866.0, "measurements": 9024}