{"n": 500, "k": 30, "degree": 4, "C": 2.0, "ratio": 3.0, "sampling_factor": 2.4444444444444446, "n_cores": 10, "wait_time": 1000, "time_uncached": 5645.882881402969, "time_cached": 6339.612680912018, "equality": false, "mse": 144.0, "true_fourier_norm_squared": 100407, "computed_fourier_norm_squared": 100263.0, "measurements": 15264}