{"n": 500, "k": 30, "degree": 3, "C": 1.4, "ratio": 1.1, "sampling_factor": 0.2, "n_cores": 10, "wait_time": 100, "time_uncached": 8.751129627227783, "time_cached": 1.833540439605713, "equality": false, "mse": 1157064.0, "true_fourier_norm_squared": 124915, "computed_fourier_norm_squared": 1064411.0, "measurements": 2112}