{"n": 500, "k": 30, "degree": 4, "C": 2.0, "ratio": 1.1, "sampling_factor": 0.4, "n_cores": 10, "wait_time": 1000, "time_uncached": 2855.1558208465576, "time_cached": 2907.014659166336, "equality": false, "mse": 635648.0, "true_fourier_norm_squared": 100407, "computed_fourier_norm_squared": 548633.0, "measurements": 5184}