{"n": 500, "k": 30, "degree": 5, "C": 0.4, "ratio": 1.1, "sampling_factor": 1.0, "n_cores": 10, "wait_time": 1000, "time_uncached": 22666.709831237793, "time_cached": 22747.050274133682, "equality": false, "mse": 51114.0, "true_fourier_norm_squared": 105143, "computed_fourier_norm_squared": 49933.0, "measurements": 3744}