{"n": 500, "k": 30, "degree": 4, "C": 0.1, "ratio": 1.1, "sampling_factor": 2.888888888888889, "n_cores": 10, "wait_time": 1000, "time_uncached": 11011.593942403793, "time_cached": 11001.237468004227, "equality": false, "mse": 99319.0, "true_fourier_norm_squared": 100407, "computed_fourier_norm_squared": 18496.0, "measurements": 2256}