{"n": 500, "k": 30, "degree": 5, "C": 3.0, "ratio": 1.1, "sampling_factor": 1.8, "n_cores": 10, "wait_time": 1000, "time_uncached": 14358.146101474762, "time_cached": 14654.582556247711, "equality": false, "mse": 20198.0, "true_fourier_norm_squared": 105143, "computed_fourier_norm_squared": 84945.0, "measurements": 53376}