{"n": 500, "k": 30, "degree": 2, "C": 3.0, "ratio": 1.6, "sampling_factor": 0.2, "n_cores": 10, "wait_time": 100, "time_uncached": 7.339200258255005, "time_cached": 1.2659859657287598, "equality": false, "mse": 591814.0, "true_fourier_norm_squared": 85352, "computed_fourier_norm_squared": 506766.0, "measurements": 2048}