{"n": 500, "k": 30, "degree": 5, "C": 3.0, "ratio": 1.1, "sampling_factor": 1.4000000000000001, "n_cores": 10, "wait_time": 1000, "time_uncached": 28373.76402068138, "time_cached": 28016.218574762344, "equality": false, "mse": 37205.0, "true_fourier_norm_squared": 105143, "computed_fourier_norm_squared": 67938.0, "measurements": 41472}