{"n": 500, "k": 30, "degree": 4, "C": 0.8, "ratio": 1.1, "sampling_factor": 2.0, "n_cores": 10, "wait_time": 1000, "time_uncached": 11031.474445819855, "time_cached": 11711.499741315842, "equality": false, "mse": 4240.0, "true_fourier_norm_squared": 100407, "computed_fourier_norm_squared": 95495.0, "measurements": 12576}