{"n": 500, "k": 30, "degree": 5, "C": 0.6, "ratio": 1.1, "sampling_factor": 1.4000000000000001, "n_cores": 10, "wait_time": 1000, "time_uncached": 18047.392334461212, "time_cached": 18128.79791688919, "equality": false, "mse": 19297.0, "true_fourier_norm_squared": 105143, "computed_fourier_norm_squared": 85808.0, "measurements": 8640}