{"n": 500, "k": 30, "degree": 4, "C": 1.6, "ratio": 3.0, "sampling_factor": 2.4444444444444446, "n_cores": 10, "wait_time": 1000, "time_uncached": 5365.966680288315, "time_cached": 5419.6982362270355, "equality": false, "mse": 3488.0, "true_fourier_norm_squared": 100407, "computed_fourier_norm_squared": 93919.0, "measurements": 12720}