{"n": 500, "k": 30, "degree": 4, "C": 0.8, "ratio": 3.0, "sampling_factor": 5.555555555555555, "n_cores": 10, "wait_time": 1000, "time_uncached": 1509.2202639579773, "time_cached": 1609.157118320465, "equality": false, "mse": 25689.0, "true_fourier_norm_squared": 100407, "computed_fourier_norm_squared": 98906.0, "measurements": 11584}