{"n": 500, "k": 30, "degree": 3, "C": 1.0, "ratio": 1.6, "sampling_factor": 0.6000000000000001, "n_cores": 10, "wait_time": 100, "time_uncached": 194.630220413208, "time_cached": 186.3132815361023, "equality": false, "mse": 1499.0, "true_fourier_norm_squared": 124915, "computed_fourier_norm_squared": 117022.0, "measurements": 2480}