{"n": 500, "k": 30, "degree": 4, "C": 0.4, "ratio": 1.6, "sampling_factor": 2.888888888888889, "n_cores": 10, "wait_time": 1000, "time_uncached": 13433.968088388443, "time_cached": 13771.873886585236, "equality": false, "mse": 47420.0, "true_fourier_norm_squared": 100407, "computed_fourier_norm_squared": 90659.0, "measurements": 6016}