{"n": 50, "k": 30, "degree": 2, "C": 0.1, "ratio": 3.0, "sampling_factor": 1.0999999999999999, "n_cores": 10, "wait_time": 100, "time_uncached": 2.9325485229492188e-05, "time_cached": 1.1920928955078125e-05, "equality": false, "mse": 85352, "true_fourier_norm_squared": 85352, "computed_fourier_norm_squared": 0, "measurements": 0}