{"n": 500, "k": 30, "degree": 4, "C": 3.0, "ratio": 1.1, "sampling_factor": 3.333333333333333, "n_cores": 10, "wait_time": 1000, "time_uncached": 3069.7268393039703, "time_cached": 2710.4616627693176, "equality": true, "mse": 0.0, "true_fourier_norm_squared": 100407, "computed_fourier_norm_squared": 100407.0, "measurements": 83328}