{"n": 50, "k": 30, "degree": 2, "C": 0.6, "ratio": 1.6, "sampling_factor": 0.2, "n_cores": 10, "wait_time": 100, "time_uncached": 0.27997684478759766, "time_cached": 0.13946795463562012, "equality": false, "mse": 506868.0, "true_fourier_norm_squared": 85352, "computed_fourier_norm_squared": 435290.0, "measurements": 280}