{"n": 500, "k": 30, "degree": 4, "C": 0.1, "ratio": 1.6, "sampling_factor": 3.333333333333333, "n_cores": 10, "wait_time": 1000, "time_uncached": 3005.7027354240417, "time_cached": 3000.426287651062, "equality": false, "mse": 94567.0, "true_fourier_norm_squared": 100407, "computed_fourier_norm_squared": 21316.0, "measurements": 868}