{"n": 500, "k": 30, "degree": 3, "C": 1.0, "ratio": 1.1, "sampling_factor": 1.6, "n_cores": 10, "wait_time": 100, "time_uncached": 251.24479937553406, "time_cached": 252.55703926086426, "equality": false, "mse": 1458.0, "true_fourier_norm_squared": 124915, "computed_fourier_norm_squared": 135607.0, "measurements": 7872}