{"n": 500, "k": 30, "degree": 4, "C": 1.0, "ratio": 1.6, "sampling_factor": 4.222222222222222, "n_cores": 10, "wait_time": 1000, "time_uncached": 5876.876635551453, "time_cached": 5922.892504930496, "equality": false, "mse": 3216.0, "true_fourier_norm_squared": 100407, "computed_fourier_norm_squared": 96129.0, "measurements": 22000}