{"n": 500, "k": 30, "degree": 4, "C": 0.6, "ratio": 1.6, "sampling_factor": 5.555555555555555, "n_cores": 10, "wait_time": 1000, "time_uncached": 1023.1047892570496, "time_cached": 961.9641404151917, "equality": false, "mse": 288.0, "true_fourier_norm_squared": 100407, "computed_fourier_norm_squared": 99063.0, "measurements": 20272}