{"n": 500, "k": 30, "degree": 4, "C": 1.0, "ratio": 1.1, "sampling_factor": 5.555555555555555, "n_cores": 10, "wait_time": 1000, "time_uncached": 1429.051097869873, "time_cached": 1283.777803659439, "equality": true, "mse": 0.0, "true_fourier_norm_squared": 100407, "computed_fourier_norm_squared": 100407.0, "measurements": 34752}