{"n": 500, "k": 30, "degree": 3, "C": 2.0, "ratio": 1.6, "sampling_factor": 1.4000000000000001, "n_cores": 10, "wait_time": 100, "time_uncached": 228.47628593444824, "time_cached": 181.74471139907837, "equality": true, "mse": 0.0, "true_fourier_norm_squared": 124915, "computed_fourier_norm_squared": 124915.0, "measurements": 11520}