{"n": 500, "k": 30, "degree": 3, "C": 0.8, "ratio": 1.1, "sampling_factor": 0.6000000000000001, "n_cores": 10, "wait_time": 100, "time_uncached": 266.9541063308716, "time_cached": 248.2886061668396, "equality": false, "mse": 2450.0, "true_fourier_norm_squared": 124915, "computed_fourier_norm_squared": 131411.0, "measurements": 2976}