{"n": 500, "k": 30, "degree": 4, "C": 2.0, "ratio": 3.0, "sampling_factor": 4.222222222222222, "n_cores": 10, "wait_time": 1000, "time_uncached": 3386.2138295173645, "time_cached": 3212.391790151596, "equality": false, "mse": 2966.0, "true_fourier_norm_squared": 100407, "computed_fourier_norm_squared": 106539.0, "measurements": 26400}