{"n": 500, "k": 30, "degree": 4, "C": 0.6, "ratio": 3.0, "sampling_factor": 3.7777777777777777, "n_cores": 10, "wait_time": 1000, "time_uncached": 1278.7430086135864, "time_cached": 1252.677537202835, "equality": false, "mse": 42506.0, "true_fourier_norm_squared": 100407, "computed_fourier_norm_squared": 86907.0, "measurements": 7872}