{"n": 500, "k": 30, "degree": 3, "C": 0.6, "ratio": 3.0, "sampling_factor": 1.8, "n_cores": 10, "wait_time": 100, "time_uncached": 113.96850776672363, "time_cached": 94.21681523323059, "equality": false, "mse": 61650.0, "true_fourier_norm_squared": 124915, "computed_fourier_norm_squared": 116175.0, "measurements": 2944}