{"n": 500, "k": 30, "degree": 2, "C": 0.6, "ratio": 1.1, "sampling_factor": 0.4, "n_cores": 10, "wait_time": 100, "time_uncached": 6.523499488830566, "time_cached": 2.7226715087890625, "equality": false, "mse": 197064.0, "true_fourier_norm_squared": 85352, "computed_fourier_norm_squared": 242998.0, "measurements": 1200}