{"n": 500, "k": 30, "degree": 5, "C": 0.8, "ratio": 1.1, "sampling_factor": 1.0, "n_cores": 10, "wait_time": 1000, "time_uncached": 27073.142157316208, "time_cached": 27096.825615406036, "equality": false, "mse": 41867.0, "true_fourier_norm_squared": 105143, "computed_fourier_norm_squared": 83224.0, "measurements": 7488}