{"n": 50, "k": 30, "degree": 2, "C": 0.2, "ratio": 1.1, "sampling_factor": 1.0999999999999999, "n_cores": 10, "wait_time": 100, "time_uncached": 0.6432783603668213, "time_cached": 0.3208169937133789, "equality": false, "mse": 45778.0, "true_fourier_norm_squared": 98634, "computed_fourier_norm_squared": 104072.0, "measurements": 624}