{"n": 500, "k": 30, "degree": 4, "C": 1.0, "ratio": 3.0, "sampling_factor": 1.4000000000000001, "n_cores": 10, "wait_time": 1000, "time_uncached": 11164.104359149933, "time_cached": 11149.52375459671, "equality": false, "mse": 23631.0, "true_fourier_norm_squared": 100407, "computed_fourier_norm_squared": 82168.0, "measurements": 4416}