{"n": 500, "k": 30, "degree": 2, "C": 1.4, "ratio": 1.1, "sampling_factor": 1.4000000000000001, "n_cores": 10, "wait_time": 100, "time_uncached": 47.20051336288452, "time_cached": 18.174484491348267, "equality": false, "mse": 144.0, "true_fourier_norm_squared": 91264, "computed_fourier_norm_squared": 91120.0, "measurements": 9600}