{"n": 500, "k": 30, "degree": 4, "C": 0.8, "ratio": 1.1, "sampling_factor": 0.2, "n_cores": 10, "wait_time": 1000, "time_uncached": 6.638757705688477, "time_cached": 2.3591434955596924, "equality": false, "mse": 812290.0, "true_fourier_norm_squared": 100407, "computed_fourier_norm_squared": 711883.0, "measurements": 1344}