{"n": 500, "k": 30, "degree": 2, "C": 0.4, "ratio": 1.6, "sampling_factor": 0.6000000000000001, "n_cores": 10, "wait_time": 100, "time_uncached": 13.066742897033691, "time_cached": 7.376061201095581, "equality": false, "mse": 29753.0, "true_fourier_norm_squared": 85352, "computed_fourier_norm_squared": 78353.0, "measurements": 704}