{"n": 500, "k": 30, "degree": 4, "C": 0.8, "ratio": 1.6, "sampling_factor": 2.0, "n_cores": 10, "wait_time": 1000, "time_uncached": 11272.842440843582, "time_cached": 11221.37727856636, "equality": false, "mse": 14168.0, "true_fourier_norm_squared": 100407, "computed_fourier_norm_squared": 114789.0, "measurements": 8384}