{"n": 500, "k": 30, "degree": 2, "C": 2.0, "ratio": 1.6, "sampling_factor": 1.4000000000000001, "n_cores": 10, "wait_time": 100, "time_uncached": 37.94959878921509, "time_cached": 12.806981563568115, "equality": true, "mse": 0.0, "true_fourier_norm_squared": 85352, "computed_fourier_norm_squared": 85352.0, "measurements": 8000}