{"n": 500, "k": 30, "degree": 4, "C": 0.4, "ratio": 3.0, "sampling_factor": 1.4000000000000001, "n_cores": 10, "wait_time": 1000, "time_uncached": 5309.750872135162, "time_cached": 5308.967383861542, "equality": false, "mse": 71138.0, "true_fourier_norm_squared": 100407, "computed_fourier_norm_squared": 33431.0, "measurements": 1472}