{"n": 500, "k": 30, "degree": 3, "C": 0.2, "ratio": 1.1, "sampling_factor": 0.6000000000000001, "n_cores": 10, "wait_time": 100, "time_uncached": 125.33701872825623, "time_cached": 122.25520634651184, "equality": false, "mse": 93201.0, "true_fourier_norm_squared": 124915, "computed_fourier_norm_squared": 49966.0, "measurements": 744}