{"n": 500, "k": 30, "degree": 4, "C": 0.4, "ratio": 3.0, "sampling_factor": 0.4, "n_cores": 10, "wait_time": 1000, "time_uncached": 214.8758246898651, "time_cached": 219.74851512908936, "equality": false, "mse": 197990.0, "true_fourier_norm_squared": 100407, "computed_fourier_norm_squared": 97583.0, "measurements": 432}