{"n": 500, "k": 30, "degree": 5, "C": 1.0, "ratio": 1.6, "sampling_factor": 0.6000000000000001, "n_cores": 10, "wait_time": 1000, "time_uncached": 26015.375012874603, "time_cached": 26003.024551153183, "equality": false, "mse": 58223.0, "true_fourier_norm_squared": 105143, "computed_fourier_norm_squared": 41212.0, "measurements": 3760}