{"n": 500, "k": 30, "degree": 5, "C": 3.0, "ratio": 1.1, "sampling_factor": 0.8, "n_cores": 10, "wait_time": 1000, "time_uncached": 22079.419505119324, "time_cached": 22337.312697172165, "equality": false, "mse": 30064.0, "true_fourier_norm_squared": 105143, "computed_fourier_norm_squared": 73081.0, "measurements": 23808}