{"n": 500, "k": 30, "degree": 4, "C": 0.2, "ratio": 1.6, "sampling_factor": 0.6000000000000001, "n_cores": 10, "wait_time": 1000, "time_uncached": 7207.280921220779, "time_cached": 7778.287607431412, "equality": false, "mse": 99604.0, "true_fourier_norm_squared": 100407, "computed_fourier_norm_squared": 1853.0, "measurements": 480}