{"n": 500, "k": 30, "degree": 4, "C": 3.0, "ratio": 1.6, "sampling_factor": 6.0, "n_cores": 10, "wait_time": 1000, "time_uncached": 1620.7869946956635, "time_cached": 1273.8442447185516, "equality": true, "mse": 0.0, "true_fourier_norm_squared": 100407, "computed_fourier_norm_squared": 100407.0, "measurements": 100096}