{"n": 500, "k": 30, "degree": 5, "C": 1.6, "ratio": 1.6, "sampling_factor": 1.4000000000000001, "n_cores": 10, "wait_time": 1000, "time_uncached": 20169.75464630127, "time_cached": 20149.428332090378, "equality": false, "mse": 24810.0, "true_fourier_norm_squared": 105143, "computed_fourier_norm_squared": 121811.0, "measurements": 13824}