{"n": 500, "k": 30, "degree": 5, "C": 1.4, "ratio": 1.6, "sampling_factor": 1.8, "n_cores": 10, "wait_time": 1000, "time_uncached": 10545.872945308685, "time_cached": 10365.690143823624, "equality": false, "mse": 11618.0, "true_fourier_norm_squared": 105143, "computed_fourier_norm_squared": 93149.0, "measurements": 17792}