{"n": 500, "k": 30, "degree": 3, "C": 0.4, "ratio": 3.0, "sampling_factor": 0.6000000000000001, "n_cores": 10, "wait_time": 100, "time_uncached": 70.3099274635315, "time_cached": 68.74739623069763, "equality": false, "mse": 62744.0, "true_fourier_norm_squared": 124915, "computed_fourier_norm_squared": 130657.0, "measurements": 496}