{"n": 500, "k": 30, "degree": 5, "C": 3.0, "ratio": 1.6, "sampling_factor": 0.6000000000000001, "n_cores": 10, "wait_time": 1000, "time_uncached": 39044.27666974068, "time_cached": 39004.7150785923, "equality": false, "mse": 61830.0, "true_fourier_norm_squared": 105143, "computed_fourier_norm_squared": 61867.0, "measurements": 12032}