{"n": 500, "k": 30, "degree": 5, "C": 1.8, "ratio": 1.6, "sampling_factor": 0.8, "n_cores": 10, "wait_time": 1000, "time_uncached": 31261.645914793015, "time_cached": 31991.363932609558, "equality": false, "mse": 32926.0, "true_fourier_norm_squared": 105143, "computed_fourier_norm_squared": 72217.0, "measurements": 9920}