{"n": 500, "k": 30, "degree": 4, "C": 0.2, "ratio": 1.6, "sampling_factor": 5.555555555555555, "n_cores": 10, "wait_time": 1000, "time_uncached": 8996.246502399445, "time_cached": 9089.273992300034, "equality": false, "mse": 87732.0, "true_fourier_norm_squared": 100407, "computed_fourier_norm_squared": 19289.0, "measurements": 4344}