{"n": 500, "k": 30, "degree": 5, "C": 1.4, "ratio": 3.0, "sampling_factor": 1.0, "n_cores": 10, "wait_time": 1000, "time_uncached": 13199.625281333923, "time_cached": 13154.650949716568, "equality": false, "mse": 38455.0, "true_fourier_norm_squared": 105143, "computed_fourier_norm_squared": 96318.0, "measurements": 6240}