{"n": 500, "k": 30, "degree": 3, "C": 1.2, "ratio": 3.0, "sampling_factor": 0.4, "n_cores": 10, "wait_time": 100, "time_uncached": 80.67890357971191, "time_cached": 68.97928547859192, "equality": false, "mse": 517388.0, "true_fourier_norm_squared": 124915, "computed_fourier_norm_squared": 470315.0, "measurements": 1680}