{"n": 500, "k": 30, "degree": 5, "C": 0.8, "ratio": 3.0, "sampling_factor": 0.2, "n_cores": 10, "wait_time": 1000, "time_uncached": 4.7804834842681885, "time_cached": 1.723264217376709, "equality": false, "mse": 150466.0, "true_fourier_norm_squared": 105143, "computed_fourier_norm_squared": 77617.0, "measurements": 512}