{"n": 500, "k": 30, "degree": 5, "C": 0.15, "ratio": 1.1, "sampling_factor": 0.2, "n_cores": 10, "wait_time": 1000, "time_uncached": 2.6208364963531494, "time_cached": 2.015348434448242, "equality": false, "mse": 629482.0, "true_fourier_norm_squared": 105143, "computed_fourier_norm_squared": 524339.0, "measurements": 192}