{"n": 500, "k": 30, "degree": 4, "C": 1.8, "ratio": 1.1, "sampling_factor": 0.2, "n_cores": 10, "wait_time": 1000, "time_uncached": 12.847005605697632, "time_cached": 3.6903769969940186, "equality": false, "mse": 666495.0, "true_fourier_norm_squared": 100407, "computed_fourier_norm_squared": 566088.0, "measurements": 2688}