{"n": 500, "k": 30, "degree": 3, "C": 3.0, "ratio": 1.1, "sampling_factor": 0.6000000000000001, "n_cores": 10, "wait_time": 100, "time_uncached": 195.62614059448242, "time_cached": 155.92930793762207, "equality": false, "mse": 5184.0, "true_fourier_norm_squared": 124915, "computed_fourier_norm_squared": 119731.0, "measurements": 11904}