{"n": 500, "k": 30, "degree": 5, "C": 0.15, "ratio": 1.1, "sampling_factor": 0.6000000000000001, "n_cores": 10, "wait_time": 1000, "time_uncached": 12002.930690288544, "time_cached": 12000.80729675293, "equality": false, "mse": 105143, "true_fourier_norm_squared": 105143, "computed_fourier_norm_squared": 0, "measurements": 564}