{"n": 500, "k": 30, "degree": 5, "C": 1.2, "ratio": 1.1, "sampling_factor": 0.6000000000000001, "n_cores": 10, "wait_time": 1000, "time_uncached": 31709.197539806366, "time_cached": 32578.49489736557, "equality": false, "mse": 56048.0, "true_fourier_norm_squared": 105143, "computed_fourier_norm_squared": 52543.0, "measurements": 7520}