{"n": 500, "k": 30, "degree": 4, "C": 1.2, "ratio": 3.0, "sampling_factor": 3.333333333333333, "n_cores": 10, "wait_time": 1000, "time_uncached": 3782.7937507629395, "time_cached": 3636.615909099579, "equality": false, "mse": 9051.0, "true_fourier_norm_squared": 100407, "computed_fourier_norm_squared": 88016.0, "measurements": 17360}