{"n": 500, "k": 30, "degree": 3, "C": 1.8, "ratio": 1.1, "sampling_factor": 0.4, "n_cores": 10, "wait_time": 100, "time_uncached": 54.787840127944946, "time_cached": 44.69481825828552, "equality": false, "mse": 431328.0, "true_fourier_norm_squared": 124915, "computed_fourier_norm_squared": 430439.0, "measurements": 4032}