{"n": 500, "k": 30, "degree": 5, "C": 1.4, "ratio": 1.6, "sampling_factor": 0.4, "n_cores": 10, "wait_time": 1000, "time_uncached": 10152.187353849411, "time_cached": 10046.862358808517, "equality": false, "mse": 357228.0, "true_fourier_norm_squared": 105143, "computed_fourier_norm_squared": 372037.0, "measurements": 3968}