{"n": 500, "k": 30, "degree": 2, "C": 0.8, "ratio": 1.1, "sampling_factor": 0.2, "n_cores": 10, "wait_time": 100, "time_uncached": 3.4161858558654785, "time_cached": 0.9297006130218506, "equality": false, "mse": 499356.0, "true_fourier_norm_squared": 85352, "computed_fourier_norm_squared": 458212.0, "measurements": 768}