{"n": 500, "k": 30, "degree": 4, "C": 1.2, "ratio": 1.6, "sampling_factor": 1.4000000000000001, "n_cores": 10, "wait_time": 1000, "time_uncached": 11617.678333759308, "time_cached": 12729.04476428032, "equality": false, "mse": 529.0, "true_fourier_norm_squared": 100407, "computed_fourier_norm_squared": 99878.0, "measurements": 10304}