{"n": 500, "k": 30, "degree": 3, "C": 0.4, "ratio": 1.1, "sampling_factor": 0.2, "n_cores": 10, "wait_time": 100, "time_uncached": 2.441927909851074, "time_cached": 0.7245371341705322, "equality": false, "mse": 1008010.0, "true_fourier_norm_squared": 124915, "computed_fourier_norm_squared": 905641.0, "measurements": 528}