{"n": 500, "k": 30, "degree": 4, "C": 0.15, "ratio": 1.6, "sampling_factor": 1.4000000000000001, "n_cores": 10, "wait_time": 1000, "time_uncached": 3809.1183178424835, "time_cached": 4000.4358294010162, "equality": false, "mse": 100407, "true_fourier_norm_squared": 100407, "computed_fourier_norm_squared": 0, "measurements": 368}