{"n": 500, "k": 30, "degree": 4, "C": 3.0, "ratio": 1.1, "sampling_factor": 4.666666666666666, "n_cores": 10, "wait_time": 1000, "time_uncached": 1266.0545301437378, "time_cached": 865.5287282466888, "equality": true, "mse": 0.0, "true_fourier_norm_squared": 100407, "computed_fourier_norm_squared": 100407.0, "measurements": 116736}