{"n": 500, "k": 30, "degree": 3, "C": 0.8, "ratio": 3.0, "sampling_factor": 1.4000000000000001, "n_cores": 10, "wait_time": 100, "time_uncached": 125.60386419296265, "time_cached": 120.95885729789734, "equality": false, "mse": 56760.0, "true_fourier_norm_squared": 124959, "computed_fourier_norm_squared": 59281.0, "measurements": 2304}