{"n": 500, "k": 30, "degree": 5, "C": 0.4, "ratio": 3.0, "sampling_factor": 0.2, "n_cores": 10, "wait_time": 1000, "time_uncached": 1.519920825958252, "time_cached": 0.6160848140716553, "equality": false, "mse": 157398.0, "true_fourier_norm_squared": 105398, "computed_fourier_norm_squared": 98074.0, "measurements": 256}