{"n": 500, "k": 30, "degree": 4, "C": 2.0, "ratio": 3.0, "sampling_factor": 5.111111111111111, "n_cores": 10, "wait_time": 1000, "time_uncached": 986.3345150947571, "time_cached": 840.5077414512634, "equality": false, "mse": 2794.0, "true_fourier_norm_squared": 100407, "computed_fourier_norm_squared": 107581.0, "measurements": 31968}