{"n": 500, "k": 30, "degree": 4, "C": 0.15, "ratio": 3.0, "sampling_factor": 4.666666666666666, "n_cores": 10, "wait_time": 1000, "time_uncached": 4.100799560546875e-05, "time_cached": 1.6689300537109375e-05, "equality": false, "mse": 100407, "true_fourier_norm_squared": 100407, "computed_fourier_norm_squared": 0, "measurements": 0}