{"n": 500, "k": 30, "degree": 4, "C": 0.8, "ratio": 1.6, "sampling_factor": 3.333333333333333, "n_cores": 10, "wait_time": 1000, "time_uncached": 2233.896260738373, "time_cached": 2188.018369913101, "equality": true, "mse": 0.0, "true_fourier_norm_squared": 100407, "computed_fourier_norm_squared": 100407.0, "measurements": 13888}