{"n": 500, "k": 30, "degree": 5, "C": 1.4, "ratio": 1.6, "sampling_factor": 1.0, "n_cores": 10, "wait_time": 1000, "time_uncached": 28112.426416873932, "time_cached": 28086.589616537094, "equality": false, "mse": 54912.0, "true_fourier_norm_squared": 105143, "computed_fourier_norm_squared": 60547.0, "measurements": 9984}