{"n": 500, "k": 30, "degree": 4, "C": 1.2, "ratio": 1.6, "sampling_factor": 3.333333333333333, "n_cores": 10, "wait_time": 1000, "time_uncached": 4133.707703590393, "time_cached": 3892.118716478348, "equality": true, "mse": 0.0, "true_fourier_norm_squared": 100407, "computed_fourier_norm_squared": 100407.0, "measurements": 24304}