{"n": 500, "k": 30, "degree": 5, "C": 1.8, "ratio": 1.6, "sampling_factor": 1.2, "n_cores": 10, "wait_time": 1000, "time_uncached": 31061.835667848587, "time_cached": 31028.496485233307, "equality": false, "mse": 39392.0, "true_fourier_norm_squared": 105143, "computed_fourier_norm_squared": 65751.0, "measurements": 14880}