{"n": 500, "k": 30, "degree": 3, "C": 2.0, "ratio": 3.0, "sampling_factor": 0.2, "n_cores": 10, "wait_time": 100, "time_uncached": 7.746657609939575, "time_cached": 1.2854876518249512, "equality": false, "mse": 493848.0, "true_fourier_norm_squared": 124915, "computed_fourier_norm_squared": 381067.0, "measurements": 1056}