{"n": 500, "k": 30, "degree": 3, "C": 1.0, "ratio": 3.0, "sampling_factor": 1.8, "n_cores": 10, "wait_time": 100, "time_uncached": 169.21456170082092, "time_cached": 148.0914237499237, "equality": false, "mse": 40952.0, "true_fourier_norm_squared": 124915, "computed_fourier_norm_squared": 120433.0, "measurements": 4416}