{"n": 500, "k": 30, "degree": 4, "C": 0.2, "ratio": 1.1, "sampling_factor": 0.4, "n_cores": 10, "wait_time": 1000, "time_uncached": 584.8340513706207, "time_cached": 577.5438466072083, "equality": false, "mse": 537720.0, "true_fourier_norm_squared": 100407, "computed_fourier_norm_squared": 437313.0, "measurements": 648}