{"n": 500, "k": 30, "degree": 2, "C": 0.6, "ratio": 1.6, "sampling_factor": 1.4000000000000001, "n_cores": 10, "wait_time": 100, "time_uncached": 39.84265923500061, "time_cached": 23.84728503227234, "equality": false, "mse": 3415.0, "true_fourier_norm_squared": 85352, "computed_fourier_norm_squared": 91257.0, "measurements": 2800}