{"n": 500, "k": 30, "degree": 3, "C": 1.8, "ratio": 3.0, "sampling_factor": 1.4000000000000001, "n_cores": 10, "wait_time": 100, "time_uncached": 175.27540135383606, "time_cached": 149.8097264766693, "equality": false, "mse": 2048.0, "true_fourier_norm_squared": 124915, "computed_fourier_norm_squared": 130995.0, "measurements": 6912}