{"n": 500, "k": 30, "degree": 2, "C": 0.1, "ratio": 1.6, "sampling_factor": 1.4000000000000001, "n_cores": 10, "wait_time": 100, "time_uncached": 6.424710750579834, "time_cached": 5.771670341491699, "equality": false, "mse": 85352, "true_fourier_norm_squared": 85352, "computed_fourier_norm_squared": 0, "measurements": 200}