{"n": 500, "k": 30, "degree": 4, "C": 0.2, "ratio": 1.1, "sampling_factor": 2.888888888888889, "n_cores": 10, "wait_time": 1000, "time_uncached": 13029.41015625, "time_cached": 13002.050487279892, "equality": false, "mse": 47060.0, "true_fourier_norm_squared": 100407, "computed_fourier_norm_squared": 60729.0, "measurements": 4512}