{"n": 500, "k": 30, "degree": 4, "C": 2.0, "ratio": 1.6, "sampling_factor": 4.222222222222222, "n_cores": 10, "wait_time": 1000, "time_uncached": 1204.2058322429657, "time_cached": 1061.6103241443634, "equality": true, "mse": 0.0, "true_fourier_norm_squared": 100407, "computed_fourier_norm_squared": 100407.0, "measurements": 44000}