{"n": 500, "k": 30, "degree": 2, "C": 1.6, "ratio": 3.0, "sampling_factor": 1.4000000000000001, "n_cores": 10, "wait_time": 100, "time_uncached": 19.964011669158936, "time_cached": 7.727896213531494, "equality": false, "mse": 11919.0, "true_fourier_norm_squared": 85352, "computed_fourier_norm_squared": 94651.0, "measurements": 4000}