{"n": 500, "k": 30, "degree": 5, "C": 1.6, "ratio": 3.0, "sampling_factor": 1.8, "n_cores": 10, "wait_time": 1000, "time_uncached": 9781.384845733643, "time_cached": 9725.725847005844, "equality": false, "mse": 14072.0, "true_fourier_norm_squared": 105143, "computed_fourier_norm_squared": 90519.0, "measurements": 11120}