{"n": 500, "k": 30, "degree": 4, "C": 0.8, "ratio": 1.1, "sampling_factor": 3.333333333333333, "n_cores": 10, "wait_time": 1000, "time_uncached": 5642.842045545578, "time_cached": 5572.035439968109, "equality": false, "mse": 4626.0, "true_fourier_norm_squared": 100407, "computed_fourier_norm_squared": 89559.0, "measurements": 20832}