{"n": 500, "k": 30, "degree": 4, "C": 1.2, "ratio": 1.6, "sampling_factor": 4.666666666666666, "n_cores": 10, "wait_time": 1000, "time_uncached": 3557.479676246643, "time_cached": 3351.083612680435, "equality": false, "mse": 722.0, "true_fourier_norm_squared": 100407, "computed_fourier_norm_squared": 98257.0, "measurements": 34048}