{"n": 500, "k": 30, "degree": 4, "C": 4.0, "ratio": 1.6, "sampling_factor": 4.666666666666666, "n_cores": 10, "wait_time": 1000, "time_uncached": 3496.783652305603, "time_cached": 3160.337475299835, "equality": true, "mse": 0.0, "true_fourier_norm_squared": 100407, "computed_fourier_norm_squared": 100407.0, "measurements": 97280}