{"n": 500, "k": 30, "degree": 5, "C": 1.6, "ratio": 3.0, "sampling_factor": 0.4, "n_cores": 10, "wait_time": 1000, "time_uncached": 3459.3964407444, "time_cached": 3524.8030049800873, "equality": false, "mse": 207175.0, "true_fourier_norm_squared": 105143, "computed_fourier_norm_squared": 184944.0, "measurements": 2480}