{"n": 500, "k": 30, "degree": 3, "C": 0.6, "ratio": 1.1, "sampling_factor": 1.4000000000000001, "n_cores": 10, "wait_time": 100, "time_uncached": 255.10444283485413, "time_cached": 216.9204399585724, "equality": false, "mse": 7270.0, "true_fourier_norm_squared": 124915, "computed_fourier_norm_squared": 115575.0, "measurements": 5760}