{"n": 500, "k": 30, "degree": 2, "C": 0.8, "ratio": 3.0, "sampling_factor": 1.4000000000000001, "n_cores": 10, "wait_time": 100, "time_uncached": 12.148892879486084, "time_cached": 6.787064075469971, "equality": false, "mse": 39295.0, "true_fourier_norm_squared": 85352, "computed_fourier_norm_squared": 71953.0, "measurements": 1600}