{"n": 50, "k": 30, "degree": 2, "C": 0.2, "ratio": 1.1, "sampling_factor": 0.2, "n_cores": 10, "wait_time": 100, "time_uncached": 0.19901108741760254, "time_cached": 0.11255097389221191, "equality": false, "mse": 567944.0, "true_fourier_norm_squared": 87983, "computed_fourier_norm_squared": 576187.0, "measurements": 120}