{"n": 500, "k": 30, "degree": 4, "C": 2.0, "ratio": 1.1, "sampling_factor": 1.4000000000000001, "n_cores": 10, "wait_time": 1000, "time_uncached": 10620.804005384445, "time_cached": 11034.164281368256, "equality": false, "mse": 1026.0, "true_fourier_norm_squared": 100407, "computed_fourier_norm_squared": 101199.0, "measurements": 17664}