{"n": 500, "k": 30, "degree": 5, "C": 0.4, "ratio": 1.1, "sampling_factor": 1.4000000000000001, "n_cores": 10, "wait_time": 1000, "time_uncached": 19025.585131645203, "time_cached": 19009.09482049942, "equality": false, "mse": 54425.0, "true_fourier_norm_squared": 105143, "computed_fourier_norm_squared": 46860.0, "measurements": 5184}