{"n": 500, "k": 30, "degree": 5, "C": 1.2, "ratio": 3.0, "sampling_factor": 2.0, "n_cores": 10, "wait_time": 1000, "time_uncached": 9858.064543485641, "time_cached": 9869.920710086823, "equality": false, "mse": 14408.0, "true_fourier_norm_squared": 106623, "computed_fourier_norm_squared": 125819.0, "measurements": 12400}