{"n": 500, "k": 30, "degree": 5, "C": 2.0, "ratio": 3.0, "sampling_factor": 1.2, "n_cores": 10, "wait_time": 1000, "time_uncached": 14420.946924686432, "time_cached": 14708.883852005005, "equality": false, "mse": 30919.0, "true_fourier_norm_squared": 106623, "computed_fourier_norm_squared": 104930.0, "measurements": 8928}