{"n": 500, "k": 30, "degree": 4, "C": 2.0, "ratio": 1.1, "sampling_factor": 5.111111111111111, "n_cores": 10, "wait_time": 1000, "time_uncached": 1928.9773123264313, "time_cached": 1611.0774648189545, "equality": false, "mse": 338.0, "true_fourier_norm_squared": 100407, "computed_fourier_norm_squared": 103995.0, "measurements": 63936}