{"n": 500, "k": 30, "degree": 3, "C": 1.6, "ratio": 3.0, "sampling_factor": 0.8, "n_cores": 10, "wait_time": 100, "time_uncached": 117.23698377609253, "time_cached": 106.4871199131012, "equality": false, "mse": 36741.0, "true_fourier_norm_squared": 124915, "computed_fourier_norm_squared": 177798.0, "measurements": 3280}