{"n": 500, "k": 30, "degree": 4, "C": 1.8, "ratio": 1.6, "sampling_factor": 0.2, "n_cores": 10, "wait_time": 1000, "time_uncached": 17.304572105407715, "time_cached": 4.86046028137207, "equality": false, "mse": 729618.0, "true_fourier_norm_squared": 100407, "computed_fourier_norm_squared": 629211.0, "measurements": 2240}