{"n": 500, "k": 30, "degree": 4, "C": 1.6, "ratio": 3.0, "sampling_factor": 0.2, "n_cores": 10, "wait_time": 1000, "time_uncached": 4.898332118988037, "time_cached": 1.5205638408660889, "equality": false, "mse": 274252.0, "true_fourier_norm_squared": 100407, "computed_fourier_norm_squared": 173845.0, "measurements": 1120}