{"n": 500, "k": 30, "degree": 3, "C": 1.8, "ratio": 1.6, "sampling_factor": 1.4000000000000001, "n_cores": 10, "wait_time": 100, "time_uncached": 222.55908727645874, "time_cached": 183.78029823303223, "equality": true, "mse": 0.0, "true_fourier_norm_squared": 124915, "computed_fourier_norm_squared": 124915.0, "measurements": 11520}