{"n": 500, "k": 30, "degree": 5, "C": 3.0, "ratio": 3.0, "sampling_factor": 1.8, "n_cores": 10, "wait_time": 1000, "time_uncached": 14296.746854305267, "time_cached": 13980.569773674011, "equality": false, "mse": 14136.0, "true_fourier_norm_squared": 105143, "computed_fourier_norm_squared": 91007.0, "measurements": 24464}