{"n": 500, "k": 30, "degree": 5, "C": 2.0, "ratio": 1.6, "sampling_factor": 1.0, "n_cores": 10, "wait_time": 1000, "time_uncached": 18288.532640218735, "time_cached": 18296.189299821854, "equality": false, "mse": 26288.0, "true_fourier_norm_squared": 105143, "computed_fourier_norm_squared": 88255.0, "measurements": 12480}