{"n": 500, "k": 30, "degree": 5, "C": 2.0, "ratio": 3.0, "sampling_factor": 0.2, "n_cores": 10, "wait_time": 1000, "time_uncached": 11.85302472114563, "time_cached": 3.0417332649230957, "equality": false, "mse": 271899.0, "true_fourier_norm_squared": 113260, "computed_fourier_norm_squared": 221063.0, "measurements": 1536}