{"n": 500, "k": 30, "degree": 4, "C": 0.15, "ratio": 1.1, "sampling_factor": 3.7777777777777777, "n_cores": 10, "wait_time": 1000, "time_uncached": 11019.431299209595, "time_cached": 11001.196658372879, "equality": false, "mse": 96904.0, "true_fourier_norm_squared": 100407, "computed_fourier_norm_squared": 12769.0, "measurements": 2952}