{"n": 500, "k": 30, "degree": 4, "C": 1.6, "ratio": 3.0, "sampling_factor": 1.4000000000000001, "n_cores": 10, "wait_time": 1000, "time_uncached": 9648.594544172287, "time_cached": 9673.36577796936, "equality": false, "mse": 17379.0, "true_fourier_norm_squared": 100407, "computed_fourier_norm_squared": 101508.0, "measurements": 7360}