{"n": 500, "k": 30, "degree": 3, "C": 1.6, "ratio": 1.6, "sampling_factor": 0.2, "n_cores": 10, "wait_time": 100, "time_uncached": 5.62746524810791, "time_cached": 1.0676167011260986, "equality": false, "mse": 789600.0, "true_fourier_norm_squared": 124915, "computed_fourier_norm_squared": 700379.0, "measurements": 1408}