{"n": 500, "k": 30, "degree": 4, "C": 0.05, "ratio": 1.1, "sampling_factor": 5.111111111111111, "n_cores": 10, "wait_time": 1000, "time_uncached": 3.838539123535156e-05, "time_cached": 1.4066696166992188e-05, "equality": false, "mse": 100407, "true_fourier_norm_squared": 100407, "computed_fourier_norm_squared": 0, "measurements": 0}