{"n": 500, "k": 30, "degree": 4, "C": 1.0, "ratio": 1.6, "sampling_factor": 0.2, "n_cores": 10, "wait_time": 1000, "time_uncached": 10.062202453613281, "time_cached": 3.438697099685669, "equality": false, "mse": 678956.0, "true_fourier_norm_squared": 100407, "computed_fourier_norm_squared": 578549.0, "measurements": 1120}