{"n": 500, "k": 30, "degree": 5, "C": 1.8, "ratio": 1.6, "sampling_factor": 1.4000000000000001, "n_cores": 10, "wait_time": 1000, "time_uncached": 13966.927546977997, "time_cached": 13256.2891933918, "equality": false, "mse": 8678.0, "true_fourier_norm_squared": 105143, "computed_fourier_norm_squared": 96465.0, "measurements": 17280}