{"n": 500, "k": 30, "degree": 4, "C": 1.4, "ratio": 1.1, "sampling_factor": 0.2, "n_cores": 10, "wait_time": 1000, "time_uncached": 12.30046820640564, "time_cached": 3.769275426864624, "equality": false, "mse": 664384.0, "true_fourier_norm_squared": 100407, "computed_fourier_norm_squared": 563977.0, "measurements": 2688}