{"n": 500, "k": 30, "degree": 3, "C": 1.0, "ratio": 3.0, "sampling_factor": 0.6000000000000001, "n_cores": 10, "wait_time": 100, "time_uncached": 168.6708550453186, "time_cached": 163.91705513000488, "equality": false, "mse": 79292.0, "true_fourier_norm_squared": 124915, "computed_fourier_norm_squared": 173241.0, "measurements": 1488}