{"n": 500, "k": 30, "degree": 3, "C": 1.4, "ratio": 3.0, "sampling_factor": 0.2, "n_cores": 10, "wait_time": 100, "time_uncached": 3.4386470317840576, "time_cached": 0.47865915298461914, "equality": false, "mse": 369110.0, "true_fourier_norm_squared": 124915, "computed_fourier_norm_squared": 251991.0, "measurements": 880}