{"n": 500, "k": 30, "degree": 4, "C": 0.6, "ratio": 3.0, "sampling_factor": 3.333333333333333, "n_cores": 10, "wait_time": 1000, "time_uncached": 3217.7079582214355, "time_cached": 3191.1606335639954, "equality": false, "mse": 47241.0, "true_fourier_norm_squared": 100407, "computed_fourier_norm_squared": 95404.0, "measurements": 6944}