{"n": 500, "k": 30, "degree": 5, "C": 0.8, "ratio": 1.6, "sampling_factor": 1.6, "n_cores": 10, "wait_time": 1000, "time_uncached": 9450.889521837234, "time_cached": 9427.985806941986, "equality": false, "mse": 18606.0, "true_fourier_norm_squared": 105143, "computed_fourier_norm_squared": 104863.0, "measurements": 7936}