{"n": 500, "k": 30, "degree": 4, "C": 0.8, "ratio": 1.1, "sampling_factor": 5.111111111111111, "n_cores": 10, "wait_time": 1000, "time_uncached": 2982.7553403377533, "time_cached": 2843.130934238434, "equality": false, "mse": 578.0, "true_fourier_norm_squared": 100407, "computed_fourier_norm_squared": 101903.0, "measurements": 31968}