{"n": 500, "k": 30, "degree": 5, "C": 3.0, "ratio": 3.0, "sampling_factor": 0.6000000000000001, "n_cores": 10, "wait_time": 1000, "time_uncached": 30032.077015161514, "time_cached": 30003.62133049965, "equality": false, "mse": 49822.0, "true_fourier_norm_squared": 105143, "computed_fourier_norm_squared": 61121.0, "measurements": 8272}