{"n": 500, "k": 30, "degree": 3, "C": 3.0, "ratio": 3.0, "sampling_factor": 1.4000000000000001, "n_cores": 10, "wait_time": 100, "time_uncached": 137.17219829559326, "time_cached": 99.82917046546936, "equality": false, "mse": 441.0, "true_fourier_norm_squared": 124915, "computed_fourier_norm_squared": 124474.0, "measurements": 12672}