{"n": 500, "k": 30, "degree": 5, "C": 0.4, "ratio": 1.6, "sampling_factor": 1.0, "n_cores": 10, "wait_time": 1000, "time_uncached": 17740.194094657898, "time_cached": 17136.890141010284, "equality": false, "mse": 64246.0, "true_fourier_norm_squared": 105143, "computed_fourier_norm_squared": 84605.0, "measurements": 2496}