{"n": 500, "k": 30, "degree": 5, "C": 1.4, "ratio": 1.6, "sampling_factor": 0.2, "n_cores": 10, "wait_time": 1000, "time_uncached": 20.605305433273315, "time_cached": 8.661900281906128, "equality": false, "mse": 771397.0, "true_fourier_norm_squared": 105143, "computed_fourier_norm_squared": 712776.0, "measurements": 2048}