{"n": 500, "k": 30, "degree": 2, "C": 0.4, "ratio": 1.6, "sampling_factor": 0.2, "n_cores": 10, "wait_time": 100, "time_uncached": 1.2480878829956055, "time_cached": 0.4280362129211426, "equality": false, "mse": 928936.0, "true_fourier_norm_squared": 85352, "computed_fourier_norm_squared": 876408.0, "measurements": 256}