{"n": 500, "k": 30, "degree": 5, "C": 3.0, "ratio": 3.0, "sampling_factor": 0.8, "n_cores": 10, "wait_time": 1000, "time_uncached": 29042.25553750992, "time_cached": 29004.480932712555, "equality": false, "mse": 50420.0, "true_fourier_norm_squared": 105143, "computed_fourier_norm_squared": 67789.0, "measurements": 10912}