{"n": 500, "k": 30, "degree": 5, "C": 3.0, "ratio": 3.0, "sampling_factor": 2.0, "n_cores": 10, "wait_time": 1000, "time_uncached": 13133.267279863358, "time_cached": 12431.870863199234, "equality": false, "mse": 5672.0, "true_fourier_norm_squared": 106623, "computed_fourier_norm_squared": 100951.0, "measurements": 27280}