{"n": 500, "k": 30, "degree": 5, "C": 1.0, "ratio": 3.0, "sampling_factor": 0.8, "n_cores": 10, "wait_time": 1000, "time_uncached": 19682.877319812775, "time_cached": 19698.12967801094, "equality": false, "mse": 70517.0, "true_fourier_norm_squared": 105143, "computed_fourier_norm_squared": 59512.0, "measurements": 2976}