{"n": 500, "k": 30, "degree": 4, "C": 0.15, "ratio": 1.1, "sampling_factor": 0.2, "n_cores": 10, "wait_time": 1000, "time_uncached": 1.2765834331512451, "time_cached": 0.6192479133605957, "equality": false, "mse": 671686.0, "true_fourier_norm_squared": 100407, "computed_fourier_norm_squared": 571279.0, "measurements": 168}