{"n": 500, "k": 30, "degree": 5, "C": 0.4, "ratio": 1.1, "sampling_factor": 1.6, "n_cores": 10, "wait_time": 1000, "time_uncached": 17053.261122703552, "time_cached": 17033.28220653534, "equality": false, "mse": 39389.0, "true_fourier_norm_squared": 105143, "computed_fourier_norm_squared": 60790.0, "measurements": 5952}