{"n": 500, "k": 30, "degree": 5, "C": 1.6, "ratio": 1.6, "sampling_factor": 0.8, "n_cores": 10, "wait_time": 1000, "time_uncached": 30034.341153383255, "time_cached": 30003.98341703415, "equality": false, "mse": 56654.0, "true_fourier_norm_squared": 105143, "computed_fourier_norm_squared": 48489.0, "measurements": 7936}