{"n": 500, "k": 30, "degree": 4, "C": 1.4, "ratio": 1.6, "sampling_factor": 1.4000000000000001, "n_cores": 10, "wait_time": 1000, "time_uncached": 11850.090759515762, "time_cached": 12017.059908390045, "equality": false, "mse": 784.0, "true_fourier_norm_squared": 100407, "computed_fourier_norm_squared": 99623.0, "measurements": 11776}