{"n": 500, "k": 30, "degree": 4, "C": 0.8, "ratio": 1.6, "sampling_factor": 4.222222222222222, "n_cores": 10, "wait_time": 1000, "time_uncached": 2238.79226398468, "time_cached": 2186.606460571289, "equality": false, "mse": 576.0, "true_fourier_norm_squared": 100407, "computed_fourier_norm_squared": 96063.0, "measurements": 17600}