{"n": 500, "k": 30, "degree": 4, "C": 0.8, "ratio": 1.1, "sampling_factor": 1.2, "n_cores": 10, "wait_time": 1000, "time_uncached": 14501.157151222229, "time_cached": 13899.057896852493, "equality": false, "mse": 1009.0, "true_fourier_norm_squared": 100407, "computed_fourier_norm_squared": 99398.0, "measurements": 7584}