{"n": 500, "k": 30, "degree": 5, "C": 1.8, "ratio": 3.0, "sampling_factor": 1.4000000000000001, "n_cores": 10, "wait_time": 1000, "time_uncached": 10219.333992958069, "time_cached": 10173.631288528442, "equality": false, "mse": 26967.0, "true_fourier_norm_squared": 105143, "computed_fourier_norm_squared": 81478.0, "measurements": 10368}