{"n": 500, "k": 30, "degree": 2, "C": 2.0, "ratio": 3.0, "sampling_factor": 0.6000000000000001, "n_cores": 10, "wait_time": 100, "time_uncached": 15.879168033599854, "time_cached": 9.212031841278076, "equality": false, "mse": 16703.0, "true_fourier_norm_squared": 81659, "computed_fourier_norm_squared": 69496.0, "measurements": 2112}