{"n": 500, "k": 30, "degree": 5, "C": 3.0, "ratio": 1.6, "sampling_factor": 2.0, "n_cores": 10, "wait_time": 1000, "time_uncached": 13458.960916042328, "time_cached": 13235.24786400795, "equality": false, "mse": 15859.0, "true_fourier_norm_squared": 105143, "computed_fourier_norm_squared": 89284.0, "measurements": 39680}