{"n": 500, "k": 30, "degree": 4, "C": 2.0, "ratio": 1.6, "sampling_factor": 5.555555555555555, "n_cores": 10, "wait_time": 1000, "time_uncached": 1531.3774900436401, "time_cached": 1351.5547814369202, "equality": true, "mse": 0.0, "true_fourier_norm_squared": 100407, "computed_fourier_norm_squared": 100407.0, "measurements": 57920}