{"n": 500, "k": 30, "degree": 4, "C": 0.15, "ratio": 1.1, "sampling_factor": 0.6000000000000001, "n_cores": 10, "wait_time": 1000, "time_uncached": 10854.946588277817, "time_cached": 10284.71655511856, "equality": false, "mse": 92655.0, "true_fourier_norm_squared": 100407, "computed_fourier_norm_squared": 4624.0, "measurements": 480}