{"n": 500, "k": 30, "degree": 5, "C": 1.2, "ratio": 1.6, "sampling_factor": 1.4000000000000001, "n_cores": 10, "wait_time": 1000, "time_uncached": 16055.683349609375, "time_cached": 15816.637902975082, "equality": false, "mse": 11242.0, "true_fourier_norm_squared": 105143, "computed_fourier_norm_squared": 102889.0, "measurements": 12096}