{"n": 500, "k": 30, "degree": 3, "C": 1.6, "ratio": 3.0, "sampling_factor": 1.8, "n_cores": 10, "wait_time": 100, "time_uncached": 145.65555667877197, "time_cached": 123.29268217086792, "equality": false, "mse": 4608.0, "true_fourier_norm_squared": 124915, "computed_fourier_norm_squared": 118675.0, "measurements": 7360}