{"n": 500, "k": 30, "degree": 3, "C": 0.2, "ratio": 1.1, "sampling_factor": 2.0, "n_cores": 10, "wait_time": 100, "time_uncached": 167.65979051589966, "time_cached": 159.05112862586975, "equality": false, "mse": 97644.0, "true_fourier_norm_squared": 124915, "computed_fourier_norm_squared": 68123.0, "measurements": 2472}