{"n": 500, "k": 30, "degree": 4, "C": 1.2, "ratio": 1.6, "sampling_factor": 4.222222222222222, "n_cores": 10, "wait_time": 1000, "time_uncached": 1214.7479603290558, "time_cached": 1004.6383421421051, "equality": true, "mse": 0.0, "true_fourier_norm_squared": 100407, "computed_fourier_norm_squared": 100407.0, "measurements": 30800}