{"n": 500, "k": 30, "degree": 4, "C": 0.4, "ratio": 3.0, "sampling_factor": 4.222222222222222, "n_cores": 10, "wait_time": 1000, "time_uncached": 4205.661712646484, "time_cached": 4193.661696910858, "equality": false, "mse": 57532.0, "true_fourier_norm_squared": 100407, "computed_fourier_norm_squared": 55603.0, "measurements": 4400}