{"n": 500, "k": 30, "degree": 4, "C": 0.4, "ratio": 3.0, "sampling_factor": 4.666666666666666, "n_cores": 10, "wait_time": 1000, "time_uncached": 854.7003719806671, "time_cached": 825.6687109470367, "equality": false, "mse": 32427.0, "true_fourier_norm_squared": 100407, "computed_fourier_norm_squared": 73684.0, "measurements": 4864}