{"n": 500, "k": 30, "degree": 4, "C": 1.0, "ratio": 3.0, "sampling_factor": 2.888888888888889, "n_cores": 10, "wait_time": 1000, "time_uncached": 7202.31299829483, "time_cached": 7160.364114522934, "equality": false, "mse": 22550.0, "true_fourier_norm_squared": 100407, "computed_fourier_norm_squared": 100253.0, "measurements": 9024}