{"n": 500, "k": 30, "degree": 4, "C": 0.2, "ratio": 1.1, "sampling_factor": 0.6000000000000001, "n_cores": 10, "wait_time": 1000, "time_uncached": 12349.451077222824, "time_cached": 12689.783522367477, "equality": false, "mse": 78566.0, "true_fourier_norm_squared": 100407, "computed_fourier_norm_squared": 34315.0, "measurements": 960}