{"n": 500, "k": 30, "degree": 4, "C": 0.6, "ratio": 1.6, "sampling_factor": 4.666666666666666, "n_cores": 10, "wait_time": 1000, "time_uncached": 4907.976830482483, "time_cached": 4876.459665060043, "equality": false, "mse": 3357.0, "true_fourier_norm_squared": 100407, "computed_fourier_norm_squared": 97062.0, "measurements": 17024}