{"n": 500, "k": 30, "degree": 2, "C": 0.8, "ratio": 1.6, "sampling_factor": 0.6000000000000001, "n_cores": 10, "wait_time": 100, "time_uncached": 9.779999017715454, "time_cached": 5.47814416885376, "equality": false, "mse": 10651.0, "true_fourier_norm_squared": 85352, "computed_fourier_norm_squared": 71661.0, "measurements": 1408}