{"n": 500, "k": 30, "degree": 4, "C": 3.0, "ratio": 1.1, "sampling_factor": 0.2, "n_cores": 10, "wait_time": 1000, "time_uncached": 21.541372537612915, "time_cached": 4.571721315383911, "equality": false, "mse": 952542.0, "true_fourier_norm_squared": 100407, "computed_fourier_norm_squared": 852135.0, "measurements": 5376}