{"n": 500, "k": 30, "degree": 3, "C": 0.1, "ratio": 3.0, "sampling_factor": 1.4000000000000001, "n_cores": 10, "wait_time": 100, "time_uncached": 3.218650817871094e-05, "time_cached": 1.3589859008789062e-05, "equality": false, "mse": 124915, "true_fourier_norm_squared": 124915, "computed_fourier_norm_squared": 0, "measurements": 0}