{"n": 500, "k": 30, "degree": 3, "C": 1.2, "ratio": 3.0, "sampling_factor": 0.2, "n_cores": 10, "wait_time": 100, "time_uncached": 6.576723337173462, "time_cached": 1.2091410160064697, "equality": false, "mse": 501982.0, "true_fourier_norm_squared": 124915, "computed_fourier_norm_squared": 382685.0, "measurements": 880}