{"n": 500, "k": 30, "degree": 5, "C": 0.6, "ratio": 3.0, "sampling_factor": 0.2, "n_cores": 10, "wait_time": 1000, "time_uncached": 2.2364299297332764, "time_cached": 0.6457338333129883, "equality": false, "mse": 175172.0, "true_fourier_norm_squared": 105143, "computed_fourier_norm_squared": 109913.0, "measurements": 512}