{"n": 500, "k": 30, "degree": 5, "C": 2.0, "ratio": 3.0, "sampling_factor": 0.6000000000000001, "n_cores": 10, "wait_time": 1000, "time_uncached": 23019.117923259735, "time_cached": 23536.60544514656, "equality": false, "mse": 68721.0, "true_fourier_norm_squared": 105143, "computed_fourier_norm_squared": 47428.0, "measurements": 4512}