{"n": 500, "k": 30, "degree": 2, "C": 3.0, "ratio": 1.1, "sampling_factor": 0.2, "n_cores": 10, "wait_time": 100, "time_uncached": 12.723077058792114, "time_cached": 2.1673457622528076, "equality": false, "mse": 603584.0, "true_fourier_norm_squared": 82520, "computed_fourier_norm_squared": 530136.0, "measurements": 3072}