{"n": 500, "k": 30, "degree": 4, "C": 3.0, "ratio": 1.1, "sampling_factor": 4.222222222222222, "n_cores": 10, "wait_time": 1000, "time_uncached": 2298.6993124485016, "time_cached": 1949.3484547138214, "equality": true, "mse": 0.0, "true_fourier_norm_squared": 100407, "computed_fourier_norm_squared": 100407.0, "measurements": 105600}