{"n": 500, "k": 30, "degree": 5, "C": 0.4, "ratio": 1.1, "sampling_factor": 2.0, "n_cores": 10, "wait_time": 1000, "time_uncached": 13768.159842729568, "time_cached": 13917.189435482025, "equality": false, "mse": 10978.0, "true_fourier_norm_squared": 105143, "computed_fourier_norm_squared": 90765.0, "measurements": 7440}