{"n": 500, "k": 30, "degree": 5, "C": 2.0, "ratio": 1.1, "sampling_factor": 0.6000000000000001, "n_cores": 10, "wait_time": 1000, "time_uncached": 30428.86639881134, "time_cached": 30442.505660533905, "equality": false, "mse": 45702.0, "true_fourier_norm_squared": 105143, "computed_fourier_norm_squared": 58109.0, "measurements": 9024}