{"n": 500, "k": 30, "degree": 5, "C": 1.2, "ratio": 1.1, "sampling_factor": 2.0, "n_cores": 10, "wait_time": 1000, "time_uncached": 11904.372592449188, "time_cached": 11801.131817102432, "equality": false, "mse": 15277.0, "true_fourier_norm_squared": 105143, "computed_fourier_norm_squared": 90662.0, "measurements": 24800}