{"n": 500, "k": 30, "degree": 4, "C": 0.15, "ratio": 1.6, "sampling_factor": 0.4, "n_cores": 10, "wait_time": 1000, "time_uncached": 149.62669157981873, "time_cached": 149.9308638572693, "equality": false, "mse": 178628.0, "true_fourier_norm_squared": 100407, "computed_fourier_norm_squared": 78221.0, "measurements": 108}