{"n": 500, "k": 30, "degree": 4, "C": 3.0, "ratio": 1.1, "sampling_factor": 1.4000000000000001, "n_cores": 10, "wait_time": 1000, "time_uncached": 10261.374402046204, "time_cached": 9991.131672382355, "equality": false, "mse": 5184.0, "true_fourier_norm_squared": 100407, "computed_fourier_norm_squared": 95223.0, "measurements": 35328}