{"n": 500, "k": 30, "degree": 4, "C": 4.0, "ratio": 1.6, "sampling_factor": 4.222222222222222, "n_cores": 10, "wait_time": 1000, "time_uncached": 1450.6533155441284, "time_cached": 1165.4295151233673, "equality": true, "mse": 0.0, "true_fourier_norm_squared": 100407, "computed_fourier_norm_squared": 100407.0, "measurements": 88000}