{"n": 500, "k": 30, "degree": 3, "C": 0.15, "ratio": 1.6, "sampling_factor": 0.6000000000000001, "n_cores": 10, "wait_time": 100, "time_uncached": 54.99414253234863, "time_cached": 53.4156277179718, "equality": false, "mse": 124915, "true_fourier_norm_squared": 124915, "computed_fourier_norm_squared": 0, "measurements": 124}