{"n": 500, "k": 30, "degree": 2, "C": 0.4, "ratio": 1.1, "sampling_factor": 1.4000000000000001, "n_cores": 10, "wait_time": 100, "time_uncached": 29.115387439727783, "time_cached": 22.024378538131714, "equality": false, "mse": 27743.0, "true_fourier_norm_squared": 85352, "computed_fourier_norm_squared": 63959.0, "measurements": 2400}