{"n": 500, "k": 30, "degree": 3, "C": 0.8, "ratio": 1.1, "sampling_factor": 1.4000000000000001, "n_cores": 10, "wait_time": 100, "time_uncached": 290.0134778022766, "time_cached": 252.91238713264465, "equality": false, "mse": 9097.0, "true_fourier_norm_squared": 124915, "computed_fourier_norm_squared": 113514.0, "measurements": 6912}