{"n": 500, "k": 30, "degree": 4, "C": 1.8, "ratio": 3.0, "sampling_factor": 0.8, "n_cores": 10, "wait_time": 1000, "time_uncached": 11164.480417966843, "time_cached": 11403.611237049103, "equality": false, "mse": 12108.0, "true_fourier_norm_squared": 100407, "computed_fourier_norm_squared": 108683.0, "measurements": 5088}