{"n": 500, "k": 30, "degree": 4, "C": 0.6, "ratio": 3.0, "sampling_factor": 2.888888888888889, "n_cores": 10, "wait_time": 1000, "time_uncached": 4118.914531946182, "time_cached": 4100.4141590595245, "equality": false, "mse": 36611.0, "true_fourier_norm_squared": 100407, "computed_fourier_norm_squared": 85510.0, "measurements": 6016}