{"n": 500, "k": 30, "degree": 4, "C": 0.8, "ratio": 1.1, "sampling_factor": 4.222222222222222, "n_cores": 10, "wait_time": 1000, "time_uncached": 3424.4678208827972, "time_cached": 3300.2294952869415, "equality": false, "mse": 387.0, "true_fourier_norm_squared": 100407, "computed_fourier_norm_squared": 97740.0, "measurements": 26400}