{"n": 500, "k": 30, "degree": 4, "C": 0.2, "ratio": 1.6, "sampling_factor": 2.888888888888889, "n_cores": 10, "wait_time": 1000, "time_uncached": 7007.434434890747, "time_cached": 7000.704941034317, "equality": false, "mse": 75643.0, "true_fourier_norm_squared": 100407, "computed_fourier_norm_squared": 30810.0, "measurements": 2256}