{"n": 500, "k": 30, "degree": 5, "C": 1.6, "ratio": 1.6, "sampling_factor": 0.6000000000000001, "n_cores": 10, "wait_time": 1000, "time_uncached": 30034.387588739395, "time_cached": 30012.313472032547, "equality": false, "mse": 56651.0, "true_fourier_norm_squared": 105143, "computed_fourier_norm_squared": 54282.0, "measurements": 6016}