{"n": 500, "k": 30, "degree": 4, "C": 3.0, "ratio": 1.6, "sampling_factor": 1.0, "n_cores": 10, "wait_time": 100, "time_uncached": 2695.6125769615173, "time_cached": 2593.8843088150024, "equality": false, "mse": 29962.0, "true_fourier_norm_squared": 96430, "computed_fourier_norm_squared": 66468.0, "measurements": 16896}