{"n": 500, "k": 30, "degree": 2, "C": 0.4, "ratio": 3.0, "sampling_factor": 0.2, "n_cores": 10, "wait_time": 100, "time_uncached": 0.6430692672729492, "time_cached": 0.24514174461364746, "equality": false, "mse": 177342.0, "true_fourier_norm_squared": 85352, "computed_fourier_norm_squared": 99092.0, "measurements": 128}