{"n": 500, "k": 30, "degree": 4, "C": 1.8, "ratio": 3.0, "sampling_factor": 0.6000000000000001, "n_cores": 10, "wait_time": 100, "time_uncached": 2114.404448747635, "time_cached": 2102.366320848465, "equality": false, "mse": 57887.0, "true_fourier_norm_squared": 96430, "computed_fourier_norm_squared": 86599.0, "measurements": 3840}