{"n": 500, "k": 30, "degree": 4, "C": 1.6, "ratio": 1.6, "sampling_factor": 0.6000000000000001, "n_cores": 10, "wait_time": 100, "time_uncached": 3255.166701078415, "time_cached": 2928.584665298462, "equality": false, "mse": 28319.0, "true_fourier_norm_squared": 96430, "computed_fourier_norm_squared": 68111.0, "measurements": 5120}