{"n": 500, "k": 30, "degree": 4, "C": 1.2, "ratio": 1.1, "sampling_factor": 2.888888888888889, "n_cores": 10, "wait_time": 1000, "time_uncached": 7856.6433272361755, "time_cached": 7840.122239112854, "equality": true, "mse": 9.0, "true_fourier_norm_squared": 100407, "computed_fourier_norm_squared": 99846.0, "measurements": 30080}