{"n": 500, "k": 30, "degree": 4, "C": 4.0, "ratio": 1.1, "sampling_factor": 2.4444444444444446, "n_cores": 10, "wait_time": 1000, "time_uncached": 7763.371829509735, "time_cached": 7043.747693061829, "equality": false, "mse": 4225.0, "true_fourier_norm_squared": 100407, "computed_fourier_norm_squared": 116722.0, "measurements": 61056}