{"n": 500, "k": 30, "degree": 5, "C": 2.0, "ratio": 1.1, "sampling_factor": 1.8, "n_cores": 10, "wait_time": 1000, "time_uncached": 11031.825942993164, "time_cached": 9272.975461483002, "equality": false, "mse": 162.0, "true_fourier_norm_squared": 105143, "computed_fourier_norm_squared": 106259.0, "measurements": 26688}