{"n": 500, "k": 30, "degree": 4, "C": 0.2, "ratio": 1.6, "sampling_factor": 5.111111111111111, "n_cores": 10, "wait_time": 1000, "time_uncached": 9521.066987752914, "time_cached": 9488.412100076675, "equality": false, "mse": 99327.0, "true_fourier_norm_squared": 100407, "computed_fourier_norm_squared": 36.0, "measurements": 3996}