{"n": 500, "k": 30, "degree": 5, "C": 1.0, "ratio": 3.0, "sampling_factor": 1.4000000000000001, "n_cores": 10, "wait_time": 1000, "time_uncached": 11802.897144556046, "time_cached": 11674.336817741394, "equality": false, "mse": 41196.0, "true_fourier_norm_squared": 105143, "computed_fourier_norm_squared": 111983.0, "measurements": 5184}