{"n": 500, "k": 30, "degree": 3, "C": 0.6, "ratio": 3.0, "sampling_factor": 1.6, "n_cores": 10, "wait_time": 100, "time_uncached": 163.16312742233276, "time_cached": 150.61799240112305, "equality": false, "mse": 43019.0, "true_fourier_norm_squared": 128947, "computed_fourier_norm_squared": 120172.0, "measurements": 2624}