{"n": 500, "k": 30, "degree": 4, "C": 3.0, "ratio": 1.1, "sampling_factor": 0.4, "n_cores": 10, "wait_time": 1000, "time_uncached": 2777.106126308441, "time_cached": 2796.0177540779114, "equality": false, "mse": 500095.0, "true_fourier_norm_squared": 100407, "computed_fourier_norm_squared": 417738.0, "measurements": 10368}