{"n": 500, "k": 30, "degree": 3, "C": 1.8, "ratio": 3.0, "sampling_factor": 2.0, "n_cores": 10, "wait_time": 100, "time_uncached": 160.37263131141663, "time_cached": 124.2990665435791, "equality": false, "mse": 10082.0, "true_fourier_norm_squared": 124915, "computed_fourier_norm_squared": 113697.0, "measurements": 9888}