{"n": 50, "k": 30, "degree": 2, "C": 0.15, "ratio": 3.0, "sampling_factor": 1.0999999999999999, "n_cores": 10, "wait_time": 100, "time_uncached": 2.7894973754882812e-05, "time_cached": 1.2159347534179688e-05, "equality": false, "mse": 84879, "true_fourier_norm_squared": 84879, "computed_fourier_norm_squared": 0, "measurements": 0}