{"n": 500, "k": 30, "degree": 4, "C": 0.8, "ratio": 1.6, "sampling_factor": 1.4000000000000001, "n_cores": 10, "wait_time": 100, "time_uncached": 2060.0535247325897, "time_cached": 2037.2102315425873, "equality": false, "mse": 47773.0, "true_fourier_norm_squared": 96430, "computed_fourier_norm_squared": 85317.0, "measurements": 5888}