{"n": 500, "k": 30, "degree": 4, "C": 0.4, "ratio": 1.6, "sampling_factor": 1.2, "n_cores": 10, "wait_time": 1000, "time_uncached": 14031.444774389267, "time_cached": 13987.976790189743, "equality": false, "mse": 50125.0, "true_fourier_norm_squared": 100407, "computed_fourier_norm_squared": 38610.0, "measurements": 2528}