{"n": 500, "k": 30, "degree": 3, "C": 1.8, "ratio": 3.0, "sampling_factor": 0.8, "n_cores": 10, "wait_time": 100, "time_uncached": 182.9138147830963, "time_cached": 171.75439023971558, "equality": false, "mse": 13388.0, "true_fourier_norm_squared": 124915, "computed_fourier_norm_squared": 117371.0, "measurements": 3936}