{"n": 500, "k": 30, "degree": 4, "C": 1.6, "ratio": 3.0, "sampling_factor": 4.222222222222222, "n_cores": 10, "wait_time": 1000, "time_uncached": 1864.0680439472198, "time_cached": 1718.9384219646454, "equality": false, "mse": 2136.0, "true_fourier_norm_squared": 100407, "computed_fourier_norm_squared": 96105.0, "measurements": 22000}