{"n": 500, "k": 30, "degree": 4, "C": 0.4, "ratio": 1.1, "sampling_factor": 1.8, "n_cores": 10, "wait_time": 1000, "time_uncached": 13913.721019506454, "time_cached": 14794.822590112686, "equality": false, "mse": 14175.0, "true_fourier_norm_squared": 100407, "computed_fourier_norm_squared": 93280.0, "measurements": 5664}