{"n": 500, "k": 30, "degree": 4, "C": 0.2, "ratio": 1.1, "sampling_factor": 6.0, "n_cores": 10, "wait_time": 1000, "time_uncached": 11795.583802461624, "time_cached": 12216.134727239609, "equality": false, "mse": 47604.0, "true_fourier_norm_squared": 100407, "computed_fourier_norm_squared": 84095.0, "measurements": 9384}