{"n": 500, "k": 30, "degree": 4, "C": 0.4, "ratio": 1.6, "sampling_factor": 0.2, "n_cores": 10, "wait_time": 1000, "time_uncached": 2.775989294052124, "time_cached": 1.3046009540557861, "equality": false, "mse": 509542.0, "true_fourier_norm_squared": 100407, "computed_fourier_norm_squared": 409135.0, "measurements": 448}