{"n": 500, "k": 30, "degree": 3, "C": 0.8, "ratio": 1.1, "sampling_factor": 0.4, "n_cores": 10, "wait_time": 100, "time_uncached": 98.38550901412964, "time_cached": 86.15922236442566, "equality": false, "mse": 591006.0, "true_fourier_norm_squared": 124915, "computed_fourier_norm_squared": 593011.0, "measurements": 2016}