{"n": 500, "k": 30, "degree": 4, "C": 4.0, "ratio": 1.1, "sampling_factor": 5.111111111111111, "n_cores": 10, "wait_time": 1000, "time_uncached": 1713.9609417915344, "time_cached": 1269.6348025798798, "equality": true, "mse": 0.0, "true_fourier_norm_squared": 100407, "computed_fourier_norm_squared": 100407.0, "measurements": 127872}