{"n": 500, "k": 30, "degree": 5, "C": 0.6, "ratio": 1.6, "sampling_factor": 1.4000000000000001, "n_cores": 10, "wait_time": 1000, "time_uncached": 16060.056162118912, "time_cached": 16039.852912664413, "equality": false, "mse": 57124.0, "true_fourier_norm_squared": 105143, "computed_fourier_norm_squared": 42063.0, "measurements": 6048}