{"n": 500, "k": 30, "degree": 5, "C": 0.6, "ratio": 3.0, "sampling_factor": 1.4000000000000001, "n_cores": 10, "wait_time": 1000, "time_uncached": 5151.997149944305, "time_cached": 5137.170622587204, "equality": false, "mse": 63956.0, "true_fourier_norm_squared": 105143, "computed_fourier_norm_squared": 76821.0, "measurements": 3456}