{"n": 500, "k": 30, "degree": 4, "C": 0.6, "ratio": 1.1, "sampling_factor": 0.6000000000000001, "n_cores": 10, "wait_time": 1000, "time_uncached": 16782.020834207535, "time_cached": 17246.197570085526, "equality": false, "mse": 21783.0, "true_fourier_norm_squared": 100407, "computed_fourier_norm_squared": 86532.0, "measurements": 3200}