{"n": 500, "k": 30, "degree": 4, "C": 1.4, "ratio": 3.0, "sampling_factor": 0.6000000000000001, "n_cores": 10, "wait_time": 1000, "time_uncached": 12224.933560371399, "time_cached": 12020.958720207214, "equality": false, "mse": 26822.0, "true_fourier_norm_squared": 100407, "computed_fourier_norm_squared": 76389.0, "measurements": 3200}