{"n": 500, "k": 30, "degree": 4, "C": 2.0, "ratio": 1.1, "sampling_factor": 1.0, "n_cores": 10, "wait_time": 1000, "time_uncached": 12125.575694322586, "time_cached": 11813.742576122284, "equality": false, "mse": 1202.0, "true_fourier_norm_squared": 100407, "computed_fourier_norm_squared": 97599.0, "measurements": 12672}