{"n": 500, "k": 30, "degree": 3, "C": 1.4, "ratio": 3.0, "sampling_factor": 2.0, "n_cores": 10, "wait_time": 100, "time_uncached": 145.59031701087952, "time_cached": 116.00379419326782, "equality": false, "mse": 12719.0, "true_fourier_norm_squared": 124915, "computed_fourier_norm_squared": 115330.0, "measurements": 8240}