{"n": 500, "k": 30, "degree": 5, "C": 3.0, "ratio": 1.6, "sampling_factor": 1.4000000000000001, "n_cores": 10, "wait_time": 1000, "time_uncached": 12174.545717954636, "time_cached": 12089.111860275269, "equality": false, "mse": 2813.0, "true_fourier_norm_squared": 105143, "computed_fourier_norm_squared": 102330.0, "measurements": 27648}