{"n": 500, "k": 30, "degree": 4, "C": 1.0, "ratio": 1.1, "sampling_factor": 2.4444444444444446, "n_cores": 10, "wait_time": 1000, "time_uncached": 7684.604183673859, "time_cached": 7817.3314208984375, "equality": false, "mse": 532.0, "true_fourier_norm_squared": 100407, "computed_fourier_norm_squared": 99851.0, "measurements": 15264}