{"n": 500, "k": 30, "degree": 4, "C": 0.2, "ratio": 1.1, "sampling_factor": 1.8, "n_cores": 10, "wait_time": 1000, "time_uncached": 12890.327127218246, "time_cached": 12970.288595438004, "equality": false, "mse": 53993.0, "true_fourier_norm_squared": 100407, "computed_fourier_norm_squared": 43006.0, "measurements": 2832}