{"n": 500, "k": 30, "degree": 5, "C": 1.0, "ratio": 1.1, "sampling_factor": 1.2, "n_cores": 10, "wait_time": 1000, "time_uncached": 20416.687339782715, "time_cached": 20514.20121240616, "equality": false, "mse": 28693.0, "true_fourier_norm_squared": 106798, "computed_fourier_norm_squared": 78201.0, "measurements": 8928}