{"n": 500, "k": 30, "degree": 4, "C": 0.1, "ratio": 1.1, "sampling_factor": 5.555555555555555, "n_cores": 10, "wait_time": 1000, "time_uncached": 11721.950641155243, "time_cached": 11888.206964731216, "equality": false, "mse": 100407, "true_fourier_norm_squared": 100407, "computed_fourier_norm_squared": 0, "measurements": 4344}