{"n": 500, "k": 30, "degree": 3, "C": 1.8, "ratio": 3.0, "sampling_factor": 1.0, "n_cores": 10, "wait_time": 100, "time_uncached": 127.23733043670654, "time_cached": 111.91396379470825, "equality": false, "mse": 2464.0, "true_fourier_norm_squared": 124915, "computed_fourier_norm_squared": 116987.0, "measurements": 4992}