{"n": 500, "k": 30, "degree": 4, "C": 0.4, "ratio": 1.6, "sampling_factor": 5.111111111111111, "n_cores": 10, "wait_time": 1000, "time_uncached": 9734.950014352798, "time_cached": 9694.425877094269, "equality": false, "mse": 45021.0, "true_fourier_norm_squared": 100407, "computed_fourier_norm_squared": 100940.0, "measurements": 10656}