{"n": 500, "k": 30, "degree": 2, "C": 0.8, "ratio": 1.1, "sampling_factor": 1.4000000000000001, "n_cores": 10, "wait_time": 100, "time_uncached": 28.217853784561157, "time_cached": 13.488422632217407, "equality": false, "mse": 1782.0, "true_fourier_norm_squared": 89383, "computed_fourier_norm_squared": 85837.0, "measurements": 4800}