{"n": 500, "k": 30, "degree": 4, "C": 1.0, "ratio": 1.6, "sampling_factor": 6.0, "n_cores": 10, "wait_time": 1000, "time_uncached": 2322.175374031067, "time_cached": 2108.7374863624573, "equality": false, "mse": 1800.0, "true_fourier_norm_squared": 100407, "computed_fourier_norm_squared": 105867.0, "measurements": 31280}