{"n": 500, "k": 30, "degree": 5, "C": 2.0, "ratio": 3.0, "sampling_factor": 1.8, "n_cores": 10, "wait_time": 1000, "time_uncached": 13536.368708610535, "time_cached": 13416.343745470047, "equality": false, "mse": 37519.0, "true_fourier_norm_squared": 105143, "computed_fourier_norm_squared": 77042.0, "measurements": 13344}