{"n": 500, "k": 30, "degree": 4, "C": 1.0, "ratio": 3.0, "sampling_factor": 6.0, "n_cores": 10, "wait_time": 1000, "time_uncached": 2307.1023881435394, "time_cached": 2247.0793602466583, "equality": false, "mse": 1576.0, "true_fourier_norm_squared": 100407, "computed_fourier_norm_squared": 100589.0, "measurements": 18768}