{"n": 500, "k": 30, "degree": 3, "C": 1.0, "ratio": 3.0, "sampling_factor": 0.2, "n_cores": 10, "wait_time": 100, "time_uncached": 2.362372636795044, "time_cached": 0.6978340148925781, "equality": false, "mse": 424036.0, "true_fourier_norm_squared": 124915, "computed_fourier_norm_squared": 299121.0, "measurements": 528}