{"n": 500, "k": 30, "degree": 4, "C": 2.0, "ratio": 3.0, "sampling_factor": 0.4, "n_cores": 10, "wait_time": 1000, "time_uncached": 1065.1705086231232, "time_cached": 1076.3243851661682, "equality": false, "mse": 397813.0, "true_fourier_norm_squared": 100407, "computed_fourier_norm_squared": 297406.0, "measurements": 2592}