{"n": 500, "k": 30, "degree": 4, "C": 0.6, "ratio": 1.1, "sampling_factor": 1.0, "n_cores": 10, "wait_time": 1000, "time_uncached": 12735.966584920883, "time_cached": 15634.746714115143, "equality": false, "mse": 3662.0, "true_fourier_norm_squared": 100407, "computed_fourier_norm_squared": 96901.0, "measurements": 5280}