{"n": 500, "k": 30, "degree": 5, "C": 0.6, "ratio": 1.6, "sampling_factor": 1.6, "n_cores": 10, "wait_time": 1000, "time_uncached": 17179.722831249237, "time_cached": 17150.397048711777, "equality": false, "mse": 19188.0, "true_fourier_norm_squared": 105143, "computed_fourier_norm_squared": 112749.0, "measurements": 6944}