{"n": 500, "k": 30, "degree": 4, "C": 0.2, "ratio": 1.1, "sampling_factor": 2.4444444444444446, "n_cores": 10, "wait_time": 1000, "time_uncached": 13492.694189786911, "time_cached": 13029.564467191696, "equality": false, "mse": 67806.0, "true_fourier_norm_squared": 100407, "computed_fourier_norm_squared": 56371.0, "measurements": 3816}