{"n": 500, "k": 30, "degree": 4, "C": 1.6, "ratio": 3.0, "sampling_factor": 5.111111111111111, "n_cores": 10, "wait_time": 1000, "time_uncached": 1535.9301669597626, "time_cached": 1495.3977241516113, "equality": false, "mse": 8450.0, "true_fourier_norm_squared": 100407, "computed_fourier_norm_squared": 90657.0, "measurements": 26640}