{"n": 500, "k": 30, "degree": 4, "C": 0.4, "ratio": 1.6, "sampling_factor": 0.6000000000000001, "n_cores": 10, "wait_time": 1000, "time_uncached": 12207.237571954727, "time_cached": 12903.211882352829, "equality": false, "mse": 55841.0, "true_fourier_norm_squared": 100407, "computed_fourier_norm_squared": 37600.0, "measurements": 1280}