{"n": 500, "k": 30, "degree": 5, "C": 0.6, "ratio": 1.6, "sampling_factor": 2.0, "n_cores": 10, "wait_time": 1000, "time_uncached": 14711.783060789108, "time_cached": 14555.40308213234, "equality": false, "mse": 28105.0, "true_fourier_norm_squared": 105143, "computed_fourier_norm_squared": 85076.0, "measurements": 8680}