{"n": 500, "k": 30, "degree": 4, "C": 0.4, "ratio": 3.0, "sampling_factor": 0.6000000000000001, "n_cores": 10, "wait_time": 1000, "time_uncached": 6959.899696350098, "time_cached": 6686.84027838707, "equality": false, "mse": 52811.0, "true_fourier_norm_squared": 100407, "computed_fourier_norm_squared": 61598.0, "measurements": 640}