{"n": 500, "k": 30, "degree": 4, "C": 0.4, "ratio": 1.1, "sampling_factor": 2.0, "n_cores": 10, "wait_time": 1000, "time_uncached": 12146.907244682312, "time_cached": 12709.07518529892, "equality": false, "mse": 33951.0, "true_fourier_norm_squared": 100407, "computed_fourier_norm_squared": 123716.0, "measurements": 6288}