{"n": 500, "k": 30, "degree": 3, "C": 1.8, "ratio": 3.0, "sampling_factor": 0.2, "n_cores": 10, "wait_time": 100, "time_uncached": 4.038356304168701, "time_cached": 0.5571925640106201, "equality": false, "mse": 360452.0, "true_fourier_norm_squared": 124915, "computed_fourier_norm_squared": 249225.0, "measurements": 1056}