{"n": 500, "k": 30, "degree": 4, "C": 1.0, "ratio": 3.0, "sampling_factor": 0.2, "n_cores": 10, "wait_time": 1000, "time_uncached": 5.479684114456177, "time_cached": 1.7520415782928467, "equality": false, "mse": 322250.0, "true_fourier_norm_squared": 100407, "computed_fourier_norm_squared": 221843.0, "measurements": 672}