{"n": 500, "k": 30, "degree": 5, "C": 0.8, "ratio": 1.6, "sampling_factor": 0.4, "n_cores": 10, "wait_time": 1000, "time_uncached": 5105.95317363739, "time_cached": 5043.736890792847, "equality": false, "mse": 639899.0, "true_fourier_norm_squared": 105143, "computed_fourier_norm_squared": 616160.0, "measurements": 1984}