{"n": 500, "k": 30, "degree": 4, "C": 0.1, "ratio": 1.1, "sampling_factor": 0.2, "n_cores": 10, "wait_time": 1000, "time_uncached": 1.1114230155944824, "time_cached": 0.5328984260559082, "equality": false, "mse": 1004916.0, "true_fourier_norm_squared": 100407, "computed_fourier_norm_squared": 904509.0, "measurements": 168}