{"n": 500, "k": 30, "degree": 2, "C": 1.0, "ratio": 1.6, "sampling_factor": 1.4000000000000001, "n_cores": 10, "wait_time": 100, "time_uncached": 31.62399387359619, "time_cached": 19.71328616142273, "equality": false, "mse": 2586.0, "true_fourier_norm_squared": 85352, "computed_fourier_norm_squared": 88010.0, "measurements": 4000}