{"n": 500, "k": 30, "degree": 4, "C": 0.8, "ratio": 3.0, "sampling_factor": 2.4444444444444446, "n_cores": 10, "wait_time": 1000, "time_uncached": 5944.986068487167, "time_cached": 4234.163812875748, "equality": false, "mse": 38125.0, "true_fourier_norm_squared": 100407, "computed_fourier_norm_squared": 77410.0, "measurements": 5088}