{"n": 500, "k": 30, "degree": 4, "C": 0.2, "ratio": 1.1, "sampling_factor": 0.2, "n_cores": 10, "wait_time": 1000, "time_uncached": 2.0502049922943115, "time_cached": 0.9278197288513184, "equality": false, "mse": 791376.0, "true_fourier_norm_squared": 100407, "computed_fourier_norm_squared": 690969.0, "measurements": 336}