{"n": 500, "k": 30, "degree": 4, "C": 0.1, "ratio": 1.1, "sampling_factor": 5.111111111111111, "n_cores": 10, "wait_time": 1000, "time_uncached": 10021.122066259384, "time_cached": 10001.429075479507, "equality": false, "mse": 98928.0, "true_fourier_norm_squared": 100407, "computed_fourier_norm_squared": 2601.0, "measurements": 3996}