{"n": 500, "k": 30, "degree": 3, "C": 0.4, "ratio": 3.0, "sampling_factor": 1.4000000000000001, "n_cores": 10, "wait_time": 100, "time_uncached": 86.78385877609253, "time_cached": 83.48521375656128, "equality": false, "mse": 80132.0, "true_fourier_norm_squared": 124915, "computed_fourier_norm_squared": 99773.0, "measurements": 1152}