{"n": 500, "k": 30, "degree": 4, "C": 1.6, "ratio": 1.6, "sampling_factor": 1.4000000000000001, "n_cores": 10, "wait_time": 100, "time_uncached": 1736.4317169189453, "time_cached": 1560.170048713684, "equality": false, "mse": 26200.0, "true_fourier_norm_squared": 96430, "computed_fourier_norm_squared": 83960.0, "measurements": 11776}