{"n": 500, "k": 30, "degree": 2, "C": 0.6, "ratio": 1.1, "sampling_factor": 0.6000000000000001, "n_cores": 10, "wait_time": 100, "time_uncached": 10.9643714427948, "time_cached": 5.169396162033081, "equality": false, "mse": 2745.0, "true_fourier_norm_squared": 85352, "computed_fourier_norm_squared": 82607.0, "measurements": 1760}