{"n": 500, "k": 30, "degree": 4, "C": 1.4, "ratio": 1.6, "sampling_factor": 3.7777777777777777, "n_cores": 10, "wait_time": 1000, "time_uncached": 2537.820806503296, "time_cached": 2483.43115401268, "equality": false, "mse": 288.0, "true_fourier_norm_squared": 100407, "computed_fourier_norm_squared": 101295.0, "measurements": 31488}