{"n": 500, "k": 30, "degree": 4, "C": 3.0, "ratio": 3.0, "sampling_factor": 1.2, "n_cores": 10, "wait_time": 100, "time_uncached": 2445.3267199993134, "time_cached": 2354.3706250190735, "equality": false, "mse": 28694.0, "true_fourier_norm_squared": 96430, "computed_fourier_norm_squared": 66404.0, "measurements": 13904}