{"n": 500, "k": 30, "degree": 5, "C": 1.0, "ratio": 1.1, "sampling_factor": 0.8, "n_cores": 10, "wait_time": 1000, "time_uncached": 30040.542536735535, "time_cached": 30004.22097849846, "equality": false, "mse": 48949.0, "true_fourier_norm_squared": 105143, "computed_fourier_norm_squared": 55474.0, "measurements": 5952}