{"n": 500, "k": 30, "degree": 5, "C": 1.2, "ratio": 1.1, "sampling_factor": 1.4000000000000001, "n_cores": 10, "wait_time": 1000, "time_uncached": 9915.257295846939, "time_cached": 11123.645639419556, "equality": false, "mse": 4406.0, "true_fourier_norm_squared": 105143, "computed_fourier_norm_squared": 101577.0, "measurements": 17280}