{"n": 500, "k": 30, "degree": 4, "C": 0.6, "ratio": 1.1, "sampling_factor": 5.555555555555555, "n_cores": 10, "wait_time": 1000, "time_uncached": 3800.5319633483887, "time_cached": 3678.4340918064117, "equality": false, "mse": 4802.0, "true_fourier_norm_squared": 100407, "computed_fourier_norm_squared": 103445.0, "measurements": 28960}