{"n": 500, "k": 30, "degree": 2, "C": 0.1, "ratio": 1.6, "sampling_factor": 0.6000000000000001, "n_cores": 10, "wait_time": 100, "time_uncached": 2.1373634338378906, "time_cached": 1.832045555114746, "equality": false, "mse": 81120.0, "true_fourier_norm_squared": 85352, "computed_fourier_norm_squared": 2116.0, "measurements": 88}