{"n": 500, "k": 30, "degree": 5, "C": 1.0, "ratio": 1.1, "sampling_factor": 1.0, "n_cores": 10, "wait_time": 1000, "time_uncached": 22088.356795310974, "time_cached": 20486.57965183258, "equality": false, "mse": 28824.0, "true_fourier_norm_squared": 105143, "computed_fourier_norm_squared": 74939.0, "measurements": 7488}