{"n": 500, "k": 30, "degree": 4, "C": 1.0, "ratio": 1.1, "sampling_factor": 2.0, "n_cores": 10, "wait_time": 1000, "time_uncached": 10210.237674951553, "time_cached": 10495.278513669968, "equality": false, "mse": 1188.0, "true_fourier_norm_squared": 100407, "computed_fourier_norm_squared": 98187.0, "measurements": 12576}