{"n": 500, "k": 30, "degree": 4, "C": 4.0, "ratio": 1.6, "sampling_factor": 2.4444444444444446, "n_cores": 10, "wait_time": 1000, "time_uncached": 4133.767798900604, "time_cached": 4669.045245409012, "equality": true, "mse": 0.0, "true_fourier_norm_squared": 100407, "computed_fourier_norm_squared": 100407.0, "measurements": 50880}