{"n": 500, "k": 30, "degree": 4, "C": 3.0, "ratio": 3.0, "sampling_factor": 3.7777777777777777, "n_cores": 10, "wait_time": 1000, "time_uncached": 3167.6365234851837, "time_cached": 3005.110491514206, "equality": true, "mse": 0.0, "true_fourier_norm_squared": 100407, "computed_fourier_norm_squared": 100407.0, "measurements": 43296}