{"n": 500, "k": 30, "degree": 3, "C": 1.0, "ratio": 1.1, "sampling_factor": 1.2, "n_cores": 10, "wait_time": 100, "time_uncached": 185.60945963859558, "time_cached": 167.23956632614136, "equality": false, "mse": 1800.0, "true_fourier_norm_squared": 124915, "computed_fourier_norm_squared": 117535.0, "measurements": 5952}