{"n": 500, "k": 30, "degree": 4, "C": 2.0, "ratio": 1.1, "sampling_factor": 0.2, "n_cores": 10, "wait_time": 1000, "time_uncached": 20.65508008003235, "time_cached": 5.642754077911377, "equality": false, "mse": 680686.0, "true_fourier_norm_squared": 100407, "computed_fourier_norm_squared": 580279.0, "measurements": 2688}