{"n": 500, "k": 30, "degree": 5, "C": 0.8, "ratio": 1.6, "sampling_factor": 0.6000000000000001, "n_cores": 10, "wait_time": 1000, "time_uncached": 26011.82874894142, "time_cached": 26002.748918771744, "equality": false, "mse": 62009.0, "true_fourier_norm_squared": 105143, "computed_fourier_norm_squared": 83660.0, "measurements": 3008}