{"n": 500, "k": 30, "degree": 4, "C": 0.15, "ratio": 1.6, "sampling_factor": 1.6, "n_cores": 10, "wait_time": 1000, "time_uncached": 3001.7230994701385, "time_cached": 3000.3506619930267, "equality": false, "mse": 94443.0, "true_fourier_norm_squared": 100407, "computed_fourier_norm_squared": 20164.0, "measurements": 420}