{"n": 500, "k": 30, "degree": 3, "C": 1.0, "ratio": 3.0, "sampling_factor": 1.4000000000000001, "n_cores": 10, "wait_time": 100, "time_uncached": 154.52889609336853, "time_cached": 143.2842493057251, "equality": false, "mse": 35307.0, "true_fourier_norm_squared": 124915, "computed_fourier_norm_squared": 130432.0, "measurements": 3456}