{"n": 500, "k": 30, "degree": 5, "C": 1.0, "ratio": 3.0, "sampling_factor": 0.2, "n_cores": 10, "wait_time": 1000, "time_uncached": 4.903181076049805, "time_cached": 2.244462013244629, "equality": false, "mse": 459870.0, "true_fourier_norm_squared": 105143, "computed_fourier_norm_squared": 388259.0, "measurements": 768}