{"n": 500, "k": 30, "degree": 3, "C": 2.0, "ratio": 3.0, "sampling_factor": 1.4000000000000001, "n_cores": 10, "wait_time": 100, "time_uncached": 161.58345890045166, "time_cached": 138.90092062950134, "equality": false, "mse": 1842.0, "true_fourier_norm_squared": 124915, "computed_fourier_norm_squared": 127563.0, "measurements": 6912}