{"n": 500, "k": 30, "degree": 3, "C": 1.8, "ratio": 3.0, "sampling_factor": 1.6, "n_cores": 10, "wait_time": 100, "time_uncached": 161.90748167037964, "time_cached": 129.21601176261902, "equality": false, "mse": 2962.0, "true_fourier_norm_squared": 127754, "computed_fourier_norm_squared": 134804.0, "measurements": 7872}