{"n": 500, "k": 30, "degree": 5, "C": 0.2, "ratio": 1.1, "sampling_factor": 1.4000000000000001, "n_cores": 10, "wait_time": 1000, "time_uncached": 19512.92676138878, "time_cached": 19452.98809838295, "equality": false, "mse": 86865.0, "true_fourier_norm_squared": 105143, "computed_fourier_norm_squared": 26600.0, "measurements": 2592}