{"n": 500, "k": 30, "degree": 4, "C": 0.6, "ratio": 1.6, "sampling_factor": 1.4000000000000001, "n_cores": 10, "wait_time": 1000, "time_uncached": 14882.862537384033, "time_cached": 15053.860074520111, "equality": false, "mse": 28543.0, "true_fourier_norm_squared": 100407, "computed_fourier_norm_squared": 102434.0, "measurements": 5152}