{"n": 500, "k": 30, "degree": 4, "C": 1.8, "ratio": 3.0, "sampling_factor": 1.8, "n_cores": 10, "wait_time": 1000, "time_uncached": 9237.066750526428, "time_cached": 9668.671686649323, "equality": false, "mse": 11234.0, "true_fourier_norm_squared": 100407, "computed_fourier_norm_squared": 108777.0, "measurements": 11328}