{"n": 500, "k": 30, "degree": 4, "C": 4.0, "ratio": 1.1, "sampling_factor": 3.7777777777777777, "n_cores": 10, "wait_time": 1000, "time_uncached": 1858.5112626552582, "time_cached": 1556.3967633247375, "equality": true, "mse": 0.0, "true_fourier_norm_squared": 100407, "computed_fourier_norm_squared": 100407.0, "measurements": 94464}