{"n": 500, "k": 30, "degree": 4, "C": 1.8, "ratio": 3.0, "sampling_factor": 5.111111111111111, "n_cores": 10, "wait_time": 1000, "time_uncached": 1980.9149692058563, "time_cached": 1856.8684301376343, "equality": false, "mse": 6194.0, "true_fourier_norm_squared": 100407, "computed_fourier_norm_squared": 123467.0, "measurements": 31968}