{"n": 500, "k": 30, "degree": 2, "C": 1.8, "ratio": 1.6, "sampling_factor": 0.2, "n_cores": 10, "wait_time": 100, "time_uncached": 5.5947558879852295, "time_cached": 1.4963092803955078, "equality": false, "mse": 634910.0, "true_fourier_norm_squared": 85352, "computed_fourier_norm_squared": 559784.0, "measurements": 1280}