{"n": 500, "k": 30, "degree": 5, "C": 0.4, "ratio": 1.6, "sampling_factor": 1.4000000000000001, "n_cores": 10, "wait_time": 1000, "time_uncached": 18024.983768224716, "time_cached": 18014.24417233467, "equality": false, "mse": 70403.0, "true_fourier_norm_squared": 105143, "computed_fourier_norm_squared": 50514.0, "measurements": 3456}