{"n": 500, "k": 30, "degree": 5, "C": 2.0, "ratio": 1.6, "sampling_factor": 1.2, "n_cores": 10, "wait_time": 1000, "time_uncached": 25812.960179567337, "time_cached": 25768.07356953621, "equality": false, "mse": 24431.0, "true_fourier_norm_squared": 113260, "computed_fourier_norm_squared": 84209.0, "measurements": 14880}