{"n": 500, "k": 30, "degree": 5, "C": 0.15, "ratio": 1.1, "sampling_factor": 1.4000000000000001, "n_cores": 10, "wait_time": 1000, "time_uncached": 12005.52727675438, "time_cached": 12001.199798583984, "equality": false, "mse": 105143, "true_fourier_norm_squared": 105143, "computed_fourier_norm_squared": 0, "measurements": 1296}